TAP version 13
# Subtest: mount(): 헤더(타이틀·부제·탭 3종·검색·CTA)와 통계 카드 4장이 렌더된다
ok 1 - mount(): 헤더(타이틀·부제·탭 3종·검색·CTA)와 통계 카드 4장이 렌더된다
  ---
  duration_ms: 8.0041
  ...
# Subtest: 통계 카드: "진행 중"만 fixture, 나머지 3장은 live로 표시된다(3단계 라이브 승격)
ok 2 - 통계 카드: "진행 중"만 fixture, 나머지 3장은 live로 표시된다(3단계 라이브 승격)
  ---
  duration_ms: 1.1374
  ...
# Subtest: 통계 카드: 데이터가 없을 때 "다음 실행"·"오늘 발화"는 지어낸 값 없이 정직한 빈 상태를 보여준다(P3)
ok 3 - 통계 카드: 데이터가 없을 때 "다음 실행"·"오늘 발화"는 지어낸 값 없이 정직한 빈 상태를 보여준다(P3)
  ---
  duration_ms: 1.3522
  ...
# Subtest: 통계 카드: 예약(scheduled) 라우틴이 있으면 "다음 실행"이 그 next_fire_at으로 채워진다
ok 4 - 통계 카드: 예약(scheduled) 라우틴이 있으면 "다음 실행"이 그 next_fire_at으로 채워진다
  ---
  duration_ms: 30.5762
  ...
# Subtest: 성향 제안 카드만 is-accent가 붙는다
ok 5 - 성향 제안 카드만 is-accent가 붙는다
  ---
  duration_ms: 1.3681
  ...
# Subtest: refresh(): 라우틴을 받아오면 부제(루틴 N · 감시 M)가 채워진다
ok 6 - refresh(): 라우틴을 받아오면 부제(루틴 N · 감시 M)가 채워진다
  ---
  duration_ms: 1.8113
  ...
# Subtest: "모두" 탭: watch 2건 + draft 1건(8단계, ◌ 점선 핑크) + 예약(schedule) 1건이 모두 live로 보인다(3단계)
ok 7 - "모두" 탭: watch 2건 + draft 1건(8단계, ◌ 점선 핑크) + 예약(schedule) 1건이 모두 live로 보인다(3단계)
  ---
  duration_ms: 1.9907
  ...
# Subtest: 예약(schedule) 행에는 live 출처가 코드로 표시된다(3단계 — 더 이상 fixture가 아니다, P3)
ok 8 - 예약(schedule) 행에는 live 출처가 코드로 표시된다(3단계 — 더 이상 fixture가 아니다, P3)
  ---
  duration_ms: 2.3672
  ...
# Subtest: 라이브 라우틴이 하나도 없으면 "조건에 맞는 작업이 없습니다"가 뜬다(예약 fixture 폴백 없음, 3단계)
ok 9 - 라이브 라우틴이 하나도 없으면 "조건에 맞는 작업이 없습니다"가 뜬다(예약 fixture 폴백 없음, 3단계)
  ---
  duration_ms: 1.2275
  ...
# Subtest: 탭 "활성": 감시 active 1건 + 예약(schedule) active 1건이 남는다
ok 10 - 탭 "활성": 감시 active 1건 + 예약(schedule) active 1건이 남는다
  ---
  duration_ms: 3.5136
  ...
# Subtest: 탭 "일시중지": 감시 paused 1건 + 예약(schedule) paused 1건이 남는다
ok 11 - 탭 "일시중지": 감시 paused 1건 + 예약(schedule) paused 1건이 남는다
  ---
  duration_ms: 1.7526
  ...
# Subtest: 예약(schedule) 행은 watch(periodic)와 아이콘 색이 구분된다(사실11⑥, statusRowIcon 3분기)
ok 12 - 예약(schedule) 행은 watch(periodic)와 아이콘 색이 구분된다(사실11⑥, statusRowIcon 3분기)
  ---
  duration_ms: 1.3979
  ...
# Subtest: 검색어를 입력하면 감시·예약 모두에서 제목/부제 부분일치로 좁혀진다
ok 13 - 검색어를 입력하면 감시·예약 모두에서 제목/부제 부분일치로 좁혀진다
  ---
  duration_ms: 2.2658
  ...
# Subtest: 검색 결과가 0건이면 "조건에 맞는 작업이 없습니다"가 뜬다
ok 14 - 검색 결과가 0건이면 "조건에 맞는 작업이 없습니다"가 뜬다
  ---
  duration_ms: 1.181
  ...
# Subtest: 기본으로 첫 행이 선택돼 상세 패널에 채워진다
ok 15 - 기본으로 첫 행이 선택돼 상세 패널에 채워진다
  ---
  duration_ms: 1.4491
  ...
# Subtest: 행을 클릭하면 상세 패널이 그 항목으로 바뀐다
ok 16 - 행을 클릭하면 상세 패널이 그 항목으로 바뀐다
  ---
  duration_ms: 1.9683
  ...
# Subtest: 감시(watch) 상세는 백엔드 실제 필드(소스·쿨다운)만 보여준다 — 지어내지 않는다
ok 17 - 감시(watch) 상세는 백엔드 실제 필드(소스·쿨다운)만 보여준다 — 지어내지 않는다
  ---
  duration_ms: 2.1121
  ...
# Subtest: 예약(schedule) 상세는 백엔드 실제 필드(소스·쿨다운·다음 실행)를 보여주고 data-source가 live다(3단계)
ok 18 - 예약(schedule) 상세는 백엔드 실제 필드(소스·쿨다운·다음 실행)를 보여주고 data-source가 live다(3단계)
  ---
  duration_ms: 2.0409
  ...
# Subtest: 예약(schedule) 상세 — "브리핑 모델" 설정값과 "실행 위치"(최근 브리핑 보고 destination)가 실데이터로 렌더된다(6단계)
ok 19 - 예약(schedule) 상세 — "브리핑 모델" 설정값과 "실행 위치"(최근 브리핑 보고 destination)가 실데이터로 렌더된다(6단계)
  ---
  duration_ms: 24.7651
  ...
# Subtest: "실행 위치"는 refresh()마다 재조회된다 — 같은 항목을 계속 봐도 낡은 값이 남지 않는다
ok 20 - "실행 위치"는 refresh()마다 재조회된다 — 같은 항목을 계속 봐도 낡은 값이 남지 않는다
  ---
  duration_ms: 20.2444
  ...
# Subtest: 감시(watch) active 항목은 "❚❚ 일시중지" 버튼이 활성화돼 있고 클릭 시 pauseRoutine을 부른다
ok 21 - 감시(watch) active 항목은 "❚❚ 일시중지" 버튼이 활성화돼 있고 클릭 시 pauseRoutine을 부른다
  ---
  duration_ms: 1.5278
  ...
# Subtest: 감시(watch) paused 항목은 "▶ 재개" 버튼이 활성화돼 있고 클릭 시 resumeRoutine을 부른다
ok 22 - 감시(watch) paused 항목은 "▶ 재개" 버튼이 활성화돼 있고 클릭 시 resumeRoutine을 부른다
  ---
  duration_ms: 1.0372
  ...
# Subtest: 예약(schedule) 항목은 일시중지 버튼이 항상 비활성이다(F1 최소선 스코프 밖 — 3단계)
ok 23 - 예약(schedule) 항목은 일시중지 버튼이 항상 비활성이다(F1 최소선 스코프 밖 — 3단계)
  ---
  duration_ms: 4.4777
  ...
# Subtest: pauseRoutine 호출 후 상세 패널이 refresh()로 실제 상태를 다시 받아 재개 버튼으로 바뀐다
ok 24 - pauseRoutine 호출 후 상세 패널이 refresh()로 실제 상태를 다시 받아 재개 버튼으로 바뀐다
  ---
  duration_ms: 1.2616
  ...
# Subtest: 일시중지 성공은 성공 결과 한 건을 낸다 — 배지·리드·사실행 세 조각
ok 25 - 일시중지 성공은 성공 결과 한 건을 낸다 — 배지·리드·사실행 세 조각
  ---
  duration_ms: 9.4478
  ...
# Subtest: 제어가 거절당하면 실패 결과에 다시 시도 칩이 붙고 코드 번호는 빠진다
ok 26 - 제어가 거절당하면 실패 결과에 다시 시도 칩이 붙고 코드 번호는 빠진다
  ---
  duration_ms: 2.1638
  ...
# Subtest: 실패 결과에는 다시 부를 손잡이가 함께 온다 — 같은 제어를 그대로 다시 부른다
ok 27 - 실패 결과에는 다시 부를 손잡이가 함께 온다 — 같은 제어를 그대로 다시 부른다
  ---
  duration_ms: 1.5747
  ...
# Subtest: onControlResult 배선이 없으면 제어는 그대로 돌아간다 — 조용히 넘어간다
ok 28 - onControlResult 배선이 없으면 제어는 그대로 돌아간다 — 조용히 넘어간다
  ---
  duration_ms: 0.9092
  ...
# Subtest: 최근 실행 로그는 fixture로 표시된다(ledger 라이브 연결은 10단계 몫)
ok 29 - 최근 실행 로그는 fixture로 표시된다(ledger 라이브 연결은 10단계 몫)
  ---
  duration_ms: 2.5572
  ...
# Subtest: watch 상세: "루틴 발화 — 묻지 않은 턴입니다" + "채팅에서 열기 ↗" 버튼이 뜬다
ok 30 - watch 상세: "루틴 발화 — 묻지 않은 턴입니다" + "채팅에서 열기 ↗" 버튼이 뜬다
  ---
  duration_ms: 1.0236
  ...
# Subtest: schedule 상세에도 "채팅에서 열기 ↗"가 뜬다(watch 전용이 아니다 — 예약도 능동 턴을 만든다)
ok 31 - schedule 상세에도 "채팅에서 열기 ↗"가 뜬다(watch 전용이 아니다 — 예약도 능동 턴을 만든다)
  ---
  duration_ms: 1.7141
  ...
# Subtest: draft 상세에는 "채팅에서 열기 ↗"가 없다(draft는 발화한 적이 없다, 최근 실행 섹션과 같은 가드)
ok 32 - draft 상세에는 "채팅에서 열기 ↗"가 없다(draft는 발화한 적이 없다, 최근 실행 섹션과 같은 가드)
  ---
  duration_ms: 2.0895
  ...
# Subtest: "채팅에서 열기 ↗" 클릭은 onOpenInChat을 그 항목의 id로 부른다
ok 33 - "채팅에서 열기 ↗" 클릭은 onOpenInChat을 그 항목의 id로 부른다
  ---
  duration_ms: 1.9691
  ...
# Subtest: 사용자가 고른 행이 필터로 사라지면 상세 패널이 남은 첫 항목으로 넘어간다
ok 34 - 사용자가 고른 행이 필터로 사라지면 상세 패널이 남은 첫 항목으로 넘어간다
  ---
  duration_ms: 1.4386
  ...
# Subtest: 사용자가 선택하기 전까지는 새로고침 때마다 항상 "지금 첫 항목"을 따라간다
ok 35 - 사용자가 선택하기 전까지는 새로고침 때마다 항상 "지금 첫 항목"을 따라간다
  ---
  duration_ms: 0.8768
  ...
# Subtest: CTA 클릭은 onNewTaskClick을 부른다(43번 원칙 — 시트를 열지 않는다)
ok 36 - CTA 클릭은 onNewTaskClick을 부른다(43번 원칙 — 시트를 열지 않는다)
  ---
  duration_ms: 0.5675
  ...
# Subtest: fetchRoutines가 실패하면 정직하게 빈 목록이다(3단계부터 예약 fixture 폴백이 없다, P3)
ok 37 - fetchRoutines가 실패하면 정직하게 빈 목록이다(3단계부터 예약 fixture 폴백이 없다, P3)
  ---
  duration_ms: 1.0306
  ...
# Subtest: stale-응답 가드: 먼저 보낸 요청이 나중에 도착해도 최신 데이터를 덮지 않는다
ok 38 - stale-응답 가드: 먼저 보낸 요청이 나중에 도착해도 최신 데이터를 덮지 않는다
  ---
  duration_ms: 38.2621
  ...
# Subtest: container가 없으면 mount/refresh가 조용히 아무 것도 안 한다
ok 39 - container가 없으면 mount/refresh가 조용히 아무 것도 안 한다
  ---
  duration_ms: 6.4624
  ...
# Subtest: fetchProfileSummary가 없으면 제안 섹션이 숨는다(빈 라벨을 노출하지 않는다, P3)
ok 40 - fetchProfileSummary가 없으면 제안 섹션이 숨는다(빈 라벨을 노출하지 않는다, P3)
  ---
  duration_ms: 1.5478
  ...
# Subtest: 제안 섹션: 신호가 있으면 보이고 제목·근거문이 실제 필드로만 채워진다(지어내지 않는다)
ok 41 - 제안 섹션: 신호가 있으면 보이고 제목·근거문이 실제 필드로만 채워진다(지어내지 않는다)
  ---
  duration_ms: 1.5281
  ...
# Subtest: rationale이 없으면(nullable) 근거문에서 그 부분만 빠진다 — 지어내지 않는다
ok 42 - rationale이 없으면(nullable) 근거문에서 그 부분만 빠진다 — 지어내지 않는다
  ---
  duration_ms: 2.0441
  ...
# Subtest: "추가" 클릭 시 onAddSuggestion이 실제 필드로 조합한 문장을 받는다(시트를 열지 않는다, 43 원칙)
ok 43 - "추가" 클릭 시 onAddSuggestion이 실제 필드로 조합한 문장을 받는다(시트를 열지 않는다, 43 원칙)
  ---
  duration_ms: 1.181
  ...
# Subtest: fetchProfileSummary가 실패하면 제안 섹션이 숨는다(지어낸 제안을 보여주지 않는다, P3)
ok 44 - fetchProfileSummary가 실패하면 제안 섹션이 숨는다(지어낸 제안을 보여주지 않는다, P3)
  ---
  duration_ms: 0.8654
  ...
# Subtest: 제안 stale-응답 가드: 먼저 보낸 요청이 나중에 도착해도 최신 데이터를 덮지 않는다
ok 45 - 제안 stale-응답 가드: 먼저 보낸 요청이 나중에 도착해도 최신 데이터를 덮지 않는다
  ---
  duration_ms: 34.623
  ...
# Subtest: 라우틴 refresh가 실패해도 제안 refresh는 독립적으로 성공한다(서로 무관한 왕복)
ok 46 - 라우틴 refresh가 실패해도 제안 refresh는 독립적으로 성공한다(서로 무관한 왕복)
  ---
  duration_ms: 2.5716
  ...
# Subtest: draft 행은 ◌ 아이콘·"초안 — 채팅에서 만드는 중" 부제·"지금" trailing을 갖는다
ok 47 - draft 행은 ◌ 아이콘·"초안 — 채팅에서 만드는 중" 부제·"지금" trailing을 갖는다
  ---
  duration_ms: 1.3001
  ...
# Subtest: draft 상세: 상태 배지가 "초안"이고, 일시중지 버튼도 "최근 실행" 섹션도 없다(읽기 전용, 동선 규칙③)
ok 48 - draft 상세: 상태 배지가 "초안"이고, 일시중지 버튼도 "최근 실행" 섹션도 없다(읽기 전용, 동선 규칙③)
  ---
  duration_ms: 1.9411
  ...
# Subtest: 탭 "일시중지"·"활성"에는 draft가 나타나지 않는다(draft는 두 상태 어느 쪽도 아니다)
ok 49 - 탭 "일시중지"·"활성"에는 draft가 나타나지 않는다(draft는 두 상태 어느 쪽도 아니다)
  ---
  duration_ms: 0.5739
  ...
# Subtest: mount(): 뷰 탭 4종(작업/알람/라이브/제안)이 있고 "작업"이 기본 활성이다(11단계에서 제안 추가)
ok 50 - mount(): 뷰 탭 4종(작업/알람/라이브/제안)이 있고 "작업"이 기본 활성이다(11단계에서 제안 추가)
  ---
  duration_ms: 0.4539
  ...
# Subtest: mount(): "작업" 뷰에서는 통계·리스트가 보이고 알람·라이브 컬럼은 숨는다
ok 51 - mount(): "작업" 뷰에서는 통계·리스트가 보이고 알람·라이브 컬럼은 숨는다
  ---
  duration_ms: 0.9601
  ...
# Subtest: setActiveView("alerts"): 통계·리스트·검색·CTA가 숨고 알람·라이브 컬럼과 "모두 읽음으로"가 보인다
ok 52 - setActiveView("alerts"): 통계·리스트·검색·CTA가 숨고 알람·라이브 컬럼과 "모두 읽음으로"가 보인다
  ---
  duration_ms: 1.1969
  ...
# Subtest: 알람 행: 실제 fetchAlerts() 필드(title·sub·firedAt)만 쓴다 — 미확인은 is-unread
ok 53 - 알람 행: 실제 fetchAlerts() 필드(title·sub·firedAt)만 쓴다 — 미확인은 is-unread
  ---
  duration_ms: 2.3828
  ...
# Subtest: 알람 탭 라벨: 미확인 개수가 있으면 "알람 N", 없으면 "알람"
ok 54 - 알람 탭 라벨: 미확인 개수가 있으면 "알람 N", 없으면 "알람"
  ---
  duration_ms: 1.3849
  ...
# Subtest: 알람이 하나도 없으면 "받은 알람이 없습니다"가 뜬다(fixture로 채우지 않는다, P3)
ok 55 - 알람이 하나도 없으면 "받은 알람이 없습니다"가 뜬다(fixture로 채우지 않는다, P3)
  ---
  duration_ms: 1.1887
  ...
# Subtest: "모두 읽음으로" 클릭 시 markAllAlertsRead가 불리고 알람 컬럼이 다시 그려진다
ok 56 - "모두 읽음으로" 클릭 시 markAllAlertsRead가 불리고 알람 컬럼이 다시 그려진다
  ---
  duration_ms: 0.8357
  ...
# Subtest: 라이브 컬럼: 진행바 2건 + "다음 24시간" 타임라인 4건이 fixture로 뜬다
ok 57 - 라이브 컬럼: 진행바 2건 + "다음 24시간" 타임라인 4건이 fixture로 뜬다
  ---
  duration_ms: 0.5343
  ...
# Subtest: "WS 연결됨" — getWsConnected()가 실데이터다, false면 정직하게 "연결 안 됨"
ok 58 - "WS 연결됨" — getWsConnected()가 실데이터다, false면 정직하게 "연결 안 됨"
  ---
  duration_ms: 0.5582
  ...
# Subtest: 감시(watch) 상세에만 "전체 이력 보기 →"가 있다 — draft·예약(schedule)에는 없다
ok 59 - 감시(watch) 상세에만 "전체 이력 보기 →"가 있다 — draft·예약(schedule)에는 없다
  ---
  duration_ms: 0.9118
  ...
# Subtest: "전체 이력 보기 →" 클릭 시 브레드크럼("작업 › 이름"+배지)이 뜨고 작업 화면이 숨는다
ok 60 - "전체 이력 보기 →" 클릭 시 브레드크럼("작업 › 이름"+배지)이 뜨고 작업 화면이 숨는다
  ---
  duration_ms: 5.9138
  ...
# Subtest: 최근 30회는 fetchRuns(id) 실데이터 — 최신 먼저, ledger 실제 verdict 3종만 아이콘화한다(AC10)
ok 61 - 최근 30회는 fetchRuns(id) 실데이터 — 최신 먼저, ledger 실제 verdict 3종만 아이콘화한다(AC10)
  ---
  duration_ms: 5.8917
  ...
# Subtest: 실행 이력이 없으면 "실행 이력이 없습니다"가 뜬다(지어내지 않는다, P3)
ok 62 - 실행 이력이 없으면 "실행 이력이 없습니다"가 뜬다(지어내지 않는다, P3)
  ---
  duration_ms: 14.3389
  ...
# Subtest: 30회 통계 3타일(평균·발화→열람·이어진 대화)은 전부 live다(F-stage5b-FE, R2에서 지표 정의 미확정 타일 제거)
ok 63 - 30회 통계 3타일(평균·발화→열람·이어진 대화)은 전부 live다(F-stage5b-FE, R2에서 지표 정의 미확정 타일 제거)
  ---
  duration_ms: 15.6407
  ...
# Subtest: "발화→열람"·"이어진 대화" 타일: fetchEngagement가 없거나 실패하면 지어낸 숫자 없이 "—"를 보여준다(P3)
ok 64 - "발화→열람"·"이어진 대화" 타일: fetchEngagement가 없거나 실패하면 지어낸 숫자 없이 "—"를 보여준다(P3)
  ---
  duration_ms: 1.8064
  ...
# Subtest: "발화→열람"·"이어진 대화" 타일: opened_rate/replied_count(F-stage5b-BE)를 라이브로 표시한다
ok 65 - "발화→열람"·"이어진 대화" 타일: opened_rate/replied_count(F-stage5b-BE)를 라이브로 표시한다
  ---
  duration_ms: 14.469
  ...
# Subtest: "평균" 타일: fetchAvgDuration이 없거나 실패하면 지어낸 숫자 없이 "—"를 보여준다(P3)
ok 66 - "평균" 타일: fetchAvgDuration이 없거나 실패하면 지어낸 숫자 없이 "—"를 보여준다(P3)
  ---
  duration_ms: 14.1957
  ...
# Subtest: "평균" 타일: avg_duration_ms(4단계, ms)를 초 단위 문자열로 라이브 표시한다
ok 67 - "평균" 타일: avg_duration_ms(4단계, ms)를 초 단위 문자열로 라이브 표시한다
  ---
  duration_ms: 2.2676
  ...
# Subtest: "오늘 산출물" 카드 — 오늘 발화된 브리핑 본문이 있으면 실데이터로 렌더된다(6단계, fixture 제거)
ok 68 - "오늘 산출물" 카드 — 오늘 발화된 브리핑 본문이 있으면 실데이터로 렌더된다(6단계, fixture 제거)
  ---
  duration_ms: 2.0463
  ...
# Subtest: "오늘 산출물" 카드 — 오늘 발화 브리핑이 없으면(어제 것뿐이어도) 카드 자체를 렌더하지 않는다
ok 69 - "오늘 산출물" 카드 — 오늘 발화 브리핑이 없으면(어제 것뿐이어도) 카드 자체를 렌더하지 않는다
  ---
  duration_ms: 11.966
  ...
# Subtest: "오늘 산출물" 카드 — truncated면 절단 사실을 명시한다(잘렸다는 사실을 숨기지 않는다, P3)
ok 70 - "오늘 산출물" 카드 — truncated면 절단 사실을 명시한다(잘렸다는 사실을 숨기지 않는다, P3)
  ---
  duration_ms: 2.9144
  ...
# Subtest: "작업 ›" 클릭 시 드릴인이 닫히고 "작업" 화면이 복원된다
ok 71 - "작업 ›" 클릭 시 드릴인이 닫히고 "작업" 화면이 복원된다
  ---
  duration_ms: 12.6212
  ...
# Subtest: "작업 ›" 클릭 후에는 "작업" 탭이 다시 활성으로 표시된다(실측 버그 수정 — 이전엔 복귀 후 아무 탭도 활성이 아니었다)
ok 72 - "작업 ›" 클릭 후에는 "작업" 탭이 다시 활성으로 표시된다(실측 버그 수정 — 이전엔 복귀 후 아무 탭도 활성이 아니었다)
  ---
  duration_ms: 3.1937
  ...
# Subtest: setActiveView("proactive"): 작업 화면이 숨고 프로액티브 화면 + "그래프 모드에서 근거 보기 →"가 보인다
ok 73 - setActiveView("proactive"): 작업 화면이 숨고 프로액티브 화면 + "그래프 모드에서 근거 보기 →"가 보인다
  ---
  duration_ms: 0.8166
  ...
# Subtest: "그래프 모드에서 근거 보기 →" 클릭 시 onOpenGraph가 불린다(사이드바 모드 네비 재사용)
ok 74 - "그래프 모드에서 근거 보기 →" 클릭 시 onOpenGraph가 불린다(사이드바 모드 네비 재사용)
  ---
  duration_ms: 0.6762
  ...
# Subtest: "지금 읽히는 성향" 스트립은 suggestionsCache(7단계와 같은 원천)의 relation_kind를 합친다 — 지어내지 않는다
ok 75 - "지금 읽히는 성향" 스트립은 suggestionsCache(7단계와 같은 원천)의 relation_kind를 합친다 — 지어내지 않는다
  ---
  duration_ms: 0.8712
  ...
# Subtest: 스트립 우측 메타: 가장 최근 observed_at으로 신선도를 낸다(분 단위)
ok 76 - 스트립 우측 메타: 가장 최근 observed_at으로 신선도를 낸다(분 단위)
  ---
  duration_ms: 0.9381
  ...
# Subtest: 스트립 우측 메타: observed_at이 없으면 신선도를 지어내지 않고 신호 수만 남긴다(P3)
ok 77 - 스트립 우측 메타: observed_at이 없으면 신선도를 지어내지 않고 신호 수만 남긴다(P3)
  ---
  duration_ms: 1.2642
  ...
# Subtest: 신호가 없으면 스트립이 정직하게 "아직 읽히는 성향이 없습니다"를 보여준다(P3)
ok 78 - 신호가 없으면 스트립이 정직하게 "아직 읽히는 성향이 없습니다"를 보여준다(P3)
  ---
  duration_ms: 0.9641
  ...
# Subtest: 제안 카드: 칩 "루틴으로"/"보류"가 있고, "루틴으로"는 7단계와 같은 문장을 채팅에 심는다
ok 79 - 제안 카드: 칩 "루틴으로"/"보류"가 있고, "루틴으로"는 7단계와 같은 문장을 채팅에 심는다
  ---
  duration_ms: 0.8467
  ...
# Subtest: "보류" 클릭 시 그 카드는 이번 세션에서만 숨는다(저장 안 됨, P3) — 탭 배지도 줄어든다
ok 80 - "보류" 클릭 시 그 카드는 이번 세션에서만 숨는다(저장 안 됨, P3) — 탭 배지도 줄어든다
  ---
  duration_ms: 0.9974
  ...
# Subtest: 모든 제안을 보류하면 "지금은 표시할 제안이 없습니다"가 뜬다
ok 81 - 모든 제안을 보류하면 "지금은 표시할 제안이 없습니다"가 뜬다
  ---
  duration_ms: 0.7433
  ...
# Subtest: 말걸기 가드: 라이브 데이터 도착 전엔 "불러오는 중"으로 정직하게 보인다(F-stage9, P3)
ok 82 - 말걸기 가드: 라이브 데이터 도착 전엔 "불러오는 중"으로 정직하게 보인다(F-stage9, P3)
  ---
  duration_ms: 0.3897
  ...
# Subtest: 말걸기 가드: GET /api/v1/nudge-guard 라이브 값으로 태그 4개 + 안내 문구를 채운다(F-stage9, 8단계 백엔드 연결)
ok 83 - 말걸기 가드: GET /api/v1/nudge-guard 라이브 값으로 태그 4개 + 안내 문구를 채운다(F-stage9, 8단계 백엔드 연결)
  ---
  duration_ms: 0.7562
  ...
# Subtest: 말걸기 가드: 값이 꺼져 있으면 "끔" 문구로 정확히 반영한다(지어내지 않는다)
ok 84 - 말걸기 가드: 값이 꺼져 있으면 "끔" 문구로 정확히 반영한다(지어내지 않는다)
  ---
  duration_ms: 1.3743
  ...
# Subtest: 말걸기 가드: fetchNudgeGuard가 실패해도 지어낸 값으로 채우지 않는다(P3)
ok 85 - 말걸기 가드: fetchNudgeGuard가 실패해도 지어낸 값으로 채우지 않는다(P3)
  ---
  duration_ms: 1.0084
  ...
# Subtest: 이중 제어 규칙: 작업 뷰 하단 캡션은 「이중 제어 규칙」이다
ok 86 - 이중 제어 규칙: 작업 뷰 하단 캡션은 「이중 제어 규칙」이다
  ---
  duration_ms: 0.5809
  ...
# Subtest: 이중 제어 규칙: 3줄이 Paper C6V-0~C6X-0 원문 그대로다
ok 87 - 이중 제어 규칙: 3줄이 Paper C6V-0~C6X-0 원문 그대로다
  ---
  duration_ms: 0.5633
  ...
# Subtest: 이중 제어 규칙: 문구가 GUI 입구를 부정하지 않는다
ok 88 - 이중 제어 규칙: 문구가 GUI 입구를 부정하지 않는다
  ---
  duration_ms: 0.6074
  ...
# Subtest: 이중 제어 규칙: 화면 자신의 계약이라 data-source 표기를 달지 않는다
ok 89 - 이중 제어 규칙: 화면 자신의 계약이라 data-source 표기를 달지 않는다
  ---
  duration_ms: 2.6085
  ...
# Subtest: 이중 제어 규칙: 알람·라이브·제안 뷰로 가면 작업 뷰와 함께 숨는다
ok 90 - 이중 제어 규칙: 알람·라이브·제안 뷰로 가면 작업 뷰와 함께 숨는다
  ---
  duration_ms: 0.841
  ...
# Subtest: 실행 목록: 오늘·어제·그 이전을 날짜 그룹 머리로 끊는다(Paper 보드 03)
ok 91 - 실행 목록: 오늘·어제·그 이전을 날짜 그룹 머리로 끊는다(Paper 보드 03)
  ---
  duration_ms: 6.6213
  ...
# Subtest: 실행 목록: 같은 날 실행 2건은 그룹 머리를 한 번만 만든다
ok 92 - 실행 목록: 같은 날 실행 2건은 그룹 머리를 한 번만 만든다
  ---
  duration_ms: 4.4294
  ...
# Subtest: 실행 목록: 행 시각은 날짜 없이 HH:MM만 남는다(날짜는 그룹 머리 몫)
ok 93 - 실행 목록: 행 시각은 날짜 없이 HH:MM만 남는다(날짜는 그룹 머리 몫)
  ---
  duration_ms: 13.2046
  ...
# Subtest: 실행 목록: 6건까지만 펼쳐 두고 나머지는 "지난 실행 N건 더" 뒤에 둔다
ok 94 - 실행 목록: 6건까지만 펼쳐 두고 나머지는 "지난 실행 N건 더" 뒤에 둔다
  ---
  duration_ms: 2.8355
  ...
# Subtest: 실행 목록: 6건 이하면 더보기 푸터를 만들지 않는다
ok 95 - 실행 목록: 6건 이하면 더보기 푸터를 만들지 않는다
  ---
  duration_ms: 1.4629
  ...
# Subtest: 알람 피드: 6건까지만 보이고 나머지는 "지난 알람 N건 더" 뒤에 둔다
ok 96 - 알람 피드: 6건까지만 보이고 나머지는 "지난 알람 N건 더" 뒤에 둔다
  ---
  duration_ms: 1.1268
  ...
# Subtest: 알람 피드: 접혀 있어도 탭 배지는 전체 미확인 수를 센다(가려진 건도 미확인이다)
ok 97 - 알람 피드: 접혀 있어도 탭 배지는 전체 미확인 수를 센다(가려진 건도 미확인이다)
  ---
  duration_ms: 1.1247
  ...
# Subtest: 타임라인: 각 행이 시각 열을 갖는다
ok 98 - 타임라인: 각 행이 시각 열을 갖는다
  ---
  duration_ms: 1.4508
  ...
# Subtest: 타임라인: 점 색이 갈래별로 갈린다(예약·프로액티브·감시)
ok 99 - 타임라인: 점 색이 갈래별로 갈린다(예약·프로액티브·감시)
  ---
  duration_ms: 0.7046
  ...
# Subtest: 알람 아이콘: 예약(scheduled) 발화는 ● 초록, 조건 감시 발화는 ◆ 핑크
ok 100 - 알람 아이콘: 예약(scheduled) 발화는 ● 초록, 조건 감시 발화는 ◆ 핑크
  ---
  duration_ms: 1.0354
  ...
# Subtest: 알람 아이콘: mode가 없는(하이드레이션 이전) 방은 조건 감시 쪽 ◆로 떨어진다
ok 101 - 알람 아이콘: mode가 없는(하이드레이션 이전) 방은 조건 감시 쪽 ◆로 떨어진다
  ---
  duration_ms: 0.6111
  ...
# Subtest: 드릴인 세그먼트: 작업 뷰에서는 숨고, 드릴인을 열면 [이력][설정]이 나온다
ok 102 - 드릴인 세그먼트: 작업 뷰에서는 숨고, 드릴인을 열면 [이력][설정]이 나온다
  ---
  duration_ms: 6.1559
  ...
# Subtest: 드릴인 세그먼트: "설정"을 누르면 이력 본문이 숨고 「설정 — 요약」이 나온다
ok 103 - 드릴인 세그먼트: "설정"을 누르면 이력 본문이 숨고 「설정 — 요약」이 나온다
  ---
  duration_ms: 15.4322
  ...
# Subtest: 드릴인 설정: 요약만 있는 동안에는 값을 바꾸는 입력이 하나도 없다
ok 104 - 드릴인 설정: 요약만 있는 동안에는 값을 바꾸는 입력이 하나도 없다
  ---
  duration_ms: 16.0163
  ...
# Subtest: 드릴인 설정: [설정 편집]이 상세를 1회 불러 실시간 소스 폼(8필드)을 세운다
ok 105 - 드릴인 설정: [설정 편집]이 상세를 1회 불러 실시간 소스 폼(8필드)을 세운다
  ---
  duration_ms: 9.0838
  ...
# Subtest: 드릴인 설정: 예약 소스 폼에는 연속 틱이 없다(7필드) — 분기는 소스 명세가 낸다
ok 106 - 드릴인 설정: 예약 소스 폼에는 연속 틱이 없다(7필드) — 분기는 소스 명세가 낸다
  ---
  duration_ms: 22.0745
  ...
# Subtest: 드릴인 설정: 코드 감시 폼에는 조건 행 자체가 없다(백엔드가 폼 편집을 막는다)
ok 107 - 드릴인 설정: 코드 감시 폼에는 조건 행 자체가 없다(백엔드가 폼 편집을 막는다)
  ---
  duration_ms: 12.9441
  ...
# Subtest: 드릴인 설정: [저장]은 폼 값을 update로 보내고 만료를 비워 두면 안 싣는다
ok 108 - 드릴인 설정: [저장]은 폼 값을 update로 보내고 만료를 비워 두면 안 싣는다
  ---
  duration_ms: 4.8664
  ...
# Subtest: 드릴인 설정: 저장이 실패하면 폼을 닫지 않고 사유를 남기며 친 값도 그대로 둔다
ok 109 - 드릴인 설정: 저장이 실패하면 폼을 닫지 않고 사유를 남기며 친 값도 그대로 둔다
  ---
  duration_ms: 7.0947
  ...
# Subtest: 드릴인 설정: [이력]에 갔다 [설정]으로 돌아와도 폼에 친 값이 남는다
ok 110 - 드릴인 설정: [이력]에 갔다 [설정]으로 돌아와도 폼에 친 값이 남는다
  ---
  duration_ms: 3.7656
  ...
# Subtest: 드릴인 설정: 폼 버튼 행에 "채팅에서 고치기 ↗"가 남는다 — 두 입구가 같은 게이트
ok 111 - 드릴인 설정: 폼 버튼 행에 "채팅에서 고치기 ↗"가 남는다 — 두 입구가 같은 게이트
  ---
  duration_ms: 13.1294
  ...
# Subtest: 드릴인 설정: 상세를 못 받으면 빈 폼 대신 그 사실을 적는다
ok 112 - 드릴인 설정: 상세를 못 받으면 빈 폼 대신 그 사실을 적는다
  ---
  duration_ms: 16.0521
  ...
# Subtest: settingsUpdateBody: 브리핑 모델을 "앱 기본"으로 되돌리면 null로 나간다
ok 113 - settingsUpdateBody: 브리핑 모델을 "앱 기본"으로 되돌리면 null로 나간다
  ---
  duration_ms: 0.8678
  ...
# Subtest: settingsUpdateBody: 설명을 안 건드리고 조건만 고치면 note를 안 싣는다
ok 114 - settingsUpdateBody: 설명을 안 건드리고 조건만 고치면 note를 안 싣는다
  ---
  duration_ms: 0.5755
  ...
# Subtest: settingsFormModel: 소스 명세가 없으면 폼을 만들지 않는다
ok 115 - settingsFormModel: 소스 명세가 없으면 폼을 만들지 않는다
  ---
  duration_ms: 0.1788
  ...
# Subtest: settingsSummaryLines: 다음 실행은 그 값이 있을 때만 요약에 붙는다
ok 116 - settingsSummaryLines: 다음 실행은 그 값이 있을 때만 요약에 붙는다
  ---
  duration_ms: 0.6073
  ...
# Subtest: 드릴인 세그먼트: 드릴인을 닫으면 세그먼트가 숨고 다음 진입은 "이력"으로 시작한다
ok 117 - 드릴인 세그먼트: 드릴인을 닫으면 세그먼트가 숨고 다음 진입은 "이력"으로 시작한다
  ---
  duration_ms: 14.2757
  ...
# Subtest: 제안 카드: 설명(rationale)과 "근거:" 줄을 따로 낸다
ok 118 - 제안 카드: 설명(rationale)과 "근거:" 줄을 따로 낸다
  ---
  duration_ms: 1.4318
  ...
# Subtest: 제안 카드: rationale이 없으면 설명 줄 자체를 만들지 않는다(빈 줄 금지, P3)
ok 119 - 제안 카드: rationale이 없으면 설명 줄 자체를 만들지 않는다(빈 줄 금지, P3)
  ---
  duration_ms: 0.9598
  ...
# Subtest: 제안 미니 목록(작업 뷰)은 좁은 폭이라 여전히 한 줄로 합친다
ok 120 - 제안 미니 목록(작업 뷰)은 좁은 폭이라 여전히 한 줄로 합친다
  ---
  duration_ms: 2.1732
  ...
# Subtest: A-1 목록 행: code-watch는 「코드 감시 · 장중 N분마다」 — 「주기 확인」으로 안 떨어진다
ok 121 - A-1 목록 행: code-watch는 「코드 감시 · 장중 N분마다」 — 「주기 확인」으로 안 떨어진다
  ---
  duration_ms: 5.8411
  ...
# Subtest: A-1 목록 행: 확인 주기를 모르면 1분으로 적는다(보드 12 기본값)
ok 122 - A-1 목록 행: 확인 주기를 모르면 1분으로 적는다(보드 12 기본값)
  ---
  duration_ms: 2.852
  ...
# Subtest: A-2 상세: 노드 카드 수가 함수 수와 같고(4칸) 각 칸에 제목·영어명·들어감·나옴이 있다
ok 123 - A-2 상세: 노드 카드 수가 함수 수와 같고(4칸) 각 칸에 제목·영어명·들어감·나옴이 있다
  ---
  duration_ms: 16.1332
  ...
# Subtest: A-2 상세: 두 칸짜리 감시 함수는 카드도 두 장이다
ok 124 - A-2 상세: 두 칸짜리 감시 함수는 카드도 두 장이다
  ---
  duration_ms: 15.4122
  ...
# Subtest: A-3 상세: 「방금 바뀜」은 바뀐 칸에만 붙는다
ok 125 - A-3 상세: 「방금 바뀜」은 바뀐 칸에만 붙는다
  ---
  duration_ms: 14.1961
  ...
# Subtest: A-3 상세: 칸을 고르면 진한 테두리와 「이상해요」·「물어볼게요」 칩이 붙는다
ok 126 - A-3 상세: 칸을 고르면 진한 테두리와 「이상해요」·「물어볼게요」 칩이 붙는다
  ---
  duration_ms: 16.5015
  ...
# Subtest: A-4 상세: 코드는 접혀 있고 라벨이 「코드 · 참고 · 펼치기」다
ok 127 - A-4 상세: 코드는 접혀 있고 라벨이 「코드 · 참고 · 펼치기」다
  ---
  duration_ms: 4.206
  ...
# Subtest: A-5 상세: 울린 기록·일시중지·취소·고치기·만료가 있고 조건 편집 폼은 없다
ok 128 - A-5 상세: 울린 기록·일시중지·취소·고치기·만료가 있고 조건 편집 폼은 없다
  ---
  duration_ms: 10.7659
  ...
# Subtest: A-5 상세: 안 불린 함수 칸은 「이번엔 안 쓰임」으로 남는다
ok 129 - A-5 상세: 안 불린 함수 칸은 「이번엔 안 쓰임」으로 남는다
  ---
  duration_ms: 18.3135
  ...
# Subtest: A-12 활성: 「고치기 — 말로」는 먼저 멈춤을 묻는다(거절 사유 문구 없음)
ok 130 - A-12 활성: 「고치기 — 말로」는 먼저 멈춤을 묻는다(거절 사유 문구 없음)
  ---
  duration_ms: 13.8957
  ...
# Subtest: A-12 활성: 「그대로 두기」를 고르면 아무것도 안 부르고 확인 줄만 닫는다
ok 131 - A-12 활성: 「그대로 두기」를 고르면 아무것도 안 부르고 확인 줄만 닫는다
  ---
  duration_ms: 16.6143
  ...
# Subtest: A-12 일시중지: 확인 없이 바로 고치기로 넘어간다
ok 132 - A-12 일시중지: 확인 없이 바로 고치기로 넘어간다
  ---
  duration_ms: 5.9011
  ...
# Subtest: 초안: 승인 패널의 「이 알람 승인」은 채팅 칩과 같은 confirmRoutine 게이트를 부른다
ok 133 - 초안: 승인 패널의 「이 알람 승인」은 채팅 칩과 같은 confirmRoutine 게이트를 부른다
  ---
  duration_ms: 3.0272
  ...
# Subtest: 초안: 승인 패널의 「취소」는 cancelRoutine을 부른다 — 상태 제어 행의 취소와 같은 채널
ok 134 - 초안: 승인 패널의 「취소」는 cancelRoutine을 부른다 — 상태 제어 행의 취소와 같은 채널
  ---
  duration_ms: 3.9567
  ...
# Subtest: 켜진 알람에는 승인 패널이 없다 — 승인은 초안 한 번뿐이다
ok 135 - 켜진 알람에는 승인 패널이 없다 — 승인은 초안 한 번뿐이다
  ---
  duration_ms: 14.184
  ...
# Subtest: 초안: 검사 요약과 「검사」 버튼이 있고 누르면 검사 1회를 돈다
ok 136 - 초안: 검사 요약과 「검사」 버튼이 있고 누르면 검사 1회를 돈다
  ---
  duration_ms: 17.2566
  ...
# Subtest: 446V 첫 검사: 상태 띠와 패널이 실제 기간·쿨다운·발화값을 표시한다
ok 137 - 446V 첫 검사: 상태 띠와 패널이 실제 기간·쿨다운·발화값을 표시한다
  ---
  duration_ms: 13.7699
  ...
# Subtest: 446V 첫 검사: 성공한 0회만 조용한 점 띠를 그리고 없는 쿨다운을 현재 설정으로 메우지 않는다
ok 138 - 446V 첫 검사: 성공한 0회만 조용한 점 띠를 그리고 없는 쿨다운을 현재 설정으로 메우지 않는다
  ---
  duration_ms: 20.4805
  ...
# Subtest: 446V 첫 검사 실패: 진단과 경고를 보이고 실패 기본 count=0을 울림 수로 표시하지 않는다
ok 139 - 446V 첫 검사 실패: 진단과 경고를 보이고 실패 기본 count=0을 울림 수로 표시하지 않는다
  ---
  duration_ms: 14.301
  ...
# Subtest: 446V 첫 검사 전: 없는 결과·노드 수·점 띠를 만들지 않는다
ok 140 - 446V 첫 검사 전: 없는 결과·노드 수·점 띠를 만들지 않는다
  ---
  duration_ms: 9.9961
  ...
# Subtest: 446V 이후 고침: 첫 검사 패널과 상태 띠 대신 기존 순환·다시 검사·영수증을 표시한다
ok 141 - 446V 이후 고침: 첫 검사 패널과 상태 띠 대신 기존 순환·다시 검사·영수증을 표시한다
  ---
  duration_ms: 17.1523
  ...
# Subtest: status.active + mode.periodic → 초록 활성 아이콘
ok 142 - status.active + mode.periodic → 초록 활성 아이콘
  ---
  duration_ms: 2.1291
  ...
# Subtest: status.active + mode.realtime-ws → 파란 실시간 아이콘
ok 143 - status.active + mode.realtime-ws → 파란 실시간 아이콘
  ---
  duration_ms: 0.353
  ...
# Subtest: status.active + mode.scheduled → 예약 전용 아이콘(activePeriodic이 아니다)
ok 144 - status.active + mode.scheduled → 예약 전용 아이콘(activePeriodic이 아니다)
  ---
  duration_ms: 1.2338
  ...
# Subtest: status.paused → 주황 일시중지 아이콘(모드와 무관)
ok 145 - status.paused → 주황 일시중지 아이콘(모드와 무관)
  ---
  duration_ms: 0.2209
  ...
# Subtest: expired/cancelled/failed는 우선 노출 대상이 아니다(null)
ok 146 - expired/cancelled/failed는 우선 노출 대상이 아니다(null)
  ---
  duration_ms: 0.2787
  ...
# Subtest: status.draft → 초안 아이콘(모드와 무관), 우선 노출 대상이다
ok 147 - status.draft → 초안 아이콘(모드와 무관), 우선 노출 대상이다
  ---
  duration_ms: 0.1266
  ...
# Subtest: routine이 없으면 null
ok 148 - routine이 없으면 null
  ---
  duration_ms: 0.1434
  ...
# Subtest: buildAgentSidebarRows: active/paused/draft만 남기고 나머지는 걸러낸다
ok 149 - buildAgentSidebarRows: active/paused/draft만 남기고 나머지는 걸러낸다
  ---
  duration_ms: 0.4021
  ...
# Subtest: buildAgentSidebarRows: 제목은 note를 그대로 쓴다(지어내지 않는다)
ok 150 - buildAgentSidebarRows: 제목은 note를 그대로 쓴다(지어내지 않는다)
  ---
  duration_ms: 0.4065
  ...
# Subtest: buildAgentSidebarRows: note가 없으면 symbol로, symbol도 없으면 id로 대체한다
ok 151 - buildAgentSidebarRows: note가 없으면 symbol로, symbol도 없으면 id로 대체한다
  ---
  duration_ms: 0.6747
  ...
# Subtest: buildAgentSidebarRows: 각 행에 아이콘 명세가 실린다
ok 152 - buildAgentSidebarRows: 각 행에 아이콘 명세가 실린다
  ---
  duration_ms: 0.5359
  ...
# Subtest: buildAgentSidebarRows: 배열이 아니거나 비어 있으면 빈 배열
ok 153 - buildAgentSidebarRows: 배열이 아니거나 비어 있으면 빈 배열
  ---
  duration_ms: 0.2077
  ...
# Subtest: buildHydratedRooms: 한 번도 발화한 적 없는(last_fired_at 없음) 라우틴은 제외한다
ok 154 - buildHydratedRooms: 한 번도 발화한 적 없는(last_fired_at 없음) 라우틴은 제외한다
  ---
  duration_ms: 0.2245
  ...
# Subtest: buildHydratedRooms: unread를 그대로 뒤집어 read로 옮긴다(백엔드 read-marks가 유일한 진실)
ok 155 - buildHydratedRooms: unread를 그대로 뒤집어 read로 옮긴다(백엔드 read-marks가 유일한 진실)
  ---
  duration_ms: 0.272
  ...
# Subtest: buildHydratedRooms: 제목은 note를 그대로 쓰고, sub는 지어내지 않고 빈 문자열로 둔다(P3)
ok 156 - buildHydratedRooms: 제목은 note를 그대로 쓰고, sub는 지어내지 않고 빈 문자열로 둔다(P3)
  ---
  duration_ms: 0.1326
  ...
# Subtest: buildHydratedRooms: 최신 발화 먼저로 정렬한다(handleRoutineEvent의 unshift와 같은 순서)
ok 157 - buildHydratedRooms: 최신 발화 먼저로 정렬한다(handleRoutineEvent의 unshift와 같은 순서)
  ---
  duration_ms: 0.1453
  ...
# Subtest: buildHydratedRooms: 파싱 불가능한 last_fired_at은 안전하게 걸러진다
ok 158 - buildHydratedRooms: 파싱 불가능한 last_fired_at은 안전하게 걸러진다
  ---
  duration_ms: 0.0936
  ...
# Subtest: buildHydratedRooms: 배열이 아니거나 비어 있으면 빈 배열
ok 159 - buildHydratedRooms: 배열이 아니거나 비어 있으면 빈 배열
  ---
  duration_ms: 0.089
  ...
# Subtest: buildHydratedRooms: mode를 실어 보낸다 — 알람 센터 카테고리 아이콘의 근거다
ok 160 - buildHydratedRooms: mode를 실어 보낸다 — 알람 센터 카테고리 아이콘의 근거다
  ---
  duration_ms: 0.141
  ...
# Subtest: buildHydratedRooms: mode가 문자열이 아니면 빈 문자열로 정직하게 남긴다
ok 161 - buildHydratedRooms: mode가 문자열이 아니면 빈 문자열로 정직하게 남긴다
  ---
  duration_ms: 0.1132
  ...
# Subtest: AITS authoritative provenance is pinned without runtime checkout dependency
ok 162 - AITS authoritative provenance is pinned without runtime checkout dependency
  ---
  duration_ms: 3.0599
  ...
# Subtest: ChartCandle/ChartCardBody normalization matches the AITS DTO shape
ok 163 - ChartCandle/ChartCardBody normalization matches the AITS DTO shape
  ---
  duration_ms: 1.0622
  ...
# Subtest: fixture adapter requires explicit period/target/trId without operation inference
ok 164 - fixture adapter requires explicit period/target/trId without operation inference
  ---
  duration_ms: 0.3145
  ...
# Subtest: live envelope accepts only authoritative renderer_id + data.symbol + data.chart
ok 165 - live envelope accepts only authoritative renderer_id + data.symbol + data.chart
  ---
  duration_ms: 0.5321
  ...
# Subtest: panelId is stable for REST correlation, live stock, and fixture
ok 166 - panelId is stable for REST correlation, live stock, and fixture
  ---
  duration_ms: 0.4236
  ...
# Subtest: tick/min snapshots mount pre-sampled without D fallback or pseudo resample
ok 167 - tick/min snapshots mount pre-sampled without D fallback or pseudo resample
  ---
  duration_ms: 1.0516
  ...
# Subtest: same panel period reload reuses one renderer and one session
ok 168 - same panel period reload reuses one renderer and one session
  ---
  duration_ms: 0.956
  ...
# Subtest: renderer receives authoritative UI reload callback without local period inference
ok 169 - renderer receives authoritative UI reload callback without local period inference
  ---
  duration_ms: 0.327
  ...
# Subtest: six-panel cap is isolated per REST dataset/surface
ok 170 - six-panel cap is isolated per REST dataset/surface
  ---
  duration_ms: 1.4379
  ...
# Subtest: reload generation rejects a stale late result
ok 171 - reload generation rejects a stale late result
  ---
  duration_ms: 0.7424
  ...
# Subtest: MCP/fixture panels do not consume a REST dataset quota
ok 172 - MCP/fixture panels do not consume a REST dataset quota
  ---
  duration_ms: 1.432
  ...
# Subtest: ChartTickDelta updates/rolls over in-place, preserving renderer identity
ok 173 - ChartTickDelta updates/rolls over in-place, preserving renderer identity
  ---
  duration_ms: 0.6077
  ...
# Subtest: reload replaces controller authority before a following tick delta
ok 174 - reload replaces controller authority before a following tick delta
  ---
  duration_ms: 0.3608
  ...
# Subtest: destroy during async mount disposes the late renderer and leaves no session
ok 175 - destroy during async mount disposes the late renderer and leaves no session
  ---
  duration_ms: 0.4273
  ...
# Subtest: 같은 panelId를 다른 컨테이너로 열면 던지고, 닫은 뒤에는 새 컨테이너로 열린다
ok 176 - 같은 panelId를 다른 컨테이너로 열면 던지고, 닫은 뒤에는 새 컨테이너로 열린다
  ---
  duration_ms: 0.3944
  ...
# Subtest: concurrent same-panel reload waits for one mount and never creates a duplicate renderer
ok 177 - concurrent same-panel reload waits for one mount and never creates a duplicate renderer
  ---
  duration_ms: 0.3524
  ...
# Subtest: 늦게 끝나는 차트 마운트는 pending ack와 살아 있는 카드로 결론난다
ok 178 - 늦게 끝나는 차트 마운트는 pending ack와 살아 있는 카드로 결론난다
  ---
  duration_ms: 3.0353
  ...
# Subtest: all Athena chart entry points are statically locked to the AITS adapter
ok 179 - all Athena chart entry points are statically locked to the AITS adapter
  ---
  duration_ms: 6.9417
  ...
# Subtest: 보드 17: 채팅이 붙인 주소 하나가 다섯 단계 진행 화면을 연다
ok 180 - 보드 17: 채팅이 붙인 주소 하나가 다섯 단계 진행 화면을 연다
  ---
  duration_ms: 54.1312
  ...
# Subtest: 보드 17: 다섯 줄의 이름·부제·표식은 전부 잡이 준 것이다
ok 181 - 보드 17: 다섯 줄의 이름·부제·표식은 전부 잡이 준 것이다
  ---
  duration_ms: 12.7239
  ...
# Subtest: 보드 17: 대상은 출처가 말한 것이고 늘 확인 필요다
ok 182 - 보드 17: 대상은 출처가 말한 것이고 늘 확인 필요다
  ---
  duration_ms: 30.6505
  ...
# Subtest: 보드 17: 출처가 대상을 말하지 않았으면 그 자리를 비운다(지어내지 않는다)
ok 183 - 보드 17: 출처가 대상을 말하지 않았으면 그 자리를 비운다(지어내지 않는다)
  ---
  duration_ms: 2.8813
  ...
# Subtest: 보드 17: 지도는 그린 칸까지만 서고 나머지는 뼈대다
ok 184 - 보드 17: 지도는 그린 칸까지만 서고 나머지는 뼈대다
  ---
  duration_ms: 14.3074
  ...
# Subtest: 보드 17: 코드가 아직 없으면 서랍은 「아직 없음」이고 열 버튼이 없다
ok 185 - 보드 17: 코드가 아직 없으면 서랍은 「아직 없음」이고 열 버튼이 없다
  ---
  duration_ms: 27.1997
  ...
# Subtest: 보드 17: 코드 줄 수가 나와도 만드는 중 서랍에는 열 버튼이 서지 않는다
ok 186 - 보드 17: 코드 줄 수가 나와도 만드는 중 서랍에는 열 버튼이 서지 않는다
  ---
  duration_ms: 16.393
  ...
# Subtest: 보드 17: 머리는 무엇을 만들고 있는지만 말한다(이름도 판번호도 아직 없다)
ok 187 - 보드 17: 머리는 무엇을 만들고 있는지만 말한다(이름도 판번호도 아직 없다)
  ---
  duration_ms: 15.7425
  ...
# Subtest: 보드 17: 앞 전략이 몇 판이었든 만드는 중 머리는 지도 v0이다
ok 188 - 보드 17: 앞 전략이 몇 판이었든 만드는 중 머리는 지도 v0이다
  ---
  duration_ms: 30.2497
  ...
# Subtest: 보드 17: [멈추기]는 잡을 멈추고 폴링 연쇄를 끊는다
ok 189 - 보드 17: [멈추기]는 잡을 멈추고 폴링 연쇄를 끊는다
  ---
  duration_ms: 62.3619
  ...
# Subtest: 보드 17: 출처를 읽은 순간 채팅 카드가 한 번만 나가고 방어 문장이 붙는다
ok 190 - 보드 17: 출처를 읽은 순간 채팅 카드가 한 번만 나가고 방어 문장이 붙는다
  ---
  duration_ms: 46.3682
  ...
# Subtest: 보드 17: 읽지 못한 출처는 그 이유를 적고 돌아갈 길을 남긴다
ok 191 - 보드 17: 읽지 못한 출처는 그 이유를 적고 돌아갈 길을 남긴다
  ---
  duration_ms: 15.6069
  ...
# Subtest: 보드 17: 출처 연결이 없는 화면은 그 사실을 영수증으로 말한다
ok 192 - 보드 17: 출처 연결이 없는 화면은 그 사실을 영수증으로 말한다
  ---
  duration_ms: 15.5415
  ...
# Subtest: 보드 17: 화면이 숨은 사이 멈춘 진행은 돌아오면 다시 흐른다
ok 193 - 보드 17: 화면이 숨은 사이 멈춘 진행은 돌아오면 다시 흐른다
  ---
  duration_ms: 33.0542
  ...
# Subtest: 보드 17: 다 그린 지도는 설계 화면의 전략이 된다 — 「만드는 중」이 남지 않는다
ok 194 - 보드 17: 다 그린 지도는 설계 화면의 전략이 된다 — 「만드는 중」이 남지 않는다
  ---
  duration_ms: 18.6538
  ...
# Subtest: 보드 17: 새 주소가 오면 앞 잡을 멈추고 새로 띄운다
ok 195 - 보드 17: 새 주소가 오면 앞 잡을 멈추고 새로 띄운다
  ---
  duration_ms: 24.5161
  ...
# Subtest: container가 없으면 mount()/refresh()·채팅 배선까지 조용히 넘어간다
ok 196 - container가 없으면 mount()/refresh()·채팅 배선까지 조용히 넘어간다
  ---
  duration_ms: 0.5398
  ...
# Subtest: mount() 직후(비동기 완료 전)에는 정직한 로딩 상태를 그린다
ok 197 - mount() 직후(비동기 완료 전)에는 정직한 로딩 상태를 그린다
  ---
  duration_ms: 0.3722
  ...
# Subtest: 프리셋 fetch 실패 시 정직한 에러 상태를 그린다(목업 데이터 없음)
ok 198 - 프리셋 fetch 실패 시 정직한 에러 상태를 그린다(목업 데이터 없음)
  ---
  duration_ms: 1.1172
  ...
# Subtest: 보드 19: mount 직후는 기법 목록이고 프리셋 0번을 자동으로 고르지 않는다
ok 199 - 보드 19: mount 직후는 기법 목록이고 프리셋 0번을 자동으로 고르지 않는다
  ---
  duration_ms: 2.9466
  ...
# Subtest: empty → design: 프리셋 목록·대상·지표·조건·리스크 카드를 모두 그린다
ok 200 - empty → design: 프리셋 목록·대상·지표·조건·리스크 카드를 모두 그린다
  ---
  duration_ms: 2.9533
  ...
# Subtest: 지표 파라미터가 슬라이더로 나온다 — 프리셋의 min/max가 그대로 붙는다
ok 201 - 지표 파라미터가 슬라이더로 나온다 — 프리셋의 min/max가 그대로 붙는다
  ---
  duration_ms: 6.8711
  ...
# Subtest: 슬라이더를 움직이면 실행 yaml의 값이 바뀐다
ok 202 - 슬라이더를 움직이면 실행 yaml의 값이 바뀐다
  ---
  duration_ms: 30.3274
  ...
# Subtest: AND/OR 뱃지를 누르면 전환된다
ok 203 - AND/OR 뱃지를 누르면 전환된다
  ---
  duration_ms: 31.4445
  ...
# Subtest: 조건을 추가·삭제할 수 있다
ok 204 - 조건을 추가·삭제할 수 있다
  ---
  duration_ms: 39.6808
  ...
# Subtest: 비용 기본값이 채워져 있고 "사실 주장이 아니다"를 함께 표기한다
ok 205 - 비용 기본값이 채워져 있고 "사실 주장이 아니다"를 함께 표기한다
  ---
  duration_ms: 8.9932
  ...
# Subtest: 설계 화면에도 체결 가정이 상시 붙는다(보드 01)
ok 206 - 설계 화면에도 체결 가정이 상시 붙는다(보드 01)
  ---
  duration_ms: 13.8952
  ...
# Subtest: 실행 버튼: 폼이 비어있으면 run()을 부르지 않고 오류 목록을 보여준다
ok 207 - 실행 버튼: 폼이 비어있으면 run()을 부르지 않고 오류 목록을 보여준다
  ---
  duration_ms: 45.632
  ...
# Subtest: 409 → 승인 카드: 커버리지 막대·TR 호출 수·예상 소요를 그린다
ok 208 - 409 → 승인 카드: 커버리지 막대·TR 호출 수·예상 소요를 그린다
  ---
  duration_ms: 43.3717
  ...
# Subtest: 승인 카드에는 세 갈래가 모두 있다 — 막다른 길을 만들지 않는다
ok 209 - 승인 카드에는 세 갈래가 모두 있다 — 막다른 길을 만들지 않는다
  ---
  duration_ms: 18.5736
  ...
# Subtest: [보유 구간만으로 실행]은 allow_partial=true로 다시 부른다(휴장일 영구 409 탈출)
ok 210 - [보유 구간만으로 실행]은 allow_partial=true로 다시 부른다(휴장일 영구 409 탈출)
  ---
  duration_ms: 61.033
  ...
# Subtest: 승인 카드 [취소] → 설계로 돌아간다
ok 211 - 승인 카드 [취소] → 설계로 돌아간다
  ---
  duration_ms: 48.6561
  ...
# Subtest: [수집하고 실행] → backfill 바디가 폼 값 그대로다
ok 212 - [수집하고 실행] → backfill 바디가 폼 값 그대로다
  ---
  duration_ms: 48.2641
  ...
# Subtest: 수집 중 화면에 중단 버튼과 이어짐 안내가 있다 — 막다른 길이 아니다
ok 213 - 수집 중 화면에 중단 버튼과 이어짐 안내가 있다 — 막다른 길이 아니다
  ---
  duration_ms: 45.3596
  ...
# Subtest: 중단을 누르면 잡 취소 IPC를 부른다 — 폴링만 멈추지 않는다
ok 214 - 중단을 누르면 잡 취소 IPC를 부른다 — 폴링만 멈추지 않는다
  ---
  duration_ms: 45.9626
  ...
# Subtest: 중단 뒤에 늦게 돌아온 수집 응답이 백테스트를 시작하지 않는다
ok 215 - 중단 뒤에 늦게 돌아온 수집 응답이 백테스트를 시작하지 않는다
  ---
  duration_ms: 109.4814
  ...
# Subtest: running → result: 지표 6타일과 체결 표를 그린다
ok 216 - running → result: 지표 6타일과 체결 표를 그린다
  ---
  duration_ms: 47.1161
  ...
# Subtest: 타일 부제가 백엔드 값으로 채워진다 — 지어내지 않는다
ok 217 - 타일 부제가 백엔드 값으로 채워진다 — 지어내지 않는다
  ---
  duration_ms: 37.9388
  ...
# Subtest: 체결 표의 비용은 수수료+세금이다 — 매도 거래세를 버리지 않는다
ok 218 - 체결 표의 비용은 수수료+세금이다 — 매도 거래세를 버리지 않는다
  ---
  duration_ms: 43.2563
  ...
# Subtest: 자산곡선 자리가 플레이스홀더가 아니라 실제 영역이다
ok 219 - 자산곡선 자리가 플레이스홀더가 아니라 실제 영역이다
  ---
  duration_ms: 60.5183
  ...
# Subtest: 매수보유 곡선을 실제로 그린다 — 범례만 있고 선이 없으면 안 된다
ok 220 - 매수보유 곡선을 실제로 그린다 — 범례만 있고 선이 없으면 안 된다
  ---
  duration_ms: 50.0272
  ...
# Subtest: 코드 출력(stdout)을 버리지 않고 보여준다
ok 221 - 코드 출력(stdout)을 버리지 않고 보여준다
  ---
  duration_ms: 55.6534
  ...
# Subtest: 결과에서 설계로 돌아가는 탭이 있다 — 갇히지 않는다
ok 222 - 결과에서 설계로 돌아가는 탭이 있다 — 갇히지 않는다
  ---
  duration_ms: 49.6454
  ...
# Subtest: 가정 섹션은 flags가 없어도 항상 표기된다
ok 223 - 가정 섹션은 flags가 없어도 항상 표기된다
  ---
  duration_ms: 42.9188
  ...
# Subtest: 코드가 없으면 실패는 그냥 에러 화면이다
ok 224 - 코드가 없으면 실패는 그냥 에러 화면이다
  ---
  duration_ms: 28.5511
  ...
# Subtest: 폴링 중단: 컨테이너가 hidden이면 다음 tick을 예약하지 않는다
ok 225 - 폴링 중단: 컨테이너가 hidden이면 다음 tick을 예약하지 않는다
  ---
  duration_ms: 32.7441
  ...
# Subtest: onChatAction: 알 수 없는 kind·빈 payload는 null이고 아무것도 바꾸지 않는다
ok 226 - onChatAction: 알 수 없는 kind·빈 payload는 null이고 아무것도 바꾸지 않는다
  ---
  duration_ms: 30.6634
  ...
# Subtest: spec_draft: 폼에 바로 들어가고 지도로 돌아온다 — 캔버스 초안 카드는 없다
ok 227 - spec_draft: 폼에 바로 들어가고 지도로 돌아온다 — 캔버스 초안 카드는 없다
  ---
  duration_ms: 16.1988
  ...
# Subtest: spec_draft: 바뀐 칸이 지도의 어느 번호인지 영수증에 실린다(보드 14-B)
ok 228 - spec_draft: 바뀐 칸이 지도의 어느 번호인지 영수증에 실린다(보드 14-B)
  ---
  duration_ms: 31.5911
  ...
# Subtest: changedNodeIds: 스펙 필드를 지도 칸으로 옮긴다 — 지도 순서, 중복 없음
ok 229 - changedNodeIds: 스펙 필드를 지도 칸으로 옮긴다 — 지도 순서, 중복 없음
  ---
  duration_ms: 0.336
  ...
# Subtest: spec_draft 영수증: 값을 사람 말로 적는다 — 파라미터·주기·리스크·비용·조건
ok 230 - spec_draft 영수증: 값을 사람 말로 적는다 — 파라미터·주기·리스크·비용·조건
  ---
  duration_ms: 15.4302
  ...
# Subtest: spec_draft: 실행은 켜지 않는다 — suggest_run은 영수증에 실려 채팅 버튼이 된다
ok 231 - spec_draft: 실행은 켜지 않는다 — suggest_run은 영수증에 실려 채팅 버튼이 된다
  ---
  duration_ms: 40.3438
  ...
# Subtest: [되돌리기]: 반영 직전 폼으로 돌아가고 무엇이 돌아왔는지를 돌려준다
ok 232 - [되돌리기]: 반영 직전 폼으로 돌아가고 무엇이 돌아왔는지를 돌려준다
  ---
  duration_ms: 11.9742
  ...
# Subtest: 되돌리기: 옛 지점으로 돌아가면 그 뒤의 내역은 사라진다
ok 233 - 되돌리기: 옛 지점으로 돌아가면 그 뒤의 내역은 사라진다
  ---
  duration_ms: 29.8928
  ...
# Subtest: 되돌리기 스택은 20개까지 — 더 오래된 변경은 이유를 돌려준다
ok 234 - 되돌리기 스택은 20개까지 — 더 오래된 변경은 이유를 돌려준다
  ---
  duration_ms: 23.4283
  ...
# Subtest: 검증에 걸리는 설정도 반영된다 — 오류는 실행 전 확인으로 폼·영수증·pending에 남는다
ok 235 - 검증에 걸리는 설정도 반영된다 — 오류는 실행 전 확인으로 폼·영수증·pending에 남는다
  ---
  duration_ms: 20.4769
  ...
# Subtest: 전략 전환은 종목·날짜가 비어 있어도 바로 반영된다 — 2026-09-02 이평이격 실측
ok 236 - 전략 전환은 종목·날짜가 비어 있어도 바로 반영된다 — 2026-09-02 이평이격 실측
  ---
  duration_ms: 31.3614
  ...
# Subtest: 모르는 프리셋 id는 반영하지 않고 오류로 알린다
ok 237 - 모르는 프리셋 id는 반영하지 않고 오류로 알린다
  ---
  duration_ms: 32.8082
  ...
# Subtest: preset이 든 설정: 전략이 바뀌고 종목·기간은 남으며 나머지 키가 그 위에 얹힌다
ok 238 - preset이 든 설정: 전략이 바뀌고 종목·기간은 남으며 나머지 키가 그 위에 얹힌다
  ---
  duration_ms: 32.9256
  ...
# Subtest: 실행 중·승인 중에는 아무것도 바꾸지 않고 이유를 돌려준다
ok 239 - 실행 중·승인 중에는 아무것도 바꾸지 않고 이유를 돌려준다
  ---
  duration_ms: 87.2947
  ...
# Subtest: 되돌리기: 실행 중에는 잠긴다
ok 240 - 되돌리기: 실행 중에는 잠긴다
  ---
  duration_ms: 44.9879
  ...
# Subtest: runFromChat: 폼 오류를 돌려주고 실행하지 않는다 — 통과하면 그때 한 번 돈다
ok 241 - runFromChat: 폼 오류를 돌려주고 실행하지 않는다 — 통과하면 그때 한 번 돈다
  ---
  duration_ms: 45.2306
  ...
# Subtest: code_draft: 편집기에 바로 들어가고 실행경로가 코드로 바뀐다 — 실행은 없다
ok 242 - code_draft: 편집기에 바로 들어가고 실행경로가 코드로 바뀐다 — 실행은 없다
  ---
  duration_ms: 33.2959
  ...
# Subtest: code_draft 되돌리기: 편집기와 실행경로가 함께 돌아간다
ok 243 - code_draft 되돌리기: 편집기와 실행경로가 함께 돌아간다
  ---
  duration_ms: 27.5816
  ...
# Subtest: code_draft: run 바디에 source가 실린다 — 사람이 실행을 누른 뒤다
ok 244 - code_draft: run 바디에 source가 실린다 — 사람이 실행을 누른 뒤다
  ---
  duration_ms: 47.3921
  ...
# Subtest: validateFromChat: validate(kind=python)를 부르고 판정·오류를 돌려준다
ok 245 - validateFromChat: validate(kind=python)를 부르고 판정·오류를 돌려준다
  ---
  duration_ms: 17.3887
  ...
# Subtest: 되돌리기: 검증 오류도 함께 지운다 — 사라진 코드의 오류를 남기지 않는다
ok 246 - 되돌리기: 검증 오류도 함께 지운다 — 사라진 코드의 오류를 남기지 않는다
  ---
  duration_ms: 29.1042
  ...
# Subtest: navigate: 탭만 옮기고 되돌리기는 없다
ok 247 - navigate: 탭만 옮기고 되돌리기는 없다
  ---
  duration_ms: 34.9225
  ...
# Subtest: 비교 패널에 파라미터 diff와 코드 diff 두 칸이 선다
ok 248 - 비교 패널에 파라미터 diff와 코드 diff 두 칸이 선다
  ---
  duration_ms: 40.7611
  ...
# Subtest: 파라미터 diff는 키 단위로 변한 값만 적는다
ok 249 - 파라미터 diff는 키 단위로 변한 값만 적는다
  ---
  duration_ms: 0.3607
  ...
# Subtest: 코드 diff 칸은 버전 쌍과 바뀐 줄 수를 적는다
ok 250 - 코드 diff 칸은 버전 쌍과 바뀐 줄 수를 적는다
  ---
  duration_ms: 0.3057
  ...
# Subtest: navigate design/flow: 코드 경로면 지금 코드로 지도를 다시 만든다
ok 251 - navigate design/flow: 코드 경로면 지금 코드로 지도를 다시 만든다
  ---
  duration_ms: 29.6538
  ...
# Subtest: 폼 경로의 지도는 지금 폼(yaml)으로 만든다 — 같은 라우트, 다른 몸체
ok 252 - 폼 경로의 지도는 지금 폼(yaml)으로 만든다 — 같은 라우트, 다른 몸체
  ---
  duration_ms: 31.1073
  ...
# Subtest: navigate: 모르는 tab은 null이고, 모르는 designTab만 무시한다
ok 253 - navigate: 모르는 tab은 null이고, 모르는 designTab만 무시한다
  ---
  duration_ms: 16.601
  ...
# Subtest: optimize_request: 방식을 골라두고 [탐색 시작]을 켠다 — 시작은 사람·채팅 버튼이다
ok 254 - optimize_request: 방식을 골라두고 [탐색 시작]을 켠다 — 시작은 사람·채팅 버튼이다
  ---
  duration_ms: 32.3812
  ...
# Subtest: optimize_request: 문구가 없으면 기본 한 줄, 모르는 method는 그대로 둔다
ok 255 - optimize_request: 문구가 없으면 기본 한 줄, 모르는 method는 그대로 둔다
  ---
  duration_ms: 30.5123
  ...
# Subtest: getContext(): lastChange는 마지막 변경만 싣고 되돌리면 사라진다
ok 256 - getContext(): lastChange는 마지막 변경만 싣고 되돌리면 사라진다
  ---
  duration_ms: 19.2692
  ...
# Subtest: 실행경로 전환은 코드가 있을 때만 뜨고, run 바디의 source를 켜고 끈다
ok 257 - 실행경로 전환은 코드가 있을 때만 뜨고, run 바디의 source를 켜고 끈다
  ---
  duration_ms: 57.6067
  ...
# Subtest: 결과에 실행경로 뱃지가 붙는다 — run_path=code면 [코드 경로]
ok 258 - 결과에 실행경로 뱃지가 붙는다 — run_path=code면 [코드 경로]
  ---
  duration_ms: 109.7337
  ...
# Subtest: getContext(): 키 목록이 계약으로 고정돼 있다 — spec은 복사본이다
ok 259 - getContext(): 키 목록이 계약으로 고정돼 있다 — spec은 복사본이다
  ---
  duration_ms: 14.0313
  ...
# Subtest: getContext(): 새 키는 아무것도 없을 때 없음/빈 값으로 정직하게 내려간다
ok 260 - getContext(): 새 키는 아무것도 없을 때 없음/빈 값으로 정직하게 내려간다
  ---
  duration_ms: 15.7902
  ...
# Subtest: getContext(): 성공한 실행은 뽑은 지표·플래그·stdout 꼬리를 싣는다
ok 261 - getContext(): 성공한 실행은 뽑은 지표·플래그·stdout 꼬리를 싣는다
  ---
  duration_ms: 66.7808
  ...
# Subtest: getContext(): 실패한 실행은 오류를 싣고 앞 실행의 숫자를 남기지 않는다
ok 262 - getContext(): 실패한 실행은 오류를 싣고 앞 실행의 숫자를 남기지 않는다
  ---
  duration_ms: 39.6144
  ...
# Subtest: getContext(): 6000자를 넘는 코드는 잘라 싣고 truncated로 알린다
ok 263 - getContext(): 6000자를 넘는 코드는 잘라 싣고 truncated로 알린다
  ---
  duration_ms: 45.0404
  ...
# Subtest: getContext(): 진단은 제목·이유·줄·수정안 요약만 넘긴다
ok 264 - getContext(): 진단은 제목·이유·줄·수정안 요약만 넘긴다
  ---
  duration_ms: 51.8332
  ...
# Subtest: 진단 [적용하고 다시 실행]: 실행경로가 코드로 돌아와 고친 코드가 돈다
ok 265 - 진단 [적용하고 다시 실행]: 실행경로가 코드로 돌아와 고친 코드가 돈다
  ---
  duration_ms: 71.3015
  ...
# Subtest: getContext(): 캐시 상태는 대상이 정해지면 실리고 대상이 바뀌면 모름으로 돌아간다
ok 266 - getContext(): 캐시 상태는 대상이 정해지면 실리고 대상이 바뀌면 모름으로 돌아간다
  ---
  duration_ms: 50.8512
  ...
# Subtest: getContext(): 최적화 결과는 최고점·경고 문장·셀 수로 줄인다
ok 267 - getContext(): 최적화 결과는 최고점·경고 문장·셀 수로 줄인다
  ---
  duration_ms: 43.2085
  ...
# Subtest: formatPercentValue/formatRatioValue: null은 정직한 —, 무한대는 ∞
ok 268 - formatPercentValue/formatRatioValue: null은 정직한 —, 무한대는 ∞
  ---
  duration_ms: 1.1712
  ...
# Subtest: metricTileSub: 값이 없으면 부제를 비운다
ok 269 - metricTileSub: 값이 없으면 부제를 비운다
  ---
  duration_ms: 0.3066
  ...
# Subtest: coverageRatio: 필요 페이지가 0이면 가득 찼다
ok 270 - coverageRatio: 필요 페이지가 0이면 가득 찼다
  ---
  duration_ms: 0.2614
  ...
# Subtest: heatIntensity: 범위 밖 값을 0~1로 자른다
ok 271 - heatIntensity: 범위 밖 값을 0~1로 자른다
  ---
  duration_ms: 0.282
  ...
# Subtest: 모드 탭 5개와 설계 하위 탭 4개가 계약으로 고정돼 있다
ok 272 - 모드 탭 5개와 설계 하위 탭 4개가 계약으로 고정돼 있다
  ---
  duration_ms: 0.8791
  ...
# Subtest: 배포 모드 3종의 기본은 승인이다 — 자동 주문이 기본이 아니다
ok 273 - 배포 모드 3종의 기본은 승인이다 — 자동 주문이 기본이 아니다
  ---
  duration_ms: 0.2527
  ...
# Subtest: 코드 경로 실행은 폼의 진입·청산 조건을 검사하지 않는다 — 2026-09-02 52주 실측
ok 274 - 코드 경로 실행은 폼의 진입·청산 조건을 검사하지 않는다 — 2026-09-02 52주 실측
  ---
  duration_ms: 25.9959
  ...
# Subtest: 오류 화면에는 설계로 돌아가는 버튼이 있다 — 막다른 길 금지(2026-09-02 "뒤로가기가 없어")
ok 275 - 오류 화면에는 설계로 돌아가는 버튼이 있다 — 막다른 길 금지(2026-09-02 "뒤로가기가 없어")
  ---
  duration_ms: 49.9251
  ...
# Subtest: 코드 탭: 프로젝트 배선이 없으면 지금까지의 단일 편집기 그대로다
ok 276 - 코드 탭: 프로젝트 배선이 없으면 지금까지의 단일 편집기 그대로다
  ---
  duration_ms: 18.7399
  ...
# Subtest: 코드 탭: 프로젝트를 고르기 전에는 IDE와 옛 편집기가 함께 선다
ok 277 - 코드 탭: 프로젝트를 고르기 전에는 IDE와 옛 편집기가 함께 선다
  ---
  duration_ms: 54.1485
  ...
# Subtest: 실행: 지금 연 파일의 본문이 source로 실린다(D2 — 진실은 디스크에 있다)
ok 278 - 실행: 지금 연 파일의 본문이 source로 실린다(D2 — 진실은 디스크에 있다)
  ---
  duration_ms: 92.4648
  ...
# Subtest: 실행: 저장 안 한 편집이 있으면 막고 "저장하고 실행하세요"를 코드 탭에 적는다
ok 279 - 실행: 저장 안 한 편집이 있으면 막고 "저장하고 실행하세요"를 코드 탭에 적는다
  ---
  duration_ms: 105.5501
  ...
# Subtest: 실행: 프로젝트 파일을 열면 폼의 진입·청산 조건은 검사하지 않는다(신호는 파이썬이 만든다)
ok 280 - 실행: 프로젝트 파일을 열면 폼의 진입·청산 조건은 검사하지 않는다(신호는 파이썬이 만든다)
  ---
  duration_ms: 78.7219
  ...
# Subtest: file_draft: 코드 탭에 diff가 서고 파일은 아직 쓰이지 않는다
ok 281 - file_draft: 코드 탭에 diff가 서고 파일은 아직 쓰이지 않는다
  ---
  duration_ms: 49.31
  ...
# Subtest: [적용]: 그때 딱 한 번 파일에 쓴다 — project_id·경로·본문 그대로
ok 282 - [적용]: 그때 딱 한 번 파일에 쓴다 — project_id·경로·본문 그대로
  ---
  duration_ms: 44.2941
  ...
# Subtest: [버리기]: 아무것도 쓰지 않고 초안만 사라진다
ok 283 - [버리기]: 아무것도 쓰지 않고 초안만 사라진다
  ---
  duration_ms: 47.7191
  ...
# Subtest: file_draft: 프로젝트가 없거나 .py가 아니면 서지 않고 이유를 돌려준다
ok 284 - file_draft: 프로젝트가 없거나 .py가 아니면 서지 않고 이유를 돌려준다
  ---
  duration_ms: 61.3218
  ...
# Subtest: [적용]: 편집기에 저장 안 한 편집이 있으면 덮어쓰지 않는다
ok 285 - [적용]: 편집기에 저장 안 한 편집이 있으면 덮어쓰지 않는다
  ---
  duration_ms: 77.4744
  ...
# Subtest: [적용]: 쓰기가 실패하면 이유를 돌려주고 초안을 남긴다
ok 286 - [적용]: 쓰기가 실패하면 이유를 돌려주고 초안을 남긴다
  ---
  duration_ms: 45.5202
  ...
# Subtest: getContext().project: 폴더·활성 파일·.py 목록·적용 대기를 싣는다
ok 287 - getContext().project: 폴더·활성 파일·.py 목록·적용 대기를 싣는다
  ---
  duration_ms: 77.6688
  ...
# Subtest: [적용하고 실행]: 방금 쓴 파일이 돈다 — 편집기 버퍼의 옛 내용이 아니다
ok 288 - [적용하고 실행]: 방금 쓴 파일이 돈다 — 편집기 버퍼의 옛 내용이 아니다
  ---
  duration_ms: 92.1664
  ...
# Subtest: 설계 폼: 내가 만든 기법도 같은 목록에 선다 — 묶음은 하나뿐이다
ok 289 - 설계 폼: 내가 만든 기법도 같은 목록에 선다 — 묶음은 하나뿐이다
  ---
  duration_ms: 17.6854
  ...
# Subtest: 설계 폼: 등록부 배선이 없으면 내가 만든 기법 줄이 없을 뿐 목록은 그대로다
ok 290 - 설계 폼: 등록부 배선이 없으면 내가 만든 기법 줄이 없을 뿐 목록은 그대로다
  ---
  duration_ms: 27.8325
  ...
# Subtest: 기법 카드: 이름·분류 칩(한국어)·한 줄 설명이 함께 선다
ok 291 - 기법 카드: 이름·분류 칩(한국어)·한 줄 설명이 함께 선다
  ---
  duration_ms: 17.1206
  ...
# Subtest: [+ 새 기법 만들기]: 빈 뼈대를 코드창에 세우고 첫 문장을 채팅에 보낸다
ok 292 - [+ 새 기법 만들기]: 빈 뼈대를 코드창에 세우고 첫 문장을 채팅에 보낸다
  ---
  duration_ms: 45.3993
  ...
# Subtest: [+ 새 기법 만들기] 뒤에 기법을 고르면 만들던 중이라는 신호가 꺼진다
ok 293 - [+ 새 기법 만들기] 뒤에 기법을 고르면 만들던 중이라는 신호가 꺼진다
  ---
  duration_ms: 62.0071
  ...
# Subtest: 목록 화면에서 온 설정은 새 기법 뼈대를 세우고 그 위에 얹는다
ok 294 - 목록 화면에서 온 설정은 새 기법 뼈대를 세우고 그 위에 얹는다
  ---
  duration_ms: 14.4128
  ...
# Subtest: 목록 화면에서 온 코드는 뼈대 위에 얹히고 코드창이 실제로 선다
ok 295 - 목록 화면에서 온 코드는 뼈대 위에 얹히고 코드창이 실제로 선다
  ---
  duration_ms: 31.7064
  ...
# Subtest: 목록 화면이어도 아는 기법 id가 든 설정은 그 기법을 고른다
ok 296 - 목록 화면이어도 아는 기법 id가 든 설정은 그 기법을 고른다
  ---
  duration_ms: 13.2365
  ...
# Subtest: 목록 화면의 navigate는 하위 탭을 반영하지 않고 이유를 돌려준다
ok 297 - 목록 화면의 navigate는 하위 탭을 반영하지 않고 이유를 돌려준다
  ---
  duration_ms: 31.4111
  ...
# Subtest: 목록 화면에서도 모드 탭 이동(이력)은 그대로 반영된다
ok 298 - 목록 화면에서도 모드 탭 이동(이력)은 그대로 반영된다
  ---
  duration_ms: 18.3087
  ...
# Subtest: 폴더 배선에서도 목록 화면에서 온 코드가 디스크와 편집기에 남는다
ok 299 - 폴더 배선에서도 목록 화면에서 온 코드가 디스크와 편집기에 남는다
  ---
  duration_ms: 103.7888
  ...
# Subtest: 폴더 배선에서 모르는 기법 id는 뼈대도 폴더도 만들지 않는다
ok 300 - 폴더 배선에서 모르는 기법 id는 뼈대도 폴더도 만들지 않는다
  ---
  duration_ms: 143.043
  ...
# Subtest: 내 전략을 고르면 그 파일이 IDE에 열리고 실행경로가 코드로 바뀐다
ok 301 - 내 전략을 고르면 그 파일이 IDE에 열리고 실행경로가 코드로 바뀐다
  ---
  duration_ms: 45.612
  ...
# Subtest: 내 전략을 고르면 등록부의 PARAMS가 슬라이더로 서고, 지표·조건 카드는 사라진다
ok 302 - 내 전략을 고르면 등록부의 PARAMS가 슬라이더로 서고, 지표·조건 카드는 사라진다
  ---
  duration_ms: 61.5257
  ...
# Subtest: 내 전략 실행: 파일 본문·project_id·슬라이더 값이 함께 나간다
ok 303 - 내 전략 실행: 파일 본문·project_id·슬라이더 값이 함께 나간다
  ---
  duration_ms: 77.2537
  ...
# Subtest: [등록 해제]는 등록만 지우고 목록을 다시 읽는다 — 파일은 건드리지 않는다
ok 304 - [등록 해제]는 등록만 지우고 목록을 다시 읽는다 — 파일은 건드리지 않는다
  ---
  duration_ms: 49.9559
  ...
# Subtest: 등록부가 exists:false를 주면 그 사실을 그대로 적는다 — 지어내지 않는다
ok 305 - 등록부가 exists:false를 주면 그 사실을 그대로 적는다 — 지어내지 않는다
  ---
  duration_ms: 43.5832
  ...
# Subtest: [내 전략으로 등록]: 지금 연 파일을 파일 이름(확장자 뺀)으로 등록하고 목록을 갱신한다
ok 306 - [내 전략으로 등록]: 지금 연 파일을 파일 이름(확장자 뺀)으로 등록하고 목록을 갱신한다
  ---
  duration_ms: 91.5006
  ...
# Subtest: [내 전략으로 등록]: 저장 안 한 편집이 있으면 등록하지 않는다 — 등록부와 화면이 갈라진다
ok 307 - [내 전략으로 등록]: 저장 안 한 편집이 있으면 등록하지 않는다 — 등록부와 화면이 갈라진다
  ---
  duration_ms: 76.3448
  ...
# Subtest: 등록 버튼: 연 파일이 없는 채로 누르면 조용히 넘어가지 않고 무엇을 하라고 말한다
ok 308 - 등록 버튼: 연 파일이 없는 채로 누르면 조용히 넘어가지 않고 무엇을 하라고 말한다
  ---
  duration_ms: 75.8334
  ...
# Subtest: 환경 패널: 없음/준비됨 상태를 백엔드가 준 그대로 적는다
ok 309 - 환경 패널: 없음/준비됨 상태를 백엔드가 준 그대로 적는다
  ---
  duration_ms: 156.0539
  ...
# Subtest: [환경 만들기]: 패키지 칸을 실어 보내고 잡을 폴링하다가 끝나면 상태를 다시 읽는다
ok 310 - [환경 만들기]: 패키지 칸을 실어 보내고 잡을 폴링하다가 끝나면 상태를 다시 읽는다
  ---
  duration_ms: 110.1476
  ...
# Subtest: [환경 만들기]: 설치할 수 없는 이름은 보내기 전에 그 자리에서 막는다
ok 311 - [환경 만들기]: 설치할 수 없는 이름은 보내기 전에 그 자리에서 막는다
  ---
  duration_ms: 91.7582
  ...
# Subtest: 환경 잡이 실패하면 이유를 그 자리에 적고 폴링을 멈춘다
ok 312 - 환경 잡이 실패하면 이유를 그 자리에 적고 폴링을 멈춘다
  ---
  duration_ms: 61.809
  ...
# Subtest: 지도 탭: 만드는 동안 진행 표시가 뜨고, 오면 사라진다
ok 313 - 지도 탭: 만드는 동안 진행 표시가 뜨고, 오면 사라진다
  ---
  duration_ms: 46.3561
  ...
# Subtest: 지도 탭: 못 만들면 그 자리에 적는다 — 화면 전체를 오류로 바꾸지 않는다
ok 314 - 지도 탭: 못 만들면 그 자리에 적는다 — 화면 전체를 오류로 바꾸지 않는다
  ---
  duration_ms: 30.6197
  ...
# Subtest: 채팅 navigate(design, flow)도 같은 진행 표시를 거친다
ok 315 - 채팅 navigate(design, flow)도 같은 진행 표시를 거친다
  ---
  duration_ms: 49.4857
  ...
# Subtest: 지도 탭: 프로젝트 파일을 열었으면 그 파일이 지도의 원문이다
ok 316 - 지도 탭: 프로젝트 파일을 열었으면 그 파일이 지도의 원문이다
  ---
  duration_ms: 75.8028
  ...
# Subtest: 지도 탭: 대상 한 줄과 ①~④ 칸, 코드 서랍이 함께 선다
ok 317 - 지도 탭: 대상 한 줄과 ①~④ 칸, 코드 서랍이 함께 선다
  ---
  duration_ms: 32.4186
  ...
# Subtest: 지도 탭: 방금 바뀐 칸에 알약이 붙는다 — 대화 한 번이 어디를 건드렸는지
ok 318 - 지도 탭: 방금 바뀐 칸에 알약이 붙는다 — 대화 한 번이 어디를 건드렸는지
  ---
  duration_ms: 46.0239
  ...
# Subtest: [코드 열기]: 폼 경로에서는 지도 뒤의 코드를 한 번 만들고 실행경로는 그대로 둔다
ok 319 - [코드 열기]: 폼 경로에서는 지도 뒤의 코드를 한 번 만들고 실행경로는 그대로 둔다
  ---
  duration_ms: 64.2114
  ...
# Subtest: [지도로 되돌리기]: 코드 초안을 버리고 폼 경로로 돌아간다
ok 320 - [지도로 되돌리기]: 코드 초안을 버리고 폼 경로로 돌아간다
  ---
  duration_ms: 58.8583
  ...
# Subtest: 지도 탭: 실행이 멈추면 진단이 지도 아래에 붙고 제목이 그 칸 번호로 시작한다
ok 321 - 지도 탭: 실행이 멈추면 진단이 지도 아래에 붙고 제목이 그 칸 번호로 시작한다
  ---
  duration_ms: 64.0284
  ...
# Subtest: 지도 요청: 실행이 멈춰 있으면 그 사실을 함께 보낸다 — 칸에 붙일 수 있게
ok 322 - 지도 요청: 실행이 멈춰 있으면 그 사실을 함께 보낸다 — 칸에 붙일 수 있게
  ---
  duration_ms: 75.0796
  ...
# Subtest: 실행이 멈추면 그 자리에서 지도를 다시 만든다 — 칸에 붙일 기회는 이때뿐이다
ok 323 - 실행이 멈추면 그 자리에서 지도를 다시 만든다 — 칸에 붙일 기회는 이때뿐이다
  ---
  duration_ms: 77.2591
  ...
# Subtest: 실행이 끝나도 지도를 다시 만든다 — 오른쪽 사실은 그 실행이 만든 값이다
ok 324 - 실행이 끝나도 지도를 다시 만든다 — 오른쪽 사실은 그 실행이 만든 값이다
  ---
  duration_ms: 62.964
  ...
# Subtest: 지도를 다시 못 만들면 앞 지도를 지운다 — 남의 전략 칸이 서 있으면 안 된다
ok 325 - 지도를 다시 못 만들면 앞 지도를 지운다 — 남의 전략 칸이 서 있으면 안 된다
  ---
  duration_ms: 60.0151
  ...
# Subtest: 프리셋을 고르면 지도 뒤의 코드도 비운다 — 서랍이 남의 코드를 가리키면 안 된다
ok 326 - 프리셋을 고르면 지도 뒤의 코드도 비운다 — 서랍이 남의 코드를 가리키면 안 된다
  ---
  duration_ms: 61.2022
  ...
# Subtest: 오류 화면에는 [지도에서 보기]가 있다 — 무엇이 멈췄는지는 칸 위에서 읽힌다
ok 327 - 오류 화면에는 [지도에서 보기]가 있다 — 무엇이 멈췄는지는 칸 위에서 읽힌다
  ---
  duration_ms: 47.3397
  ...
# Subtest: getContext().map: 마지막으로 받아온 칸만 싣는다 — 없으면 빈 목록이다
ok 328 - getContext().map: 마지막으로 받아온 칸만 싣는다 — 없으면 빈 목록이다
  ---
  duration_ms: 76.9817
  ...
# Subtest: 되돌리기도 지도 한 판이다 — 버전은 뒤로 가지 않는다
ok 329 - 되돌리기도 지도 한 판이다 — 버전은 뒤로 가지 않는다
  ---
  duration_ms: 20.9284
  ...
# Subtest: 파일 실행이 준 전략·버전 id로 배포 탭이 열린다 — [이 코드로 저장]을 거치지 않는다
ok 330 - 파일 실행이 준 전략·버전 id로 배포 탭이 열린다 — [이 코드로 저장]을 거치지 않는다
  ---
  duration_ms: 120.7295
  ...
# Subtest: 유효 종료가 비면 실전 배포 버튼이 비활성이고 이유가 적힌다
ok 331 - 유효 종료가 비면 실전 배포 버튼이 비활성이고 이유가 적힌다
  ---
  duration_ms: 93.3782
  ...
# Subtest: 한도 6칸이 모두 차야 배포가 만들어진다
ok 332 - 한도 6칸이 모두 차야 배포가 만들어진다
  ---
  duration_ms: 110.4963
  ...
# Subtest: deployLimitsGate: 빈 칸을 라벨로 되돌려준다 — 지어낸 기본값을 넣지 않는다
ok 333 - deployLimitsGate: 빈 칸을 라벨로 되돌려준다 — 지어낸 기본값을 넣지 않는다
  ---
  duration_ms: 0.3458
  ...
# Subtest: 유효기간이 지난 배포는 만료 배지를 함께 그린다 — 켜져 있다고 말하지 않는다
ok 334 - 유효기간이 지난 배포는 만료 배지를 함께 그린다 — 켜져 있다고 말하지 않는다
  ---
  duration_ms: 59.6289
  ...
# Subtest: 중지한 배포는 만료로 덮이지 않는다 — 멈춘 것이 사람이었다는 사실을 지우지 않는다
ok 335 - 중지한 배포는 만료로 덮이지 않는다 — 멈춘 것이 사람이었다는 사실을 지우지 않는다
  ---
  duration_ms: 61.4617
  ...
# Subtest: 무장 토글이 armDeployment(id, 반대값)를 정확히 한 번 부른다
ok 336 - 무장 토글이 armDeployment(id, 반대값)를 정확히 한 번 부른다
  ---
  duration_ms: 78.3987
  ...
# Subtest: 무장이 409로 거절당하면 그 이유가 화면에 남는다 — 조용한 실패 금지
ok 337 - 무장이 409로 거절당하면 그 이유가 화면에 남는다 — 조용한 실패 금지
  ---
  duration_ms: 63.1932
  ...
# Subtest: armDeployment 배선이 없으면 무장 토글을 아예 그리지 않는다
ok 338 - armDeployment 배선이 없으면 무장 토글을 아예 그리지 않는다
  ---
  duration_ms: 62.4053
  ...
# Subtest: auto_armed가 false면 "자동" 표시가 없다 — armed만으로 자동을 말하지 않는다
ok 339 - auto_armed가 false면 "자동" 표시가 없다 — armed만으로 자동을 말하지 않는다
  ---
  duration_ms: 121.1362
  ...
# Subtest: 오늘 로그는 order_no·qty가 없는 행에 수량과 주문번호를 지어내지 않는다
ok 340 - 오늘 로그는 order_no·qty가 없는 행에 수량과 주문번호를 지어내지 않는다
  ---
  duration_ms: 61.1075
  ...
# Subtest: 오늘 로그는 체결 행에 수량·체결가·주문번호를 싣고 오늘 것만 센다
ok 341 - 오늘 로그는 체결 행에 수량·체결가·주문번호를 싣고 오늘 것만 센다
  ---
  duration_ms: 61.7296
  ...
# Subtest: 신호를 못 읽으면 오늘 로그를 그리지 않는다 — 빈 로그는 "아무 일도 없었다"가 된다
ok 342 - 신호를 못 읽으면 오늘 로그를 그리지 않는다 — 빈 로그는 "아무 일도 없었다"가 된다
  ---
  duration_ms: 45.5812
  ...
# Subtest: 배포 카드 머리 문구가 자동 주문 사실을 말한다 — "신호까지만"은 더 이상 참이 아니다
ok 343 - 배포 카드 머리 문구가 자동 주문 사실을 말한다 — "신호까지만"은 더 이상 참이 아니다
  ---
  duration_ms: 63.2854
  ...
# Subtest: 오늘 로그 순수 계산 — 없는 값은 빈 칸이고 단계는 사람 말이다
ok 344 - 오늘 로그 순수 계산 — 없는 값은 빈 칸이고 단계는 사람 말이다
  ---
  duration_ms: 2.3
  ...
# Subtest: parseYamlBlock: safe_dump 블록 스타일을 읽는다(프리셋의 한 줄 스타일이 아니다)
ok 345 - parseYamlBlock: safe_dump 블록 스타일을 읽는다(프리셋의 한 줄 스타일이 아니다)
  ---
  duration_ms: 1.1233
  ...
# Subtest: parseYamlBlock: safe_dump plain 제목 뒤의 전략·리스크와 원제목을 보존한다
ok 346 - parseYamlBlock: safe_dump plain 제목 뒤의 전략·리스크와 원제목을 보존한다
  ---
  duration_ms: 0.7223
  ...
# Subtest: parseYamlBlock: safe_dump single 제목 뒤의 전략·리스크와 원제목을 보존한다
ok 347 - parseYamlBlock: safe_dump single 제목 뒤의 전략·리스크와 원제목을 보존한다
  ---
  duration_ms: 0.7152
  ...
# Subtest: parseYamlBlock: safe_dump double 제목 뒤의 전략·리스크와 원제목을 보존한다
ok 348 - parseYamlBlock: safe_dump double 제목 뒤의 전략·리스크와 원제목을 보존한다
  ---
  duration_ms: 0.5083
  ...
# Subtest: parseYamlBlock: safe_dump paragraph 제목 뒤의 전략·리스크와 원제목을 보존한다
ok 349 - parseYamlBlock: safe_dump paragraph 제목 뒤의 전략·리스크와 원제목을 보존한다
  ---
  duration_ms: 0.3798
  ...
# Subtest: parseYamlBlock: safe_dump next-line 제목 뒤의 전략·리스크와 원제목을 보존한다
ok 350 - parseYamlBlock: safe_dump next-line 제목 뒤의 전략·리스크와 원제목을 보존한다
  ---
  duration_ms: 0.4344
  ...
# Subtest: parseYamlBlock: safe_dump line-separator 제목 뒤의 전략·리스크와 원제목을 보존한다
ok 351 - parseYamlBlock: safe_dump line-separator 제목 뒤의 전략·리스크와 원제목을 보존한다
  ---
  duration_ms: 0.6869
  ...
# Subtest: parseYamlBlock: safe_dump paragraph-separator 제목 뒤의 전략·리스크와 원제목을 보존한다
ok 352 - parseYamlBlock: safe_dump paragraph-separator 제목 뒤의 전략·리스크와 원제목을 보존한다
  ---
  duration_ms: 0.3714
  ...
# Subtest: parseYamlBlock: safe_dump newline-unicode 제목 뒤의 전략·리스크와 원제목을 보존한다
ok 353 - parseYamlBlock: safe_dump newline-unicode 제목 뒤의 전략·리스크와 원제목을 보존한다
  ---
  duration_ms: 0.5019
  ...
# Subtest: parseYamlBlock: safe_dump unicode-spaces 제목 뒤의 전략·리스크와 원제목을 보존한다
ok 354 - parseYamlBlock: safe_dump unicode-spaces 제목 뒤의 전략·리스크와 원제목을 보존한다
  ---
  duration_ms: 0.381
  ...
# Subtest: parseYamlBlock: safe_dump trailing-unicode-newlines 제목 뒤의 전략·리스크와 원제목을 보존한다
ok 355 - parseYamlBlock: safe_dump trailing-unicode-newlines 제목 뒤의 전략·리스크와 원제목을 보존한다
  ---
  duration_ms: 0.3329
  ...
# Subtest: parseYamlBlock: safe_dump double-literal-backslash 제목 뒤의 전략·리스크와 원제목을 보존한다
ok 356 - parseYamlBlock: safe_dump double-literal-backslash 제목 뒤의 전략·리스크와 원제목을 보존한다
  ---
  duration_ms: 0.7692
  ...
# Subtest: parseYamlBlock: 폼이 저장한 사용자 이름의 Unicode 구분자 뒤 의도한 공백을 보존한다
ok 357 - parseYamlBlock: 폼이 저장한 사용자 이름의 Unicode 구분자 뒤 의도한 공백을 보존한다
  ---
  duration_ms: 0.7049
  ...
# Subtest: parseYamlBlock: 폼 quote가 그대로 쓴 사용자 이름 C:\\new strategy의 backslash를 보존한다
ok 358 - parseYamlBlock: 폼 quote가 그대로 쓴 사용자 이름 C:\\new strategy의 backslash를 보존한다
  ---
  duration_ms: 0.3108
  ...
# Subtest: parseYamlBlock: 폼 quote가 그대로 쓴 사용자 이름 value \\u0041의 backslash를 보존한다
ok 359 - parseYamlBlock: 폼 quote가 그대로 쓴 사용자 이름 value \\u0041의 backslash를 보존한다
  ---
  duration_ms: 0.1862
  ...
# Subtest: parseYamlBlock: 폼 quote가 그대로 쓴 사용자 이름 path \\UFFFFFFFF의 backslash를 보존한다
ok 360 - parseYamlBlock: 폼 quote가 그대로 쓴 사용자 이름 path \\UFFFFFFFF의 backslash를 보존한다
  ---
  duration_ms: 0.1814
  ...
# Subtest: 프리셋을 세우면 지도 탭이 from-spec 그래프로 편집기를 띄운다
ok 361 - 프리셋을 세우면 지도 탭이 from-spec 그래프로 편집기를 띄운다
  ---
  duration_ms: 64.348
  ...
# Subtest: 폭이 900px 아래로 내려가면 편집기에 is-narrow가 붙는다 — 판단은 부르는 쪽 몫
ok 362 - 폭이 900px 아래로 내려가면 편집기에 is-narrow가 붙는다 — 판단은 부르는 쪽 몫
  ---
  duration_ms: 61.5542
  ...
# Subtest: 검증이 실패하면 실행 버튼이 잠기고 라벨이 [오류 검토]가 된다
ok 363 - 검증이 실패하면 실행 버튼이 잠기고 라벨이 [오류 검토]가 된다
  ---
  duration_ms: 106.0027
  ...
# Subtest: 검증 통과 → 컴파일이 만든 spec_yaml을 폼이 따라온다(대상은 지킨다)
ok 364 - 검증 통과 → 컴파일이 만든 spec_yaml을 폼이 따라온다(대상은 지킨다)
  ---
  duration_ms: 123.1622
  ...
# Subtest: 노드에서 코드로 — 검증·컴파일을 마친 산출물은 authoritative로 연다
ok 365 - 노드에서 코드로 — 검증·컴파일을 마친 산출물은 authoritative로 연다
  ---
  duration_ms: 124.1822
  ...
# Subtest: 코드 해시가 어긋나면 줄을 열지 않는다 — 그 자리에 알리고 탭도 안 바꾼다
ok 366 - 코드 해시가 어긋나면 줄을 열지 않는다 — 그 자리에 알리고 탭도 안 바꾼다
  ---
  duration_ms: 141.0316
  ...
# Subtest: 검증 실패의 미리보기는 preview로 열리고 편집기가 읽기 전용이 된다
ok 367 - 검증 실패의 미리보기는 preview로 열리고 편집기가 읽기 전용이 된다
  ---
  duration_ms: 124.1927
  ...
# Subtest: 사람이 고친 코드 초안은 덮지 않는다 — 코드가 지도보다 앞섰다고 말한다
ok 368 - 사람이 고친 코드 초안은 덮지 않는다 — 코드가 지도보다 앞섰다고 말한다
  ---
  duration_ms: 168.8476
  ...
# Subtest: visual_question·visual_patch는 화면을 바꾸지 않고 카드 모양만 돌려준다
ok 369 - visual_question·visual_patch는 화면을 바꾸지 않고 카드 모양만 돌려준다
  ---
  duration_ms: 61.2182
  ...
# Subtest: [적용]은 새 버전을 저장할 뿐 실행·활성화·백필을 부르지 않는다
ok 370 - [적용]은 새 버전을 저장할 뿐 실행·활성화·백필을 부르지 않는다
  ---
  duration_ms: 126.6672
  ...
# Subtest: 그 사이 다른 수정이 먼저 저장되면(409) visual_conflict로 돌아온다
ok 371 - 그 사이 다른 수정이 먼저 저장되면(409) visual_conflict로 돌아온다
  ---
  duration_ms: 94.3085
  ...
# Subtest: [버리기]는 대기 중인 수정안만 지운다 · [실행 전 검토]는 지도로 옮길 뿐이다
ok 372 - [버리기]는 대기 중인 수정안만 지운다 · [실행 전 검토]는 지도로 옮길 뿐이다
  ---
  duration_ms: 62.5749
  ...
# Subtest: [다시 검토]는 다시 검증하고 막고 있는 오류를 하나 더 묻는다
ok 373 - [다시 검토]는 다시 검증하고 막고 있는 오류를 하나 더 묻는다
  ---
  duration_ms: 47.4259
  ...
# Subtest: 선택지를 고르면 비활성 수정안 하나를 만든다 — 아직 아무것도 저장하지 않는다
ok 374 - 선택지를 고르면 비활성 수정안 하나를 만든다 — 아직 아무것도 저장하지 않는다
  ---
  duration_ms: 109.0386
  ...
# Subtest: 시각 라우트가 없으면 지도는 읽기 전용으로 물러나고 이유를 한 줄 남긴다
ok 375 - 시각 라우트가 없으면 지도는 읽기 전용으로 물러나고 이유를 한 줄 남긴다
  ---
  duration_ms: 64.6268
  ...
# Subtest: 코드 경로의 지도에는 [코드 전용] 배지가 붙는다 — 그래프로 되돌릴 수 없다
ok 376 - 코드 경로의 지도에는 [코드 전용] 배지가 붙는다 — 그래프로 되돌릴 수 없다
  ---
  duration_ms: 63.3769
  ...
# Subtest: 모드 워크스페이스에 등록하고 탭이 움직일 때마다 조각을 보고한다
ok 377 - 모드 워크스페이스에 등록하고 탭이 움직일 때마다 조각을 보고한다
  ---
  duration_ms: 62.0924
  ...
# Subtest: 워크스페이스 전역이 없어도 mount·탭 이동이 조용히 넘어간다
ok 378 - 워크스페이스 전역이 없어도 mount·탭 이동이 조용히 넘어간다
  ---
  duration_ms: 44.8951
  ...
# Subtest: [코드 열기]는 패치가 건드린 노드의 줄로 간다 — RFC 6902 path에서 읽는다
ok 379 - [코드 열기]는 패치가 건드린 노드의 줄로 간다 — RFC 6902 path에서 읽는다
  ---
  duration_ms: 123.8422
  ...
# Subtest: 코드가 지도보다 앞서면 코드 탭이 두 갈래를 명시한다 — 자동 왕복은 없다
ok 380 - 코드가 지도보다 앞서면 코드 탭이 두 갈래를 명시한다 — 자동 왕복은 없다
  ---
  duration_ms: 139.5146
  ...
# Subtest: [그래프에서 다시 만들기]는 코드 초안을 버리고 그래프를 지킨다
ok 381 - [그래프에서 다시 만들기]는 코드 초안을 버리고 그래프를 지킨다
  ---
  duration_ms: 153.7602
  ...
# Subtest: [코드 전용으로 분기]: origin=code_only 새 버전을 남기고 지도를 읽기 전용으로 접는다
ok 382 - [코드 전용으로 분기]: origin=code_only 새 버전을 남기고 지도를 읽기 전용으로 접는다
  ---
  duration_ms: 186.7881
  ...
# Subtest: 409는 그래프도 대기 수정안도 버리지 않고, [다시 검토]가 최신 base를 다시 읽는다
ok 383 - 409는 그래프도 대기 수정안도 버리지 않고, [다시 검토]가 최신 base를 다시 읽는다
  ---
  duration_ms: 110.8484
  ...
# Subtest: 이력에서 origin=visual 버전을 열면 그때의 그래프가 읽기 전용으로 선다
ok 384 - 이력에서 origin=visual 버전을 열면 그때의 그래프가 읽기 전용으로 선다
  ---
  duration_ms: 139.8836
  ...
# Subtest: [이 버전으로 편집]을 눌러야 편집 표면이 되고, 그때 지도 판이 하나 오른다
ok 385 - [이 버전으로 편집]을 눌러야 편집 표면이 되고, 그때 지도 판이 하나 오른다
  ---
  duration_ms: 169.4308
  ...
# Subtest: origin=code_only 버전은 코드 탭에서 열리고 지도는 읽기 전용 snapshot뿐이다
ok 386 - origin=code_only 버전은 코드 탭에서 열리고 지도는 읽기 전용 snapshot뿐이다
  ---
  duration_ms: 203.4802
  ...
# Subtest: 이력 탭 버전 행에 [이 버전 켜기]가 있고 누르면 activate를 부른다
ok 387 - 이력 탭 버전 행에 [이 버전 켜기]가 있고 누르면 activate를 부른다
  ---
  duration_ms: 172.9231
  ...
# Subtest: 활성화는 실행과 다른 버튼이고 지금 활성 버전을 함께 말한다
ok 388 - 활성화는 실행과 다른 버튼이고 지금 활성 버전을 함께 말한다
  ---
  duration_ms: 139.0067
  ...
# Subtest: 활성화 배선이 없으면 켜기 버튼을 세우지 않는다 — 누를 수 없는 약속을 만들지 않는다
ok 389 - 활성화 배선이 없으면 켜기 버튼을 세우지 않는다 — 누를 수 없는 약속을 만들지 않는다
  ---
  duration_ms: 138.8135
  ...
# Subtest: 버전 되열기 배선이 없으면 그 자리에 이유를 적는다 — 화면을 오류로 바꾸지 않는다
ok 390 - 버전 되열기 배선이 없으면 그 자리에 이유를 적는다 — 화면을 오류로 바꾸지 않는다
  ---
  duration_ms: 169.2871
  ...
# Subtest: 새 기법 초안: 하위 탭은 [코드][노드·흐름]뿐이고 띠·명령창·진행 표시가 선다
ok 391 - 새 기법 초안: 하위 탭은 [코드][노드·흐름]뿐이고 띠·명령창·진행 표시가 선다
  ---
  duration_ms: 46.0875
  ...
# Subtest: [직접 편집]을 켜면 띠 문구가 바뀐다 — 코드는 어느 쪽이든 편집 가능하다
ok 392 - [직접 편집]을 켜면 띠 문구가 바뀐다 — 코드는 어느 쪽이든 편집 가능하다
  ---
  duration_ms: 47.5569
  ...
# Subtest: 코드가 바뀌면 자동으로 검사하고 명령창이 로그·검사 3줄·통계를 그린다
ok 393 - 코드가 바뀌면 자동으로 검사하고 명령창이 로그·검사 3줄·통계를 그린다
  ---
  duration_ms: 78.339
  ...
# Subtest: 검사 3/3을 넘으면 노드를 읽어 노드·흐름 탭이 자동으로 열리고 영수증 카드가 나간다
ok 394 - 검사 3/3을 넘으면 노드를 읽어 노드·흐름 탭이 자동으로 열리고 영수증 카드가 나간다
  ---
  duration_ms: 46.9621
  ...
# Subtest: 노드를 눌러도 메시지는 안 나간다 — 입력창에 @참조가 들어갈 뿐이다
ok 395 - 노드를 눌러도 메시지는 안 나간다 — 입력창에 @참조가 들어갈 뿐이다
  ---
  duration_ms: 78.3122
  ...
# Subtest: 노드에서 코드로 — 코드 탭이 서고 그 함수의 줄이 짚힌다
ok 396 - 노드에서 코드로 — 코드 탭이 서고 그 함수의 줄이 짚힌다
  ---
  duration_ms: 61.6261
  ...
# Subtest: technique_question: 영수증만 만들고 코드도 탭도 건드리지 않는다
ok 397 - technique_question: 영수증만 만들고 코드도 탭도 건드리지 않는다
  ---
  duration_ms: 46.0935
  ...
# Subtest: technique_question: 빈 봉투는 null이고 아무것도 바꾸지 않는다
ok 398 - technique_question: 빈 봉투는 null이고 아무것도 바꾸지 않는다
  ---
  duration_ms: 46.2022
  ...
# Subtest: getContext().technique: 계약 키 13개 — 명령창 로그·diff 원문은 싣지 않는다
ok 399 - getContext().technique: 계약 키 13개 — 명령창 로그·diff 원문은 싣지 않는다
  ---
  duration_ms: 61.8444
  ...
# Subtest: 검사가 통과하지 못하면 노드를 읽지 않고 탭도 뺏지 않는다
ok 400 - 검사가 통과하지 못하면 노드를 읽지 않고 탭도 뺏지 않는다
  ---
  duration_ms: 77.8151
  ...
# Subtest: 경고는 통과를 막지 않는다 — warn이 실패해도 서버 passed 그대로 노드 창이 열린다
ok 401 - 경고는 통과를 막지 않는다 — warn이 실패해도 서버 passed 그대로 노드 창이 열린다
  ---
  duration_ms: 62.764
  ...
# Subtest: 차단이 실패하면 빨간 갈래로 적고 요약 줄이 남은 수를 센다
ok 402 - 차단이 실패하면 빨간 갈래로 적고 요약 줄이 남은 수를 센다
  ---
  duration_ms: 78.5117
  ...
# Subtest: 사유에 줄 번호가 있으면 그 줄로 가는 링크가 서고, 없으면 서지 않는다
ok 403 - 사유에 줄 번호가 있으면 그 줄로 가는 링크가 서고, 없으면 서지 않는다
  ---
  duration_ms: 91.7945
  ...
# Subtest: 검사 셈 — 차단만 통과를 좌우하고, 경고는 안 고친 것만 센다
ok 404 - 검사 셈 — 차단만 통과를 좌우하고, 경고는 안 고친 것만 센다
  ---
  duration_ms: 0.2204
  ...
# Subtest: 줄 번호는 백엔드 line을 먼저, 없으면 사유 문장에서 읽는다
ok 405 - 줄 번호는 백엔드 line을 먼저, 없으면 사유 문장에서 읽는다
  ---
  duration_ms: 0.0931
  ...
# Subtest: 검사를 못 돌린 것과 실패한 것은 다르다 — 3줄을 지어내지 않는다
ok 406 - 검사를 못 돌린 것과 실패한 것은 다르다 — 3줄을 지어내지 않는다
  ---
  duration_ms: 76.5957
  ...
# Subtest: 노드 창 배선이 없으면 그 사실을 적는다 — 빈 화면으로 두지 않는다
ok 407 - 노드 창 배선이 없으면 그 사실을 적는다 — 빈 화면으로 두지 않는다
  ---
  duration_ms: 61.7566
  ...
# Subtest: 기존 기법도 노드·흐름 탭을 갖는다 — 스펙 경로는 지도 뒤의 코드를 읽는다
ok 408 - 기존 기법도 노드·흐름 탭을 갖는다 — 스펙 경로는 지도 뒤의 코드를 읽는다
  ---
  duration_ms: 60.9857
  ...
# Subtest: [+ 새 기법 만들기]: 폴더 하나를 만들고 뼈대 두 파일을 쓴 뒤 그 파일을 연다
ok 409 - [+ 새 기법 만들기]: 폴더 하나를 만들고 뼈대 두 파일을 쓴 뒤 그 파일을 연다
  ---
  duration_ms: 46.9473
  ...
# Subtest: 폴더를 못 만들면 메모리 버퍼로 물러나고 그 사실을 카드로 알린다
ok 410 - 폴더를 못 만들면 메모리 버퍼로 물러나고 그 사실을 카드로 알린다
  ---
  duration_ms: 61.8715
  ...
# Subtest: 프로젝트 배선 자체가 없으면 폴더 없이 시작한다고 적는다
ok 411 - 프로젝트 배선 자체가 없으면 폴더 없이 시작한다고 적는다
  ---
  duration_ms: 46.0458
  ...
# Subtest: 폴더 안의 file_draft는 묻지 않고 바로 쓰고, 되돌리기 대신 단계 카드가 남는다
ok 412 - 폴더 안의 file_draft는 묻지 않고 바로 쓰고, 되돌리기 대신 단계 카드가 남는다
  ---
  duration_ms: 46.8403
  ...
# Subtest: 검사 → 노드 → 자동 백테스트가 이 순서로 돌고, 대상이 없으면 캐시 구간을 쓴다
ok 413 - 검사 → 노드 → 자동 백테스트가 이 순서로 돌고, 대상이 없으면 캐시 구간을 쓴다
  ---
  duration_ms: 91.8113
  ...
# Subtest: 같은 코드로는 자동 백테스트를 두 번 돌지 않는다
ok 414 - 같은 코드로는 자동 백테스트를 두 번 돌지 않는다
  ---
  duration_ms: 93.3157
  ...
# Subtest: 캐시가 모자라면 자동으로 수집하지 않는다 — 그 결정은 사람의 것이라고 적는다
ok 415 - 캐시가 모자라면 자동으로 수집하지 않는다 — 그 결정은 사람의 것이라고 적는다
  ---
  duration_ms: 77.3049
  ...
# Subtest: 캐시 구간도 모를 때는 돌리지 않고 무엇을 해야 하는지 적는다
ok 416 - 캐시 구간도 모를 때는 돌리지 않고 무엇을 해야 하는지 적는다
  ---
  duration_ms: 77.8719
  ...
# Subtest: openStep: diff·명령창·노드·결과·코드가 가운데에 열린다
ok 417 - openStep: diff·명령창·노드·결과·코드가 가운데에 열린다
  ---
  duration_ms: 95.1306
  ...
# Subtest: [이 기법 승인]: 검사와 자동 실행을 넘긴 뒤에만 서고, 누르면 목록에 오른다
ok 418 - [이 기법 승인]: 검사와 자동 실행을 넘긴 뒤에만 서고, 누르면 목록에 오른다
  ---
  duration_ms: 106.1857
  ...
# Subtest: 승인: 등록이 실패하면 목록에 올리지 않고 이유를 코드 탭에 적는다
ok 419 - 승인: 등록이 실패하면 목록에 올리지 않고 이유를 코드 탭에 적는다
  ---
  duration_ms: 93.7281
  ...
# Subtest: 헤더 진행 표시: 몇 번째 고침인지와 검사 몇 개를 넘었는지가 함께 선다
ok 420 - 헤더 진행 표시: 몇 번째 고침인지와 검사 몇 개를 넘었는지가 함께 선다
  ---
  duration_ms: 76.1636
  ...
# Subtest: code_draft도 폴더 안이면 그 파일에 쓰인다 — 화면 버퍼만 바꾸지 않는다
ok 421 - code_draft도 폴더 안이면 그 파일에 쓰인다 — 화면 버퍼만 바꾸지 않는다
  ---
  duration_ms: 74.653
  ...
# Subtest: 다른 폴더의 파일 초안은 지금까지처럼 [적용]을 기다린다
ok 422 - 다른 폴더의 파일 초안은 지금까지처럼 [적용]을 기다린다
  ---
  duration_ms: 46.2813
  ...
# Subtest: 단계 카드의 순수 계산 — 줄 수·폴더 이름·부호 퍼센트·검사 한 줄
ok 423 - 단계 카드의 순수 계산 — 줄 수·폴더 이름·부호 퍼센트·검사 한 줄
  ---
  duration_ms: 0.3526
  ...
# Subtest: 완료된 세션 상태 경계: 대기 question (전환=same)
ok 424 - 완료된 세션 상태 경계: 대기 question (전환=same)
  ---
  duration_ms: 77.3448
  ...
# Subtest: 완료된 세션 상태 경계: 대기 question (전환=clear)
ok 425 - 완료된 세션 상태 경계: 대기 question (전환=clear)
  ---
  duration_ms: 60.6169
  ...
# Subtest: 완료된 세션 상태 경계: 대기 question (전환=restore)
ok 426 - 완료된 세션 상태 경계: 대기 question (전환=restore)
  ---
  duration_ms: 65.0083
  ...
# Subtest: 완료된 세션 상태 경계: 대기 patch (전환=same)
ok 427 - 완료된 세션 상태 경계: 대기 patch (전환=same)
  ---
  duration_ms: 76.0045
  ...
# Subtest: 완료된 세션 상태 경계: 대기 patch (전환=clear)
ok 428 - 완료된 세션 상태 경계: 대기 patch (전환=clear)
  ---
  duration_ms: 78.1987
  ...
# Subtest: 완료된 세션 상태 경계: 대기 patch (전환=restore)
ok 429 - 완료된 세션 상태 경계: 대기 patch (전환=restore)
  ---
  duration_ms: 77.4668
  ...
# Subtest: 완료된 세션 상태 경계: 열린 visual 버전 (전환=same)
ok 430 - 완료된 세션 상태 경계: 열린 visual 버전 (전환=same)
  ---
  duration_ms: 186.7499
  ...
# Subtest: 완료된 세션 상태 경계: 열린 visual 버전 (전환=clear)
ok 431 - 완료된 세션 상태 경계: 열린 visual 버전 (전환=clear)
  ---
  duration_ms: 202.3607
  ...
# Subtest: 완료된 세션 상태 경계: 열린 visual 버전 (전환=restore)
ok 432 - 완료된 세션 상태 경계: 열린 visual 버전 (전환=restore)
  ---
  duration_ms: 186.2105
  ...
# Subtest: 완료된 세션 상태 경계: 열린 code_only 버전 (전환=same)
ok 433 - 완료된 세션 상태 경계: 열린 code_only 버전 (전환=same)
  ---
  duration_ms: 124.7846
  ...
# Subtest: 완료된 세션 상태 경계: 열린 code_only 버전 (전환=clear)
ok 434 - 완료된 세션 상태 경계: 열린 code_only 버전 (전환=clear)
  ---
  duration_ms: 187.6065
  ...
# Subtest: 완료된 세션 상태 경계: 열린 code_only 버전 (전환=restore)
ok 435 - 완료된 세션 상태 경계: 열린 code_only 버전 (전환=restore)
  ---
  duration_ms: 200.6805
  ...
# Subtest: 완료된 세션 상태 경계: 다음 코드 전용 버전은 다음 세션의 호환 그래프를 쓴다
ok 436 - 완료된 세션 상태 경계: 다음 코드 전용 버전은 다음 세션의 호환 그래프를 쓴다
  ---
  duration_ms: 205.3759
  ...
# Subtest: 비동기 세션 경계: 수집 start (전환=false)
ok 437 - 비동기 세션 경계: 수집 start (전환=false)
  ---
  duration_ms: 92.6625
  ...
# Subtest: 비동기 세션 경계: 수집 start (전환=true)
ok 438 - 비동기 세션 경계: 수집 start (전환=true)
  ---
  duration_ms: 170.1314
  ...
# Subtest: 비동기 세션 경계: 수집 status (전환=false)
ok 439 - 비동기 세션 경계: 수집 status (전환=false)
  ---
  duration_ms: 76.6698
  ...
# Subtest: 비동기 세션 경계: 수집 status (전환=true)
ok 440 - 비동기 세션 경계: 수집 status (전환=true)
  ---
  duration_ms: 138.3345
  ...
# Subtest: 비동기 세션 경계: 기법 check (전환=false)
ok 441 - 비동기 세션 경계: 기법 check (전환=false)
  ---
  duration_ms: 76.1779
  ...
# Subtest: 비동기 세션 경계: 기법 check (전환=true)
ok 442 - 비동기 세션 경계: 기법 check (전환=true)
  ---
  duration_ms: 108.268
  ...
# Subtest: 비동기 세션 경계: 기법 nodes (전환=false)
ok 443 - 비동기 세션 경계: 기법 nodes (전환=false)
  ---
  duration_ms: 77.3254
  ...
# Subtest: 비동기 세션 경계: 기법 nodes (전환=true)
ok 444 - 비동기 세션 경계: 기법 nodes (전환=true)
  ---
  duration_ms: 107.5166
  ...
# Subtest: 비동기 세션 경계: 기법 codegen (전환=false)
ok 445 - 비동기 세션 경계: 기법 codegen (전환=false)
  ---
  duration_ms: 61.1839
  ...
# Subtest: 비동기 세션 경계: 기법 codegen (전환=true)
ok 446 - 비동기 세션 경계: 기법 codegen (전환=true)
  ---
  duration_ms: 61.4324
  ...
# Subtest: 비동기 세션 경계: 자동 실행 coverage (전환=false)
ok 447 - 비동기 세션 경계: 자동 실행 coverage (전환=false)
  ---
  duration_ms: 61.1353
  ...
# Subtest: 비동기 세션 경계: 자동 실행 coverage (전환=true)
ok 448 - 비동기 세션 경계: 자동 실행 coverage (전환=true)
  ---
  duration_ms: 93.232
  ...
# Subtest: 비동기 세션 경계: 자동 실행 run (전환=false)
ok 449 - 비동기 세션 경계: 자동 실행 run (전환=false)
  ---
  duration_ms: 62.6792
  ...
# Subtest: 비동기 세션 경계: 자동 실행 run (전환=true)
ok 450 - 비동기 세션 경계: 자동 실행 run (전환=true)
  ---
  duration_ms: 93.0849
  ...
# Subtest: 비동기 세션 경계: 자동 실행 result (전환=false)
ok 451 - 비동기 세션 경계: 자동 실행 result (전환=false)
  ---
  duration_ms: 60.7346
  ...
# Subtest: 비동기 세션 경계: 자동 실행 result (전환=true)
ok 452 - 비동기 세션 경계: 자동 실행 result (전환=true)
  ---
  duration_ms: 93.7795
  ...
# Subtest: 비동기 세션 경계: 자동 실행 trades (전환=false)
ok 453 - 비동기 세션 경계: 자동 실행 trades (전환=false)
  ---
  duration_ms: 92.5529
  ...
# Subtest: 비동기 세션 경계: 자동 실행 trades (전환=true)
ok 454 - 비동기 세션 경계: 자동 실행 trades (전환=true)
  ---
  duration_ms: 77.8193
  ...
# Subtest: 비동기 세션 경계: 버전 열기 (전환=false)
ok 455 - 비동기 세션 경계: 버전 열기 (전환=false)
  ---
  duration_ms: 46.3248
  ...
# Subtest: 비동기 세션 경계: 버전 열기 (전환=true)
ok 456 - 비동기 세션 경계: 버전 열기 (전환=true)
  ---
  duration_ms: 77.2541
  ...
# Subtest: 비동기 세션 경계: 시각 컴파일 validate (전환=false)
ok 457 - 비동기 세션 경계: 시각 컴파일 validate (전환=false)
  ---
  duration_ms: 77.034
  ...
# Subtest: 비동기 세션 경계: 시각 컴파일 validate (전환=true)
ok 458 - 비동기 세션 경계: 시각 컴파일 validate (전환=true)
  ---
  duration_ms: 92.3188
  ...
# Subtest: 비동기 세션 경계: 시각 컴파일 compile (전환=false)
ok 459 - 비동기 세션 경계: 시각 컴파일 compile (전환=false)
  ---
  duration_ms: 46.803
  ...
# Subtest: 비동기 세션 경계: 시각 컴파일 compile (전환=true)
ok 460 - 비동기 세션 경계: 시각 컴파일 compile (전환=true)
  ---
  duration_ms: 91.9643
  ...
# Subtest: 비동기 세션 경계: 시각 패치 validate (전환=false)
ok 461 - 비동기 세션 경계: 시각 패치 validate (전환=false)
  ---
  duration_ms: 61.4809
  ...
# Subtest: 비동기 세션 경계: 시각 패치 validate (전환=true)
ok 462 - 비동기 세션 경계: 시각 패치 validate (전환=true)
  ---
  duration_ms: 62.4568
  ...
# Subtest: 비동기 세션 경계: 시각 패치 compile (전환=false)
ok 463 - 비동기 세션 경계: 시각 패치 compile (전환=false)
  ---
  duration_ms: 32.8584
  ...
# Subtest: 비동기 세션 경계: 시각 패치 compile (전환=true)
ok 464 - 비동기 세션 경계: 시각 패치 compile (전환=true)
  ---
  duration_ms: 75.3328
  ...
# Subtest: 비동기 세션 경계: 시각 패치 create (전환=false)
ok 465 - 비동기 세션 경계: 시각 패치 create (전환=false)
  ---
  duration_ms: 46.4415
  ...
# Subtest: 비동기 세션 경계: 시각 패치 create (전환=true)
ok 466 - 비동기 세션 경계: 시각 패치 create (전환=true)
  ---
  duration_ms: 61.9935
  ...
# Subtest: 비동기 세션 경계: 시각 패치 save (전환=false)
ok 467 - 비동기 세션 경계: 시각 패치 save (전환=false)
  ---
  duration_ms: 62.2701
  ...
# Subtest: 비동기 세션 경계: 시각 패치 save (전환=true)
ok 468 - 비동기 세션 경계: 시각 패치 save (전환=true)
  ---
  duration_ms: 47.3173
  ...
# Subtest: 비동기 세션 경계: 실패 응답 backfill (전환=false)
ok 469 - 비동기 세션 경계: 실패 응답 backfill (전환=false)
  ---
  duration_ms: 62.0119
  ...
# Subtest: 비동기 세션 경계: 실패 응답 backfill (전환=true)
ok 470 - 비동기 세션 경계: 실패 응답 backfill (전환=true)
  ---
  duration_ms: 92.5542
  ...
# Subtest: 비동기 세션 경계: 실패 응답 check (전환=false)
ok 471 - 비동기 세션 경계: 실패 응답 check (전환=false)
  ---
  duration_ms: 92.4476
  ...
# Subtest: 비동기 세션 경계: 실패 응답 check (전환=true)
ok 472 - 비동기 세션 경계: 실패 응답 check (전환=true)
  ---
  duration_ms: 107.9801
  ...
# Subtest: 비동기 세션 경계: 실패 응답 auto-run (전환=false)
ok 473 - 비동기 세션 경계: 실패 응답 auto-run (전환=false)
  ---
  duration_ms: 61.6535
  ...
# Subtest: 비동기 세션 경계: 실패 응답 auto-run (전환=true)
ok 474 - 비동기 세션 경계: 실패 응답 auto-run (전환=true)
  ---
  duration_ms: 77.2049
  ...
# Subtest: 비동기 세션 경계: 실패 응답 version (전환=false)
ok 475 - 비동기 세션 경계: 실패 응답 version (전환=false)
  ---
  duration_ms: 77.4406
  ...
# Subtest: 비동기 세션 경계: 실패 응답 version (전환=true)
ok 476 - 비동기 세션 경계: 실패 응답 version (전환=true)
  ---
  duration_ms: 92.7114
  ...
# Subtest: 비동기 세션 경계: 실패 응답 compile (전환=false)
ok 477 - 비동기 세션 경계: 실패 응답 compile (전환=false)
  ---
  duration_ms: 77.236
  ...
# Subtest: 비동기 세션 경계: 실패 응답 compile (전환=true)
ok 478 - 비동기 세션 경계: 실패 응답 compile (전환=true)
  ---
  duration_ms: 76.4326
  ...
# Subtest: 비동기 세션 경계: 실패 응답 save (전환=false)
ok 479 - 비동기 세션 경계: 실패 응답 save (전환=false)
  ---
  duration_ms: 60.3798
  ...
# Subtest: 비동기 세션 경계: 실패 응답 save (전환=true)
ok 480 - 비동기 세션 경계: 실패 응답 save (전환=true)
  ---
  duration_ms: 78.1762
  ...
# Subtest: 비동기 세션 경계: 수집 중단 (거절=false, 전환=false)
ok 481 - 비동기 세션 경계: 수집 중단 (거절=false, 전환=false)
  ---
  duration_ms: 77.8271
  ...
# Subtest: 비동기 세션 경계: 수집 중단 (거절=false, 전환=true)
ok 482 - 비동기 세션 경계: 수집 중단 (거절=false, 전환=true)
  ---
  duration_ms: 155.7761
  ...
# Subtest: 비동기 세션 경계: 수집 중단 (거절=true, 전환=false)
ok 483 - 비동기 세션 경계: 수집 중단 (거절=true, 전환=false)
  ---
  duration_ms: 78.4634
  ...
# Subtest: 비동기 세션 경계: 수집 중단 (거절=true, 전환=true)
ok 484 - 비동기 세션 경계: 수집 중단 (거절=true, 전환=true)
  ---
  duration_ms: 159.0242
  ...
# Subtest: 비동기 세션 경계: 다시 검토 list (전환=false)
ok 485 - 비동기 세션 경계: 다시 검토 list (전환=false)
  ---
  duration_ms: 62.0891
  ...
# Subtest: 비동기 세션 경계: 다시 검토 list (전환=true)
ok 486 - 비동기 세션 경계: 다시 검토 list (전환=true)
  ---
  duration_ms: 61.3121
  ...
# Subtest: 비동기 세션 경계: 다시 검토 hash (전환=false)
ok 487 - 비동기 세션 경계: 다시 검토 hash (전환=false)
  ---
  duration_ms: 46.9201
  ...
# Subtest: 비동기 세션 경계: 다시 검토 hash (전환=true)
ok 488 - 비동기 세션 경계: 다시 검토 hash (전환=true)
  ---
  duration_ms: 8.8753
  ...
# Subtest: 비동기 세션 경계: 다시 검토 detail (전환=false)
ok 489 - 비동기 세션 경계: 다시 검토 detail (전환=false)
  ---
  duration_ms: 38.6161
  ...
# Subtest: 비동기 세션 경계: 다시 검토 detail (전환=true)
ok 490 - 비동기 세션 경계: 다시 검토 detail (전환=true)
  ---
  duration_ms: 78.473
  ...
# Subtest: 비동기 세션 경계: 다시 검토 validate (전환=false)
ok 491 - 비동기 세션 경계: 다시 검토 validate (전환=false)
  ---
  duration_ms: 48.1538
  ...
# Subtest: 비동기 세션 경계: 다시 검토 validate (전환=true)
ok 492 - 비동기 세션 경계: 다시 검토 validate (전환=true)
  ---
  duration_ms: 62.4538
  ...
# Subtest: 비동기 세션 경계: 다시 검토 question (전환=false)
ok 493 - 비동기 세션 경계: 다시 검토 question (전환=false)
  ---
  duration_ms: 45.7648
  ...
# Subtest: 비동기 세션 경계: 다시 검토 question (전환=true)
ok 494 - 비동기 세션 경계: 다시 검토 question (전환=true)
  ---
  duration_ms: 62.608
  ...
# Subtest: 비동기 세션 경계: 질문 선택 (거절=false, 전환=false)
ok 495 - 비동기 세션 경계: 질문 선택 (거절=false, 전환=false)
  ---
  duration_ms: 46.8334
  ...
# Subtest: 비동기 세션 경계: 질문 선택 (거절=false, 전환=true)
ok 496 - 비동기 세션 경계: 질문 선택 (거절=false, 전환=true)
  ---
  duration_ms: 76.2483
  ...
# Subtest: 비동기 세션 경계: 질문 선택 (거절=true, 전환=false)
ok 497 - 비동기 세션 경계: 질문 선택 (거절=true, 전환=false)
  ---
  duration_ms: 61.6363
  ...
# Subtest: 비동기 세션 경계: 질문 선택 (거절=true, 전환=true)
ok 498 - 비동기 세션 경계: 질문 선택 (거절=true, 전환=true)
  ---
  duration_ms: 63.3733
  ...
# Subtest: 비동기 세션 경계: 코드 분기 create (거절=false, 전환=false)
ok 499 - 비동기 세션 경계: 코드 분기 create (거절=false, 전환=false)
  ---
  duration_ms: 154.4054
  ...
# Subtest: 비동기 세션 경계: 코드 분기 create (거절=false, 전환=true)
ok 500 - 비동기 세션 경계: 코드 분기 create (거절=false, 전환=true)
  ---
  duration_ms: 185.7784
  ...
# Subtest: 비동기 세션 경계: 코드 분기 create (거절=true, 전환=false)
ok 501 - 비동기 세션 경계: 코드 분기 create (거절=true, 전환=false)
  ---
  duration_ms: 171.8424
  ...
# Subtest: 비동기 세션 경계: 코드 분기 create (거절=true, 전환=true)
ok 502 - 비동기 세션 경계: 코드 분기 create (거절=true, 전환=true)
  ---
  duration_ms: 166.691
  ...
# Subtest: 비동기 세션 경계: 코드 분기 version (거절=false, 전환=false)
ok 503 - 비동기 세션 경계: 코드 분기 version (거절=false, 전환=false)
  ---
  duration_ms: 152.7691
  ...
# Subtest: 비동기 세션 경계: 코드 분기 version (거절=false, 전환=true)
ok 504 - 비동기 세션 경계: 코드 분기 version (거절=false, 전환=true)
  ---
  duration_ms: 171.6657
  ...
# Subtest: 비동기 세션 경계: 코드 분기 version (거절=true, 전환=false)
ok 505 - 비동기 세션 경계: 코드 분기 version (거절=true, 전환=false)
  ---
  duration_ms: 185.4961
  ...
# Subtest: 비동기 세션 경계: 코드 분기 version (거절=true, 전환=true)
ok 506 - 비동기 세션 경계: 코드 분기 version (거절=true, 전환=true)
  ---
  duration_ms: 186.0997
  ...
# Subtest: 세션 복원: 폼의 대상·코드·로그가 돌아오고 표식이 카운트를 말한다
ok 507 - 세션 복원: 폼의 대상·코드·로그가 돌아오고 표식이 카운트를 말한다
  ---
  duration_ms: 4.1531
  ...
# Subtest: 세션 복원: 결과를 못 읽으면 이름을 대는 안내가 서고 [이대로 열기]가 접는다
ok 508 - 세션 복원: 결과를 못 읽으면 이름을 대는 안내가 서고 [이대로 열기]가 접는다
  ---
  duration_ms: 72.9763
  ...
# Subtest: 세션 복원: [다시 시도]가 빠진 결과만 다시 읽고 성공하면 안내가 사라진다
ok 509 - 세션 복원: [다시 시도]가 빠진 결과만 다시 읽고 성공하면 안내가 사라진다
  ---
  duration_ms: 61.9499
  ...
# Subtest: 세션 복원: 보고는 42번 보드 항목표를 담는다 — 폼·코드·결과·로그·스크롤
ok 510 - 세션 복원: 보고는 42번 보드 항목표를 담는다 — 폼·코드·결과·로그·스크롤
  ---
  duration_ms: 30.194
  ...
# Subtest: 세션 복원: 못 읽은 결과 자리에서 디바운스 재봉인이 저장본을 지우지 않는다
ok 511 - 세션 복원: 못 읽은 결과 자리에서 디바운스 재봉인이 저장본을 지우지 않는다
  ---
  duration_ms: 63.1091
  ...
# Subtest: 세션 복원: 갈아타기 직전 flush()가 예약된 보고를 지금 흘린다
ok 512 - 세션 복원: 갈아타기 직전 flush()가 예약된 보고를 지금 흘린다
  ---
  duration_ms: 31.138
  ...
# Subtest: 세션 복원: 되돌린 스크롤 자리는 다시 그려도 남고 사람이 굴리면 놓는다
ok 513 - 세션 복원: 되돌린 스크롤 자리는 다시 그려도 남고 사람이 굴리면 놓는다
  ---
  duration_ms: 62.0354
  ...
# Subtest: 세션 복원: 늦게 도착한 기법 목록이 복원한 자리를 뺏지 않는다
ok 514 - 세션 복원: 늦게 도착한 기법 목록이 복원한 자리를 뺏지 않는다
  ---
  duration_ms: 31.6703
  ...
# Subtest: 세션 복원: 아직 도는 실행은 진행 화면으로 다시 붙는다(Rule 2)
ok 515 - 세션 복원: 아직 도는 실행은 진행 화면으로 다시 붙는다(Rule 2)
  ---
  duration_ms: 30.7952
  ...
# Subtest: 세션 복원: 갈아탄 세션의 보고에 앞 세션의 실행·로그가 실리지 않는다
ok 516 - 세션 복원: 갈아탄 세션의 보고에 앞 세션의 실행·로그가 실리지 않는다
  ---
  duration_ms: 61.8057
  ...
# Subtest: 세션 복원: 다른 세션으로 갈아타면 복원 표식·안내를 거둔다
ok 517 - 세션 복원: 다른 세션으로 갈아타면 복원 표식·안내를 거둔다
  ---
  duration_ms: 47.4759
  ...
# Subtest: 세션 복원: clear 뒤 앞 세션을 다시 봉인하지 않고 새 편집은 저장한다 (hidden=false)
ok 518 - 세션 복원: clear 뒤 앞 세션을 다시 봉인하지 않고 새 편집은 저장한다 (hidden=false)
  ---
  duration_ms: 94.4129
  ...
# Subtest: 세션 복원: clear 뒤 앞 세션을 다시 봉인하지 않고 새 편집은 저장한다 (hidden=true)
ok 519 - 세션 복원: clear 뒤 앞 세션을 다시 봉인하지 않고 새 편집은 저장한다 (hidden=true)
  ---
  duration_ms: 94.869
  ...
# Subtest: 세션 복원: clear 전 시작한 결과 조회가 다음 복원에 늦게 섞이지 않는다
ok 520 - 세션 복원: clear 전 시작한 결과 조회가 다음 복원에 늦게 섞이지 않는다
  ---
  duration_ms: 45.7648
  ...
# Subtest: 세션 복원: 앞 세션의 출처 start 응답은 새 세션 지도를 바꾸지 않는다
ok 521 - 세션 복원: 앞 세션의 출처 start 응답은 새 세션 지도를 바꾸지 않는다
  ---
  duration_ms: 91.4104
  ...
# Subtest: 세션 복원: 앞 세션의 출처 status 응답은 새 세션 지도를 바꾸지 않는다
ok 522 - 세션 복원: 앞 세션의 출처 status 응답은 새 세션 지도를 바꾸지 않는다
  ---
  duration_ms: 91.6054
  ...
# Subtest: 세션 복원: 앞 세션의 실행 시작 응답을 새 세션 실행으로 저장하지 않는다
ok 523 - 세션 복원: 앞 세션의 실행 시작 응답을 새 세션 실행으로 저장하지 않는다
  ---
  duration_ms: 46.8035
  ...
# Subtest: 세션 복원: 이전 IDE 파일이 복원 코드의 실행을 가로채지 않는다 (dirty=false)
ok 524 - 세션 복원: 이전 IDE 파일이 복원 코드의 실행을 가로채지 않는다 (dirty=false)
  ---
  duration_ms: 46.9459
  ...
# Subtest: 세션 복원: 이전 IDE 파일이 복원 코드의 실행을 가로채지 않는다 (dirty=true)
ok 525 - 세션 복원: 이전 IDE 파일이 복원 코드의 실행을 가로채지 않는다 (dirty=true)
  ---
  duration_ms: 61.871
  ...
# Subtest: 세션 복원: 앞 세션의 graph 생성 응답은 새 세션 설계를 덮지 않는다
ok 526 - 세션 복원: 앞 세션의 graph 생성 응답은 새 세션 설계를 덮지 않는다
  ---
  duration_ms: 91.6887
  ...
# Subtest: 세션 복원: 앞 세션의 code 생성 응답은 새 세션 설계를 덮지 않는다
ok 527 - 세션 복원: 앞 세션의 code 생성 응답은 새 세션 설계를 덮지 않는다
  ---
  duration_ms: 76.2751
  ...
# Subtest: 세션 복원: 바뀐 것이 없으면 같은 봉투를 다시 보고하지 않는다
ok 528 - 세션 복원: 바뀐 것이 없으면 같은 봉투를 다시 보고하지 않는다
  ---
  duration_ms: 155.9459
  ...
# Subtest: 세션 복원: 새 기법을 고르면 복원 표식이 사라진다 — 지금 폼은 되살린 것이 아니다
ok 529 - 세션 복원: 새 기법을 고르면 복원 표식이 사라진다 — 지금 폼은 되살린 것이 아니다
  ---
  duration_ms: 31.379
  ...
# Subtest: 보드 10: 기능이 꺼진 상태는 「비활성」 배지와 다시 시도로 선다
ok 530 - 보드 10: 기능이 꺼진 상태는 「비활성」 배지와 다시 시도로 선다
  ---
  duration_ms: 15.8145
  ...
# Subtest: 보드 10: 꺼진 상태의 [다시 시도]는 목록을 다시 묻는다
ok 531 - 보드 10: 꺼진 상태의 [다시 시도]는 목록을 다시 묻는다
  ---
  duration_ms: 31.1038
  ...
# Subtest: 보드 10: 그 밖의 오류는 「실패」 배지와 설계로 돌아가기다
ok 532 - 보드 10: 그 밖의 오류는 「실패」 배지와 설계로 돌아가기다
  ---
  duration_ms: 15.0766
  ...
# Subtest: 보드 10: 배지 판정은 문구 하나로 갈린다
ok 533 - 보드 10: 배지 판정은 문구 하나로 갈린다
  ---
  duration_ms: 0.2172
  ...
# Subtest: 보드 10: 설계를 마친 뒤 꺼진 것을 만나면 설계로 돌아갈 길도 남는다
ok 534 - 보드 10: 설계를 마친 뒤 꺼진 것을 만나면 설계로 돌아갈 길도 남는다
  ---
  duration_ms: 32.9697
  ...
# Subtest: 주석·문자열·키워드·숫자를 갈라낸다
ok 535 - 주석·문자열·키워드·숫자를 갈라낸다
  ---
  duration_ms: 3.4733
  ...
# Subtest: 삼중 따옴표 docstring을 통째로 문자열로 본다
ok 536 - 삼중 따옴표 docstring을 통째로 문자열로 본다
  ---
  duration_ms: 1.1151
  ...
# Subtest: 문자열 안의 \# 은 주석이 아니다
ok 537 - 문자열 안의 \# 은 주석이 아니다
  ---
  duration_ms: 0.427
  ...
# Subtest: 이스케이프된 따옴표에서 문자열이 끊기지 않는다
ok 538 - 이스케이프된 따옴표에서 문자열이 끊기지 않는다
  ---
  duration_ms: 1.0044
  ...
# Subtest: 키워드가 이름 일부이면 칠하지 않는다
ok 539 - 키워드가 이름 일부이면 칠하지 않는다
  ---
  duration_ms: 0.4722
  ...
# Subtest: 조각을 이어붙이면 원본이 그대로 나온다 — 강조가 코드를 바꾸지 않는다
ok 540 - 조각을 이어붙이면 원본이 그대로 나온다 — 강조가 코드를 바꾸지 않는다
  ---
  duration_ms: 0.2864
  ...
# Subtest: 빈 소스와 null을 견딘다
ok 541 - 빈 소스와 null을 견딘다
  ---
  duration_ms: 0.6097
  ...
# Subtest: 줄 수를 센다
ok 542 - 줄 수를 센다
  ---
  duration_ms: 0.2277
  ...
# Subtest: 같은 소스는 변경 줄이 없다
ok 543 - 같은 소스는 변경 줄이 없다
  ---
  duration_ms: 1.1063
  ...
# Subtest: 한 줄 교체는 삭제 1 + 추가 1이다
ok 544 - 한 줄 교체는 삭제 1 + 추가 1이다
  ---
  duration_ms: 0.6215
  ...
# Subtest: 한 줄이 두 줄로 늘어난 경우(보드 09의 실제 수정안 모양)
ok 545 - 한 줄이 두 줄로 늘어난 경우(보드 09의 실제 수정안 모양)
  ---
  duration_ms: 1.0238
  ...
# Subtest: 순수 추가는 삭제를 만들지 않는다
ok 546 - 순수 추가는 삭제를 만들지 않는다
  ---
  duration_ms: 0.2851
  ...
# Subtest: 순수 삭제는 추가를 만들지 않는다
ok 547 - 순수 삭제는 추가를 만들지 않는다
  ---
  duration_ms: 0.1207
  ...
# Subtest: 빈 파일에서 시작하는 diff
ok 548 - 빈 파일에서 시작하는 diff
  ---
  duration_ms: 0.0806
  ...
# Subtest: 줄 번호는 각 쪽 기준으로 매겨진다
ok 549 - 줄 번호는 각 쪽 기준으로 매겨진다
  ---
  duration_ms: 0.159
  ...
# Subtest: LCS라서 공통 줄을 최대한 남긴다 — 파일 전체를 갈아엎지 않는다
ok 550 - LCS라서 공통 줄을 최대한 남긴다 — 파일 전체를 갈아엎지 않는다
  ---
  duration_ms: 0.1226
  ...
# Subtest: 안 바뀐 구간은 접고 바뀐 줄 주변만 남긴다
ok 551 - 안 바뀐 구간은 접고 바뀐 줄 주변만 남긴다
  ---
  duration_ms: 1.2459
  ...
# Subtest: 접어도 바뀐 줄은 하나도 사라지지 않는다
ok 552 - 접어도 바뀐 줄은 하나도 사라지지 않는다
  ---
  duration_ms: 0.4194
  ...
# Subtest: 변경이 없으면 전부 접힌다
ok 553 - 변경이 없으면 전부 접힌다
  ---
  duration_ms: 1.5708
  ...
# Subtest: 캔버스의 가운데 정렬은 코드 본문에 상속되지 않는다
ok 554 - 캔버스의 가운데 정렬은 코드 본문에 상속되지 않는다
  ---
  duration_ms: 0.4886
  ...
# Subtest: openSpan은 줄을 켜고 열까지 선택하고 포커스를 준다
ok 555 - openSpan은 줄을 켜고 열까지 선택하고 포커스를 준다
  ---
  duration_ms: 4.363
  ...
# Subtest: 열이 없으면 그 줄 전체를 잡는다
ok 556 - 열이 없으면 그 줄 전체를 잡는다
  ---
  duration_ms: 1.2008
  ...
# Subtest: 리본은 연결된 노드·파일:줄·종류를 말한다 — authoritative
ok 557 - 리본은 연결된 노드·파일:줄·종류를 말한다 — authoritative
  ---
  duration_ms: 0.6138
  ...
# Subtest: preview span은 리본에서 미실행 미리보기로 표시된다
ok 558 - preview span은 리본에서 미실행 미리보기로 표시된다
  ---
  duration_ms: 0.3363
  ...
# Subtest: message가 있으면 켠 줄에 인라인 표식이 얹힌다
ok 559 - message가 있으면 켠 줄에 인라인 표식이 얹힌다
  ---
  duration_ms: 1.0452
  ...
# Subtest: [시각 설계에서 보기]는 열고 들어온 node_id로 되돌린다
ok 560 - [시각 설계에서 보기]는 열고 들어온 node_id로 되돌린다
  ---
  duration_ms: 0.7339
  ...
# Subtest: 줄이 없는 span은 아무것도 열지 않는다
ok 561 - 줄이 없는 span은 아무것도 열지 않는다
  ---
  duration_ms: 0.3247
  ...
# Subtest: 미리보기 전용은 읽기 전용 + 전폭 배너 + 흐린 편집기다
ok 562 - 미리보기 전용은 읽기 전용 + 전폭 배너 + 흐린 편집기다
  ---
  duration_ms: 0.6605
  ...
# Subtest: showNotice는 map이 낡았을 때의 한 줄을 띄운다
ok 563 - showNotice는 map이 낡았을 때의 한 줄을 띄운다
  ---
  duration_ms: 0.651
  ...
# Subtest: 전략 파일 띠는 그래프 출처·연결된 구성·호환 모드를 적는다
ok 564 - 전략 파일 띠는 그래프 출처·연결된 구성·호환 모드를 적는다
  ---
  duration_ms: 0.6017
  ...
# Subtest: 맨 아래 줄은 연결됨과 코드 전용 되물음을 갈라 말한다
ok 565 - 맨 아래 줄은 연결됨과 코드 전용 되물음을 갈라 말한다
  ---
  duration_ms: 0.7094
  ...
# Subtest: highlightLines는 그대로다 — 리본 없이 줄만 켠다
ok 566 - highlightLines는 그대로다 — 리본 없이 줄만 켠다
  ---
  duration_ms: 2.4401
  ...
# Subtest: hashSource는 64자 hex sha256이다
ok 567 - hashSource는 64자 hex sha256이다
  ---
  duration_ms: 47.7535
  ...
# Subtest: artifact_hash가 맞으면 authoritative span은 유효하다
ok 568 - artifact_hash가 맞으면 authoritative span은 유효하다
  ---
  duration_ms: 3.7678
  ...
# Subtest: 코드가 한 글자만 바뀌어도 map은 낡은 것이다
ok 569 - 코드가 한 글자만 바뀌어도 map은 낡은 것이다
  ---
  duration_ms: 0.9788
  ...
# Subtest: preview map은 preview_hash로 대조한다
ok 570 - preview map은 preview_hash로 대조한다
  ---
  duration_ms: 1.3898
  ...
# Subtest: 묶음이 없으면 유효하지 않다 — 없는 연결을 지어내지 않는다
ok 571 - 묶음이 없으면 유효하지 않다 — 없는 연결을 지어내지 않는다
  ---
  duration_ms: 0.2702
  ...
# Subtest: 자산을 초기 대비 배수로 정규화한다 — 전략과 벤치마크를 같은 축에 놓기 위해
ok 572 - 자산을 초기 대비 배수로 정규화한다 — 전략과 벤치마크를 같은 축에 놓기 위해
  ---
  duration_ms: 2.3117
  ...
# Subtest: 빈 배열과 숫자가 아닌 값은 버린다
ok 573 - 빈 배열과 숫자가 아닌 값은 버린다
  ---
  duration_ms: 1.7266
  ...
# Subtest: 초기 자산이 0이면 모두 1로 둔다 — 0으로 나누지 않는다
ok 574 - 초기 자산이 0이면 모두 1로 둔다 — 0으로 나누지 않는다
  ---
  duration_ms: 0.4431
  ...
# Subtest: 두 곡선을 함께 담는 범위를 낸다
ok 575 - 두 곡선을 함께 담는 범위를 낸다
  ---
  duration_ms: 0.4671
  ...
# Subtest: 값이 하나뿐이면 위아래로 여는 범위를 낸다 — 0폭 축을 만들지 않는다
ok 576 - 값이 하나뿐이면 위아래로 여는 범위를 낸다 — 0폭 축을 만들지 않는다
  ---
  duration_ms: 0.3009
  ...
# Subtest: 그릴 값이 없으면 null
ok 577 - 그릴 값이 없으면 null
  ---
  duration_ms: 0.1827
  ...
# Subtest: 첫 점은 왼쪽 여백, 마지막 점은 오른쪽 여백에 붙는다
ok 578 - 첫 점은 왼쪽 여백, 마지막 점은 오른쪽 여백에 붙는다
  ---
  duration_ms: 0.3549
  ...
# Subtest: 값이 클수록 y가 작다(화면 위쪽)
ok 579 - 값이 클수록 y가 작다(화면 위쪽)
  ---
  duration_ms: 0.1648
  ...
# Subtest: 점이 하나면 가운데에 둔다 — 0으로 나누지 않는다
ok 580 - 점이 하나면 가운데에 둔다 — 0으로 나누지 않는다
  ---
  duration_ms: 0.4957
  ...
# Subtest: path는 M으로 시작해 L로 이어진다
ok 581 - path는 M으로 시작해 L로 이어진다
  ---
  duration_ms: 2.8718
  ...
# Subtest: 빈 시계열은 빈 path
ok 582 - 빈 시계열은 빈 path
  ---
  duration_ms: 0.3087
  ...
# Subtest: 체결 날짜를 곡선 인덱스로 옮긴다
ok 583 - 체결 날짜를 곡선 인덱스로 옮긴다
  ---
  duration_ms: 0.3615
  ...
# Subtest: 곡선에 없는 날짜의 체결은 버린다 — 엉뚱한 자리에 찍느니 안 찍는다
ok 584 - 곡선에 없는 날짜의 체결은 버린다 — 엉뚱한 자리에 찍느니 안 찍는다
  ---
  duration_ms: 0.1284
  ...
# Subtest: 체결이 없으면 마커도 없다
ok 585 - 체결이 없으면 마커도 없다
  ---
  duration_ms: 0.0882
  ...
# Subtest: 자산곡선과 벤치마크 path를 둘 다 낸다
ok 586 - 자산곡선과 벤치마크 path를 둘 다 낸다
  ---
  duration_ms: 0.4934
  ...
# Subtest: 종가가 없으면 벤치마크를 그리지 않는다 — 직선으로 지어내지 않는다
ok 587 - 종가가 없으면 벤치마크를 그리지 않는다 — 직선으로 지어내지 않는다
  ---
  duration_ms: 0.204
  ...
# Subtest: 자산 자료가 없으면 empty를 돌려준다
ok 588 - 자산 자료가 없으면 empty를 돌려준다
  ---
  duration_ms: 0.1223
  ...
# Subtest: 마커 좌표가 곡선 위에 놓인다
ok 589 - 마커 좌표가 곡선 위에 놓인다
  ---
  duration_ms: 0.2394
  ...
# Subtest: 축 라벨로 쓸 처음·중간·마지막 날짜를 낸다
ok 590 - 축 라벨로 쓸 처음·중간·마지막 날짜를 낸다
  ---
  duration_ms: 0.1623
  ...
# Subtest: 두 실행을 같은 축에 겹친다
ok 591 - 두 실행을 같은 축에 겹친다
  ---
  duration_ms: 0.4558
  ...
# Subtest: 길이가 다르면 짧은 쪽이 먼저 끝난다 — 없는 구간을 이어 붙이지 않는다
ok 592 - 길이가 다르면 짧은 쪽이 먼저 끝난다 — 없는 구간을 이어 붙이지 않는다
  ---
  duration_ms: 0.1843
  ...
# Subtest: 겹칠 곡선이 없으면 empty
ok 593 - 겹칠 곡선이 없으면 empty
  ---
  duration_ms: 0.9694
  ...
# Subtest: 두 곡선이 같은 범위를 공유한다 — 축이 갈라지면 비교가 성립하지 않는다
ok 594 - 두 곡선이 같은 범위를 공유한다 — 축이 갈라지면 비교가 성립하지 않는다
  ---
  duration_ms: 0.2304
  ...
# Subtest: versionParticle: 숫자를 한국어로 읽었을 때의 받침으로 조사를 고른다
ok 595 - versionParticle: 숫자를 한국어로 읽었을 때의 받침으로 조사를 고른다
  ---
  duration_ms: 3.053
  ...
# Subtest: lineRange: 줄이 있는 칸만 범위를 준다 — 폼 경로의 칸에는 코드가 없다
ok 596 - lineRange: 줄이 있는 칸만 범위를 준다 — 폼 경로의 칸에는 코드가 없다
  ---
  duration_ms: 1.9338
  ...
# Subtest: targetText: 대상 한 줄은 payload가 준 것만 적는다
ok 597 - targetText: 대상 한 줄은 payload가 준 것만 적는다
  ---
  duration_ms: 3.5804
  ...
# Subtest: 지도: 머리말·대상 한 줄·경계 3줄·앱 칸·내 칸을 payload 순서대로 그린다
ok 598 - 지도: 머리말·대상 한 줄·경계 3줄·앱 칸·내 칸을 payload 순서대로 그린다
  ---
  duration_ms: 4.5128
  ...
# Subtest: 지도: 마지막 경계가 "두 열만 받습니다"를 함께 적는다 — 그 자리가 계약이다
ok 599 - 지도: 마지막 경계가 "두 열만 받습니다"를 함께 적는다 — 그 자리가 계약이다
  ---
  duration_ms: 0.6856
  ...
# Subtest: 지도: 조건 칸의 두 문장에 진입·청산 이름표가 붙는다
ok 600 - 지도: 조건 칸의 두 문장에 진입·청산 이름표가 붙는다
  ---
  duration_ms: 0.9708
  ...
# Subtest: 지도: 오른쪽 사실은 실행이 준 값만 — 없는 칸은 빈칸이다
ok 601 - 지도: 오른쪽 사실은 실행이 준 값만 — 없는 칸은 빈칸이다
  ---
  duration_ms: 0.6776
  ...
# Subtest: 지도: 상태 고리와 사유는 ok가 아닐 때만 뜬다
ok 602 - 지도: 상태 고리와 사유는 ok가 아닐 때만 뜬다
  ---
  duration_ms: 4.6299
  ...
# Subtest: 지도: 방금 바뀐 칸과 대상 줄에만 알약이 붙는다
ok 603 - 지도: 방금 바뀐 칸과 대상 줄에만 알약이 붙는다
  ---
  duration_ms: 0.7667
  ...
# Subtest: 지도: 지난 실행이 있을 때만 "지난 실행의 실제 값"이라고 말한다
ok 604 - 지도: 지난 실행이 있을 때만 "지난 실행의 실제 값"이라고 말한다
  ---
  duration_ms: 1.3397
  ...
# Subtest: 지도: 칸을 누르면 그 칸을 통째로 넘긴다 — 무엇을 할지는 부르는 쪽이 정한다
ok 605 - 지도: 칸을 누르면 그 칸을 통째로 넘긴다 — 무엇을 할지는 부르는 쪽이 정한다
  ---
  duration_ms: 4.2853
  ...
# Subtest: 지도가 못 담은 코드는 그 사실 그대로 선다 — 빈칸으로 숨기지 않는다
ok 606 - 지도가 못 담은 코드는 그 사실 그대로 선다 — 빈칸으로 숨기지 않는다
  ---
  duration_ms: 1.4651
  ...
# Subtest: 지도를 못 그리면 그 사실만 그린다 — 반쪽 지도를 그리지 않는다
ok 607 - 지도를 못 그리면 그 사실만 그린다 — 반쪽 지도를 그리지 않는다
  ---
  duration_ms: 4.9634
  ...
# Subtest: 서랍: 지도와 일치하면 그렇게 적고, [코드 열기] 하나만 둔다
ok 608 - 서랍: 지도와 일치하면 그렇게 적고, [코드 열기] 하나만 둔다
  ---
  duration_ms: 1.6301
  ...
# Subtest: 서랍: 코드가 지도보다 앞서면 배지와 [지도로 되돌리기]가 함께 뜬다
ok 609 - 서랍: 코드가 지도보다 앞서면 배지와 [지도로 되돌리기]가 함께 뜬다
  ---
  duration_ms: 0.6962
  ...
# Subtest: 서랍: 지도가 코드를 다 담지 못했으면 일치한다고 말하지 않는다
ok 610 - 서랍: 지도가 코드를 다 담지 못했으면 일치한다고 말하지 않는다
  ---
  duration_ms: 1.1758
  ...
# Subtest: 서랍이 없으면 지도만 그린다 — 코드로 가는 길을 억지로 만들지 않는다
ok 611 - 서랍이 없으면 지도만 그린다 — 코드로 가는 길을 억지로 만들지 않는다
  ---
  duration_ms: 0.9458
  ...
# Subtest: 진단: 수정안이 없으면 지어내지 않고 그 사실을 적는다
ok 612 - 진단: 수정안이 없으면 지어내지 않고 그 사실을 적는다
  ---
  duration_ms: 1.0471
  ...
# Subtest: 진단: 세 갈래는 사람이 누를 때만 움직인다(보드 12)
ok 613 - 진단: 세 갈래는 사람이 누를 때만 움직인다(보드 12)
  ---
  duration_ms: 0.8328
  ...
# Subtest: 프리셋 yaml에서 파라미터·범위·타입을 읽는다(슬라이더의 근거)
ok 614 - 프리셋 yaml에서 파라미터·범위·타입을 읽는다(슬라이더의 근거)
  ---
  duration_ms: 12.8762
  ...
# Subtest: 프리셋 yaml에서 지표 별칭과 $참조를 읽는다
ok 615 - 프리셋 yaml에서 지표 별칭과 $참조를 읽는다
  ---
  duration_ms: 0.6139
  ...
# Subtest: 프리셋 yaml에서 진입·청산 조건과 AND/OR를 읽는다
ok 616 - 프리셋 yaml에서 진입·청산 조건과 AND/OR를 읽는다
  ---
  duration_ms: 0.3944
  ...
# Subtest: 프리셋 yaml에서 손절·익절 토글을 읽는다
ok 617 - 프리셋 yaml에서 손절·익절 토글을 읽는다
  ---
  duration_ms: 0.632
  ...
# Subtest: 프리셋은 종목·기간·비용을 모른다 — 스펙은 그 자리를 비워둔 채 시작한다
ok 618 - 프리셋은 종목·기간·비용을 모른다 — 스펙은 그 자리를 비워둔 채 시작한다
  ---
  duration_ms: 1.636
  ...
# Subtest: 종목 추가는 중복과 형식 오류를 조용히 무시한다
ok 619 - 종목 추가는 중복과 형식 오류를 조용히 무시한다
  ---
  duration_ms: 0.8595
  ...
# Subtest: 종목 제거
ok 620 - 종목 제거
  ---
  duration_ms: 0.458
  ...
# Subtest: 파라미터는 min/max 밖으로 나가지 않는다
ok 621 - 파라미터는 min/max 밖으로 나가지 않는다
  ---
  duration_ms: 0.427
  ...
# Subtest: int 파라미터는 정수로 담긴다
ok 622 - int 파라미터는 정수로 담긴다
  ---
  duration_ms: 0.5741
  ...
# Subtest: 없는 파라미터를 바꾸려 하면 스펙이 그대로다
ok 623 - 없는 파라미터를 바꾸려 하면 스펙이 그대로다
  ---
  duration_ms: 0.642
  ...
# Subtest: 편집 연산은 원본을 바꾸지 않는다(불변)
ok 624 - 편집 연산은 원본을 바꾸지 않는다(불변)
  ---
  duration_ms: 0.4481
  ...
# Subtest: 조건 추가·삭제와 AND/OR 전환
ok 625 - 조건 추가·삭제와 AND/OR 전환
  ---
  duration_ms: 0.4254
  ...
# Subtest: 조건이 참조할 수 있는 이름은 지표 별칭 + 원시 5열이다
ok 626 - 조건이 참조할 수 있는 이름은 지표 별칭 + 원시 5열이다
  ---
  duration_ms: 0.2808
  ...
# Subtest: 종목·기간이 비면 실행 전에 막는다
ok 627 - 종목·기간이 비면 실행 전에 막는다
  ---
  duration_ms: 0.6699
  ...
# Subtest: 종료일이 시작일보다 빠르면 막는다
ok 628 - 종료일이 시작일보다 빠르면 막는다
  ---
  duration_ms: 0.3819
  ...
# Subtest: 13월·32일 같은 날짜를 통과시키지 않는다
ok 629 - 13월·32일 같은 날짜를 통과시키지 않는다
  ---
  duration_ms: 0.1123
  ...
# Subtest: 조건이 모르는 이름을 참조하면 실행 전에 잡는다
ok 630 - 조건이 모르는 이름을 참조하면 실행 전에 잡는다
  ---
  duration_ms: 0.3875
  ...
# Subtest: compare_to의 오타도 잡는다 — 숫자는 통과시킨다
ok 631 - compare_to의 오타도 잡는다 — 숫자는 통과시킨다
  ---
  duration_ms: 0.5186
  ...
# Subtest: 손절을 켜고 0%면 막는다
ok 632 - 손절을 켜고 0%면 막는다
  ---
  duration_ms: 0.2673
  ...
# Subtest: 진입·청산 조건이 하나도 없으면 막는다
ok 633 - 진입·청산 조건이 하나도 없으면 막는다
  ---
  duration_ms: 0.2654
  ...
# Subtest: 제대로 채운 스펙은 오류가 없다
ok 634 - 제대로 채운 스펙은 오류가 없다
  ---
  duration_ms: 0.2316
  ...
# Subtest: 초안의 종목은 목록을 통째로 바꾼다 — 중복·형식 오류는 떨어뜨린다
ok 635 - 초안의 종목은 목록을 통째로 바꾼다 — 중복·형식 오류는 떨어뜨린다
  ---
  duration_ms: 0.5408
  ...
# Subtest: 초안의 주기는 day/week/month만 받는다
ok 636 - 초안의 주기는 day/week/month만 받는다
  ---
  duration_ms: 0.2224
  ...
# Subtest: 초안의 파라미터는 setParam을 거친다 — 범위 밖은 잘리고 모르는 이름은 무시된다
ok 637 - 초안의 파라미터는 setParam을 거친다 — 범위 밖은 잘리고 모르는 이름은 무시된다
  ---
  duration_ms: 0.264
  ...
# Subtest: 초안의 지표는 목록을 통째로 바꾼다 — id·alias 없는 항목은 떨어뜨리고 params는 {}가 기본
ok 638 - 초안의 지표는 목록을 통째로 바꾼다 — id·alias 없는 항목은 떨어뜨리고 params는 {}가 기본
  ---
  duration_ms: 0.3408
  ...
# Subtest: 초안의 진입 조건은 그룹을 통째로 바꾼다 — 잘못된 조건은 떨어뜨리고 logic이 이상하면 기존 것을 지킨다
ok 639 - 초안의 진입 조건은 그룹을 통째로 바꾼다 — 잘못된 조건은 떨어뜨리고 logic이 이상하면 기존 것을 지킨다
  ---
  duration_ms: 1.1559
  ...
# Subtest: 초안의 리스크는 키 단위로 깊게 합친다 — 건드리지 않은 토글은 그대로다
ok 640 - 초안의 리스크는 키 단위로 깊게 합친다 — 건드리지 않은 토글은 그대로다
  ---
  duration_ms: 0.4419
  ...
# Subtest: 초안의 비용은 준 키만 합친다 — 숫자가 아니면 무시한다
ok 641 - 초안의 비용은 준 키만 합친다 — 숫자가 아니면 무시한다
  ---
  duration_ms: 0.3044
  ...
# Subtest: 초안의 compare_to가 숫자 문자열이면 숫자로 바꾼다 — 이름으로 오인돼 막히지 않게
ok 642 - 초안의 compare_to가 숫자 문자열이면 숫자로 바꾼다 — 이름으로 오인돼 막히지 않게
  ---
  duration_ms: 0.4419
  ...
# Subtest: preset 키는 applyPatch가 무시한다 — 프리셋 선택은 캔버스 몫이다
ok 643 - preset 키는 applyPatch가 무시한다 — 프리셋 선택은 캔버스 몫이다
  ---
  duration_ms: 0.2906
  ...
# Subtest: patch가 null이거나 객체가 아니면 같은 스펙을 돌려준다
ok 644 - patch가 null이거나 객체가 아니면 같은 스펙을 돌려준다
  ---
  duration_ms: 0.1931
  ...
# Subtest: applyPatch는 원본을 바꾸지 않는다(불변)
ok 645 - applyPatch는 원본을 바꾸지 않는다(불변)
  ---
  duration_ms: 0.2705
  ...
# Subtest: diffFields는 patch 순서가 아니라 고정 순서·한글 라벨로 달라진 필드만 낸다
ok 646 - diffFields는 patch 순서가 아니라 고정 순서·한글 라벨로 달라진 필드만 낸다
  ---
  duration_ms: 0.4864
  ...
# Subtest: diffFields는 열두 필드를 모두 고정 순서로 낸다
ok 647 - diffFields는 열두 필드를 모두 고정 순서로 낸다
  ---
  duration_ms: 4.3101
  ...
# Subtest: diffFields의 파라미터는 default 값만 비교하고 이름→값 객체로 낸다
ok 648 - diffFields의 파라미터는 default 값만 비교하고 이름→값 객체로 낸다
  ---
  duration_ms: 0.5279
  ...
# Subtest: diffFields는 같은 스펙이면 빈 배열이다
ok 649 - diffFields는 같은 스펙이면 빈 배열이다
  ---
  duration_ms: 0.6004
  ...
# Subtest: yaml에 data·costs 블록이 항상 들어간다(프리셋 원문과의 차이)
ok 650 - yaml에 data·costs 블록이 항상 들어간다(프리셋 원문과의 차이)
  ---
  duration_ms: 2.7723
  ...
# Subtest: 슬라이더로 바꾼 파라미터가 yaml에 그대로 실린다
ok 651 - 슬라이더로 바꾼 파라미터가 yaml에 그대로 실린다
  ---
  duration_ms: 0.417
  ...
# Subtest: 지표 $참조는 따옴표를 유지한다 — 벗기면 백엔드가 이름을 못 찾는다
ok 652 - 지표 $참조는 따옴표를 유지한다 — 벗기면 백엔드가 이름을 못 찾는다
  ---
  duration_ms: 0.2649
  ...
# Subtest: 조건 그룹의 logic과 조건 행이 그대로 실린다
ok 653 - 조건 그룹의 logic과 조건 행이 그대로 실린다
  ---
  duration_ms: 1.4021
  ...
# Subtest: 숫자 compare_to는 따옴표 없이 나간다
ok 654 - 숫자 compare_to는 따옴표 없이 나간다
  ---
  duration_ms: 0.5146
  ...
# Subtest: 손절 토글이 yaml에 반영된다
ok 655 - 손절 토글이 yaml에 반영된다
  ---
  duration_ms: 1.4954
  ...
# Subtest: 왕복: 프리셋 → 스펙 → yaml → 다시 스펙이 같은 전략을 낸다
ok 656 - 왕복: 프리셋 → 스펙 → yaml → 다시 스펙이 같은 전략을 낸다
  ---
  duration_ms: 0.6792
  ...
# Subtest: 오늘 날짜는 YYYYMMDD 8자리다
ok 657 - 오늘 날짜는 YYYYMMDD 8자리다
  ---
  duration_ms: 1.9509
  ...
# Subtest: validate: 다중 출력 지표의 별칭_출력 이름은 아는 이름이다 — 52주 신고가 돌파(DONCHIAN)
ok 658 - validate: 다중 출력 지표의 별칭_출력 이름은 아는 이름이다 — 52주 신고가 돌파(DONCHIAN)
  ---
  duration_ms: 0.3121
  ...
# Subtest: validate: conditions=false면 진입·청산 조건 검사를 건너뛰고 대상·기간만 본다
ok 659 - validate: conditions=false면 진입·청산 조건 검사를 건너뛰고 대상·기간만 본다
  ---
  duration_ms: 0.195
  ...
# Subtest: validate: 종목이 둘 이상이면 실행 전에 알린다 — 백엔드 /runs는 1종목만 받는다
ok 660 - validate: 종목이 둘 이상이면 실행 전에 알린다 — 백엔드 /runs는 1종목만 받는다
  ---
  duration_ms: 0.149
  ...
# Subtest: toYaml: 조건이 없으면 빈 목록으로 적는다 — `conditions:`는 널이라 백엔드가 거절한다
ok 661 - toYaml: 조건이 없으면 빈 목록으로 적는다 — `conditions:`는 널이라 백엔드가 거절한다
  ---
  duration_ms: 0.58
  ...
# Subtest: 레일은 이 기법의 노드를 전부 세고, 함수명과 줄 범위를 함께 보여준다
ok 662 - 레일은 이 기법의 노드를 전부 세고, 함수명과 줄 범위를 함께 보여준다
  ---
  duration_ms: 11.2755
  ...
# Subtest: 레일 맨 아래 안내는 이 화면이 이 기법의 것이라고 말한다 — 범용 팔레트가 아니다
ok 663 - 레일 맨 아래 안내는 이 화면이 이 기법의 것이라고 말한다 — 범용 팔레트가 아니다
  ---
  duration_ms: 1.4406
  ...
# Subtest: 진입·청산은 두 세로 갈래로 서고, 카드 순서는 서버가 준 호출 사슬 그대로다
ok 664 - 진입·청산은 두 세로 갈래로 서고, 카드 순서는 서버가 준 호출 사슬 그대로다
  ---
  duration_ms: 2.2943
  ...
# Subtest: 흐름 머리말은 갈래마다 서고 [이 흐름 설명]이 kind를 그대로 낸다
ok 665 - 흐름 머리말은 갈래마다 서고 [이 흐름 설명]이 kind를 그대로 낸다
  ---
  duration_ms: 1.5746
  ...
# Subtest: 흐름선은 갈래마다 (노드 수 - 1)개이고 세로 베지어다 — 가로 곡선은 같은 x에서 직선이 된다
ok 666 - 흐름선은 갈래마다 (노드 수 - 1)개이고 세로 베지어다 — 가로 곡선은 같은 x에서 직선이 된다
  ---
  duration_ms: 0.9827
  ...
# Subtest: 같은 함수가 두 흐름에 쓰이면 두 번째 카드가 재사용 고스트다
ok 667 - 같은 함수가 두 흐름에 쓰이면 두 번째 카드가 재사용 고스트다
  ---
  duration_ms: 0.9249
  ...
# Subtest: 카드를 누르면 선택되고, 같은 노드의 고스트도 함께 눌린 상태가 된다
ok 668 - 카드를 누르면 선택되고, 같은 노드의 고스트도 함께 눌린 상태가 된다
  ---
  duration_ms: 1.3981
  ...
# Subtest: 레일에서 고른 노드도 같은 선택이다 — 같은 콜백이 한 번만 나간다
ok 669 - 레일에서 고른 노드도 같은 선택이다 — 같은 콜백이 한 번만 나간다
  ---
  duration_ms: 2.5208
  ...
# Subtest: 카드 버튼은 [코드 보기] 하나 — 물어보기는 카드 클릭 자체다("이상해요" 버튼 없음)
ok 670 - 카드 버튼은 [코드 보기] 하나 — 물어보기는 카드 클릭 자체다("이상해요" 버튼 없음)
  ---
  duration_ms: 1.7354
  ...
# Subtest: 캔버스 아래 [이 기법 전체를 설명해줘]는 인자 없이 부른다
ok 671 - 캔버스 아래 [이 기법 전체를 설명해줘]는 인자 없이 부른다
  ---
  duration_ms: 4.4117
  ...
# Subtest: 카드는 함수명·한 줄 설명·입력→출력·줄 범위·역할 칩을 함께 말한다
ok 672 - 카드는 함수명·한 줄 설명·입력→출력·줄 범위·역할 칩을 함께 말한다
  ---
  duration_ms: 1.0057
  ...
# Subtest: 설명이 비어 오면 그 줄을 아예 지운다 — 화면이 없는 설명을 지어내지 않는다
ok 673 - 설명이 비어 오면 그 줄을 아예 지운다 — 화면이 없는 설명을 지어내지 않는다
  ---
  duration_ms: 3.764
  ...
# Subtest: 인자가 없거나 타입을 못 읽으면 빈칸이 아니라 낱말로 적는다
ok 674 - 인자가 없거나 타입을 못 읽으면 빈칸이 아니라 낱말로 적는다
  ---
  duration_ms: 0.3217
  ...
# Subtest: Tab은 다음 노드로 가고 초점이 그 카드에 앉는다
ok 675 - Tab은 다음 노드로 가고 초점이 그 카드에 앉는다
  ---
  duration_ms: 1.6321
  ...
# Subtest: 흐름에 안 들어간 함수는 카드가 없으므로 초점이 레일로 돌아간다 — 초점을 잃지 않는다
ok 676 - 흐름에 안 들어간 함수는 카드가 없으므로 초점이 레일로 돌아간다 — 초점을 잃지 않는다
  ---
  duration_ms: 1.4857
  ...
# Subtest: Enter는 설명, o는 코드 — 고른 노드가 없으면 아무 일도 없다
ok 677 - Enter는 설명, o는 코드 — 고른 노드가 없으면 아무 일도 없다
  ---
  duration_ms: 1.0335
  ...
# Subtest: 버튼 위의 Enter는 그 버튼의 클릭이다 — 설명이 덤으로 나가지 않는다
ok 678 - 버튼 위의 Enter는 그 버튼의 클릭이다 — 설명이 덤으로 나가지 않는다
  ---
  duration_ms: 0.7519
  ...
# Subtest: signals() 하나뿐인 기법은 4단계를 같은 카드로 세운다 — 순서는 flow.py 단계 순서
ok 679 - signals() 하나뿐인 기법은 4단계를 같은 카드로 세운다 — 순서는 flow.py 단계 순서
  ---
  duration_ms: 1.0451
  ...
# Subtest: 폴백 갈래에는 [이 흐름 설명]을 달지 않는다 — 부를 kind가 없다
ok 680 - 폴백 갈래에는 [이 흐름 설명]을 달지 않는다 — 부를 kind가 없다
  ---
  duration_ms: 1.2211
  ...
# Subtest: 흐름이 비어도 노드가 있으면 갈래 하나로 접는다 — 화면이 통째로 비지 않는다
ok 681 - 흐름이 비어도 노드가 있으면 갈래 하나로 접는다 — 화면이 통째로 비지 않는다
  ---
  duration_ms: 0.2843
  ...
# Subtest: 흐름이 가리키는 이름이 노드에 없으면 그 이름만 버린다
ok 682 - 흐름이 가리키는 이름이 노드에 없으면 그 이름만 버린다
  ---
  duration_ms: 0.2007
  ...
# Subtest: stats가 있으면 주문 후보 알약 둘, 없으면 하나도 없다
ok 683 - stats가 있으면 주문 후보 알약 둘, 없으면 하나도 없다
  ---
  duration_ms: 1.3246
  ...
# Subtest: 상태 한 줄은 role=status이고 고른 노드가 어느 흐름에 있는지 말한다
ok 684 - 상태 한 줄은 role=status이고 고른 노드가 어느 흐름에 있는지 말한다
  ---
  duration_ms: 2.6907
  ...
# Subtest: error가 오면 상태 줄이 그 문장을 그대로 싣는다
ok 685 - error가 오면 상태 줄이 그 문장을 그대로 싣는다
  ---
  duration_ms: 0.3407
  ...
# Subtest: 노드가 없으면 왜 비었는지 말한다
ok 686 - 노드가 없으면 왜 비었는지 말한다
  ---
  duration_ms: 0.2874
  ...
# Subtest: unknown은 화면이 삼키지 않는다 — 역할을 못 읽었다는 사실을 그대로 낸다
ok 687 - unknown은 화면이 삼키지 않는다 — 역할을 못 읽었다는 사실을 그대로 낸다
  ---
  duration_ms: 0.5247
  ...
# Subtest: setPayload는 화면을 갈아끼우고, 사라진 노드의 선택은 조용히 놓는다
ok 688 - setPayload는 화면을 갈아끼우고, 사라진 노드의 선택은 조용히 놓는다
  ---
  duration_ms: 1.3614
  ...
# Subtest: destroy는 컨테이너에서 자기 뿌리를 걷어낸다
ok 689 - destroy는 컨테이너에서 자기 뿌리를 걷어낸다
  ---
  duration_ms: 1.3821
  ...
# Subtest: normalizePayload는 빠진 칸을 계약의 기본값으로 채운다
ok 690 - normalizePayload는 빠진 칸을 계약의 기본값으로 채운다
  ---
  duration_ms: 0.4995
  ...
# Subtest: 팔레트 그룹은 registry가 선언한 순서 그대로 선다 — 화면이 분류를 새로 만들지 않는다
ok 691 - 팔레트 그룹은 registry가 선언한 순서 그대로 선다 — 화면이 분류를 새로 만들지 않는다
  ---
  duration_ms: 11.0999
  ...
# Subtest: 팔레트 목록은 자기 스크롤 상자 안에만 있다 — 열이 캔버스보다 길어지지 않는다
ok 692 - 팔레트 목록은 자기 스크롤 상자 안에만 있다 — 열이 캔버스보다 길어지지 않는다
  ---
  duration_ms: 3.2465
  ...
# Subtest: 노드 검색은 registry 라벨로 좁힌다
ok 693 - 노드 검색은 registry 라벨로 좁힌다
  ---
  duration_ms: 2.8273
  ...
# Subtest: 팔레트로 노드를 더하면 새 ID가 한 번 발급된다
ok 694 - 팔레트로 노드를 더하면 새 ID가 한 번 발급된다
  ---
  duration_ms: 9.0419
  ...
# Subtest: 이름과 자리를 바꿔도 ID는 그대로다 — 진단이 다른 칸으로 옮겨가면 안 된다
ok 695 - 이름과 자리를 바꿔도 ID는 그대로다 — 진단이 다른 칸으로 옮겨가면 안 된다
  ---
  duration_ms: 5.1865
  ...
# Subtest: 복제는 값은 같고 ID만 새로 받는다
ok 696 - 복제는 값은 같고 ID만 새로 받는다
  ---
  duration_ms: 2.3763
  ...
# Subtest: 이동은 이력 한 줌으로 접힌다 — 픽셀마다 쌓으면 Ctrl+Z가 아무것도 못 되돌린다
ok 697 - 이동은 이력 한 줌으로 접힌다 — 픽셀마다 쌓으면 Ctrl+Z가 아무것도 못 되돌린다
  ---
  duration_ms: 6.9775
  ...
# Subtest: Series<Number>는 조건의 left에 붙는다
ok 698 - Series<Number>는 조건의 left에 붙는다
  ---
  duration_ms: 2.3038
  ...
# Subtest: Series<Bool>은 left 자리에 못 붙고, 이유가 한국어로 남는다
ok 699 - Series<Bool>은 left 자리에 못 붙고, 이유가 한국어로 남는다
  ---
  duration_ms: 2.6756
  ...
# Subtest: right는 Series<Number>|Number 합집합이라 Number도 받는다
ok 700 - right는 Series<Number>|Number 합집합이라 Number도 받는다
  ---
  duration_ms: 0.5462
  ...
# Subtest: 순환과 자기 연결은 붙기 전에 막는다
ok 701 - 순환과 자기 연결은 붙기 전에 막는다
  ---
  duration_ms: 1.1001
  ...
# Subtest: 진단 하나가 노드·포트·검사기·요약 바에 같은 code로 뜬다
ok 702 - 진단 하나가 노드·포트·검사기·요약 바에 같은 code로 뜬다
  ---
  duration_ms: 3.4944
  ...
# Subtest: 연결된 포트의 진단은 엣지에도 번진다
ok 703 - 연결된 포트의 진단은 엣지에도 번진다
  ---
  duration_ms: 1.7425
  ...
# Subtest: 정상 요약은 보드 11 문구 그대로다
ok 704 - 정상 요약은 보드 11 문구 그대로다
  ---
  duration_ms: 2.1864
  ...
# Subtest: 오류 요약은 보드 12 문구 그대로다 — 제목·부제·버튼 둘
ok 705 - 오류 요약은 보드 12 문구 그대로다 — 제목·부제·버튼 둘
  ---
  duration_ms: 1.6627
  ...
# Subtest: 동기화 요약은 보드 14 문구로 바뀐다
ok 706 - 동기화 요약은 보드 14 문구로 바뀐다
  ---
  duration_ms: 1.9269
  ...
# Subtest: 첫 오류로 버튼은 그 노드를 골라 초점까지 옮긴다
ok 707 - 첫 오류로 버튼은 그 노드를 골라 초점까지 옮긴다
  ---
  duration_ms: 6.4816
  ...
# Subtest: 검사기는 보드 11의 칸을 낸다 — 입력 데이터 select·기간 슬라이더·입출력 타입·설명
ok 708 - 검사기는 보드 11의 칸을 낸다 — 입력 데이터 select·기간 슬라이더·입출력 타입·설명
  ---
  duration_ms: 5.8736
  ...
# Subtest: 검사기 select로 연결을 바꾸면 드래그 없이 그래프가 고쳐진다
ok 709 - 검사기 select로 연결을 바꾸면 드래그 없이 그래프가 고쳐진다
  ---
  duration_ms: 4.2546
  ...
# Subtest: 오류 검사기는 문제 위치와 두 버튼, 그리고 AI 규율 한 줄을 낸다
ok 710 - 오류 검사기는 문제 위치와 두 버튼, 그리고 AI 규율 한 줄을 낸다
  ---
  duration_ms: 4.2461
  ...
# Subtest: 파라미터 값을 바꾸면 setParam 한 번과 onChange 한 번
ok 711 - 파라미터 값을 바꾸면 setParam 한 번과 onChange 한 번
  ---
  duration_ms: 2.5738
  ...
# Subtest: Enter는 고른 노드로 코드를 연다
ok 712 - Enter는 고른 노드로 코드를 연다
  ---
  duration_ms: 3.8019
  ...
# Subtest: Delete는 노드와 그 연결을 함께 지운다
ok 713 - Delete는 노드와 그 연결을 함께 지운다
  ---
  duration_ms: 2.2346
  ...
# Subtest: Ctrl+Z는 방금 더한 노드를 되돌리고 Ctrl+Y는 다시 놓는다
ok 714 - Ctrl+Z는 방금 더한 노드를 되돌리고 Ctrl+Y는 다시 놓는다
  ---
  duration_ms: 4.9329
  ...
# Subtest: Tab은 다음 노드로, Shift+Tab은 이전 노드로 옮긴다
ok 715 - Tab은 다음 노드로, Shift+Tab은 이전 노드로 옮긴다
  ---
  duration_ms: 2.9504
  ...
# Subtest: 입력칸 안의 키는 가로채지 않는다 — 이름을 고치다 노드가 사라지면 안 된다
ok 716 - 입력칸 안의 키는 가로채지 않는다 — 이름을 고치다 노드가 사라지면 안 된다
  ---
  duration_ms: 1.9467
  ...
# Subtest: 좁은 폭에서 서랍을 닫으면 초점이 고른 노드로 돌아오고 상태 바는 선택·오류를 계속 말한다
ok 717 - 좁은 폭에서 서랍을 닫으면 초점이 고른 노드로 돌아오고 상태 바는 선택·오류를 계속 말한다
  ---
  duration_ms: 5.2468
  ...
# Subtest: Escape도 서랍을 닫고 초점을 노드로 돌려놓는다
ok 718 - Escape도 서랍을 닫고 초점을 노드로 돌려놓는다
  ---
  duration_ms: 4.7662
  ...
# Subtest: 목록 보기는 노드마다 포트 select를 내서 끌지 않고도 다 된다
ok 719 - 목록 보기는 노드마다 포트 select를 내서 끌지 않고도 다 된다
  ---
  duration_ms: 3.9446
  ...
# Subtest: 목록 보기에서도 삭제가 된다
ok 720 - 목록 보기에서도 삭제가 된다
  ---
  duration_ms: 3.2238
  ...
# Subtest: 읽기 전용 그래프는 편집 도구 없이 그려진다 — code_only 스냅숏이 쓰는 모양
ok 721 - 읽기 전용 그래프는 편집 도구 없이 그려진다 — code_only 스냅숏이 쓰는 모양
  ---
  duration_ms: 3.7209
  ...
# Subtest: 읽기 전용에서는 편집 연산이 조용히 실패하지 않고 이유를 남긴다
ok 722 - 읽기 전용에서는 편집 연산이 조용히 실패하지 않고 이유를 남긴다
  ---
  duration_ms: 0.8766
  ...
# Subtest: 서버 registry 모양(name·accepts·category·choices)을 그대로 받아 접는다
ok 723 - 서버 registry 모양(name·accepts·category·choices)을 그대로 받아 접는다
  ---
  duration_ms: 0.5055
  ...
# Subtest: 서버 registry로도 팔레트·타입 검사·검사기가 그대로 선다
ok 724 - 서버 registry로도 팔레트·타입 검사·검사기가 그대로 선다
  ---
  duration_ms: 1.5476
  ...
# Subtest: 워밍업은 가장 긴 기간 -1봉
ok 725 - 워밍업은 가장 긴 기간 -1봉
  ---
  duration_ms: 0.7484
  ...
# Subtest: 포트 점은 하나면 가운데 살짝 위, 둘이면 그 위아래로 벌어진다
ok 726 - 포트 점은 하나면 가운데 살짝 위, 둘이면 그 위아래로 벌어진다
  ---
  duration_ms: 0.5585
  ...
# Subtest: 조건 노드가 어느 출력으로 흐르는지 안다 — 카드 색과 워터마크가 여기서 나온다
ok 727 - 조건 노드가 어느 출력으로 흐르는지 안다 — 카드 색과 워터마크가 여기서 나온다
  ---
  duration_ms: 0.5034
  ...
# Subtest: destroy는 컨테이너를 비운다
ok 728 - destroy는 컨테이너를 비운다
  ---
  duration_ms: 1.5926
  ...
# Subtest: 한국어 만 단위 사다리는 상위 2묶음까지만 남긴다
ok 729 - 한국어 만 단위 사다리는 상위 2묶음까지만 남긴다
  ---
  duration_ms: 37.2738
  ...
# Subtest: 영문 단위·과학표기를 만들지 않는다 — 표기에 남는 것은 조·억·만뿐이다
ok 730 - 영문 단위·과학표기를 만들지 않는다 — 표기에 남는 것은 조·억·만뿐이다
  ---
  duration_ms: 0.6658
  ...
# Subtest: toNumber는 쉼표 문자열과 숫자를 받고 그 외는 null이다
ok 731 - toNumber는 쉼표 문자열과 숫자를 받고 그 외는 null이다
  ---
  duration_ms: 0.1777
  ...
# Subtest: 부호는 텍스트에, 색은 tone에 — 색만으로 상승·하락을 구분하지 않는다
ok 732 - 부호는 텍스트에, 색은 tone에 — 색만으로 상승·하락을 구분하지 않는다
  ---
  duration_ms: 1.3197
  ...
# Subtest: 가격 슬롯의 absolute는 표시 부호만 걷고 tone은 원본 Kiwoom 부호를 지킨다
ok 733 - 가격 슬롯의 absolute는 표시 부호만 걷고 tone은 원본 Kiwoom 부호를 지킨다
  ---
  duration_ms: 95.267
  ...
# Subtest: 정밀도·퍼센트·일자 포맷
ok 734 - 정밀도·퍼센트·일자 포맷
  ---
  duration_ms: 1.0758
  ...
# Subtest: 결측 3종은 서로 구분되고 0으로 위장하지 않는다
ok 735 - 결측 3종은 서로 구분되고 0으로 위장하지 않는다
  ---
  duration_ms: 2.6467
  ...
# Subtest: 의도적으로 비워 둔 슬롯은 저작된 중립 결측 문구를 쓰되 잘못된 배열에는 적용하지 않는다
ok 736 - 의도적으로 비워 둔 슬롯은 저작된 중립 결측 문구를 쓰되 잘못된 배열에는 적용하지 않는다
  ---
  duration_ms: 0.2738
  ...
# Subtest: 배열/객체 관찰값은 한 슬롯 문자열로 펼치지 않고 결측으로 격리한다
ok 737 - 배열/객체 관찰값은 한 슬롯 문자열로 펼치지 않고 결측으로 격리한다
  ---
  duration_ms: 0.7507
  ...
# Subtest: 명시적 composite는 각 part 포맷을 적용한 뒤 저작된 구분자로 조합한다
ok 738 - 명시적 composite는 각 part 포맷을 적용한 뒤 저작된 구분자로 조합한다
  ---
  duration_ms: 0.7935
  ...
# Subtest: 일반 scalar 슬롯도 저작된 prefix와 suffix를 포맷된 값 바깥에 붙인다
ok 739 - 일반 scalar 슬롯도 저작된 prefix와 suffix를 포맷된 값 바깥에 붙인다
  ---
  duration_ms: 0.3884
  ...
# Subtest: 실제 종목 Paper 슬롯은 거래대금 문구와 유통주식 단위를 중복·배율 왜곡 없이 표시한다
ok 740 - 실제 종목 Paper 슬롯은 거래대금 문구와 유통주식 단위를 중복·배율 왜곡 없이 표시한다
  ---
  duration_ms: 2.1029
  ...
# Subtest: composite는 일부 part가 없거나 배열/객체이면 전체를 미제공으로 닫는다
ok 741 - composite는 일부 part가 없거나 배열/객체이면 전체를 미제공으로 닫는다
  ---
  duration_ms: 0.3233
  ...
# Subtest: composite 일부 part가 결측이면 슬롯의 저작된 중립 문구로 전체를 닫는다
ok 742 - composite 일부 part가 결측이면 슬롯의 저작된 중립 문구로 전체를 닫는다
  ---
  duration_ms: 0.1631
  ...
# Subtest: 모양이 불완전한 composite는 객체 문자열을 노출하지 않는다
ok 743 - 모양이 불완전한 composite는 객체 문자열을 노출하지 않는다
  ---
  duration_ms: 0.1464
  ...
# Subtest: isZeroLike는 0과 결측을 함께 세고(H1 모수) 값 있는 항목은 세지 않는다
ok 744 - isZeroLike는 0과 결측을 함께 세고(H1 모수) 값 있는 항목은 세지 않는다
  ---
  duration_ms: 0.1488
  ...
# Subtest: 미리 만들어진 표기(text)는 그대로 쓰고 포맷터를 다시 태우지 않는다
ok 745 - 미리 만들어진 표기(text)는 그대로 쓰고 포맷터를 다시 태우지 않는다
  ---
  duration_ms: 0.1529
  ...
# Subtest: 추출기 unit 7종이 렌더러 kind로 옮겨진다
ok 746 - 추출기 unit 7종이 렌더러 kind로 옮겨진다
  ---
  duration_ms: 0.4523
  ...
# Subtest: unit 표기 — 금액은 만 단위, 퍼센트는 %, 수량은 주·건 접미를 유지한다
ok 747 - unit 표기 — 금액은 만 단위, 퍼센트는 %, 수량은 주·건 접미를 유지한다
  ---
  duration_ms: 0.5358
  ...
# Subtest: 수량 접미는 숫자로 읽힌 값에만 붙는다 — 없는 단위를 지어내지 않는다
ok 748 - 수량 접미는 숫자로 읽힌 값에만 붙는다 — 없는 단위를 지어내지 않는다
  ---
  duration_ms: 0.1349
  ...
# Subtest: tone 'change'와 'signed'는 같은 뜻이고 'neutral'은 색 없음이다
ok 749 - tone 'change'와 'signed'는 같은 뜻이고 'neutral'은 색 없음이다
  ---
  duration_ms: 0.3266
  ...
# Subtest: glyph geometry uses a strict greater-than-one-pixel overlap tolerance
ok 750 - glyph geometry uses a strict greater-than-one-pixel overlap tolerance
  ---
  duration_ms: 21.9755
  ...
# Subtest: legacy pair ambiguity requires same-line contact rather than mere visibility
ok 751 - legacy pair ambiguity requires same-line contact rather than mere visibility
  ---
  duration_ms: 0.5617
  ...
# Subtest: atomic visual lines dedupe fragments and ignore hidden or zero-area fragments
ok 752 - atomic visual lines dedupe fragments and ignore hidden or zero-area fragments
  ---
  duration_ms: 2.4381
  ...
# Subtest: compact Korean and money-unit tokens are measured without treating space wraps as fragmentation
ok 753 - compact Korean and money-unit tokens are measured without treating space wraps as fragmentation
  ---
  duration_ms: 1.0104
  ...
# Subtest: text-overlap excludes duplicate, hidden, same-owner, ancestor, and different-layout candidates
ok 754 - text-overlap excludes duplicate, hidden, same-owner, ancestor, and different-layout candidates
  ---
  duration_ms: 0.4056
  ...
# Subtest: text overlap compares distinct rendered items under one responsive owner
ok 755 - text overlap compares distinct rendered items under one responsive owner
  ---
  duration_ms: 0.5327
  ...
# Subtest: text overlap unions every terminal fragment owned by the same rendered item
ok 756 - text overlap unions every terminal fragment owned by the same rendered item
  ---
  duration_ms: 0.5144
  ...
# Subtest: findings sort deterministically and preserve total-before-cap semantics
ok 757 - findings sort deterministically and preserve total-before-cap semantics
  ---
  duration_ms: 0.3255
  ...
# Subtest: paired semantics keep total violations before the report cap
ok 758 - paired semantics keep total violations before the report cap
  ---
  duration_ms: 0.5837
  ...
# Subtest: paired semantics reject duplicate sources or labels and stale tone or missing state
ok 759 - paired semantics reject duplicate sources or labels and stale tone or missing state
  ---
  duration_ms: 2.1897
  ...
# Subtest: paired semantics reports visible legacy mirrors but ignores hidden ones
ok 760 - paired semantics reports visible legacy mirrors but ignores hidden ones
  ---
  duration_ms: 0.3848
  ...
# Subtest: legacy pairs fail only for measured same-line ambiguity, never merely for existing
ok 761 - legacy pairs fail only for measured same-line ambiguity, never merely for existing
  ---
  duration_ms: 0.1821
  ...
# Subtest: paired semantic report carries malformed scroll-table role findings
ok 762 - paired semantic report carries malformed scroll-table role findings
  ---
  duration_ms: 0.1743
  ...
# Subtest: readability assertion reports findings when optional and fails closed when enforced
ok 763 - readability assertion reports findings when optional and fails closed when enforced
  ---
  duration_ms: 2.4764
  ...
# Subtest: temp manifest mutations cannot omit 2QGE flow or omit or mispoint the 13K table owner
ok 764 - temp manifest mutations cannot omit 2QGE flow or omit or mispoint the 13K table owner
  ---
  duration_ms: 60.1549
  ...
# Subtest: the frozen readability manifests and generated markup have exact responsive parity
ok 765 - the frozen readability manifests and generated markup have exact responsive parity
  ---
  duration_ms: 9.3749
  ...
# Subtest: G5 production manifests declare only the measured responsive owners and atomic leaves
ok 766 - G5 production manifests declare only the measured responsive owners and atomic leaves
  ---
  duration_ms: 1.1716
  ...
# Subtest: a DOM-like 13K chip shrink mutation becomes a two-line atomic hard failure
ok 767 - a DOM-like 13K chip shrink mutation becomes a two-line atomic hard failure
  ---
  duration_ms: 1.112
  ...
# Subtest: a complete synthetic canonical zero report passes the enforced 6/24/12 matrix
ok 768 - a complete synthetic canonical zero report passes the enforced 6/24/12 matrix
  ---
  duration_ms: 1.8072
  ...
# Subtest: the frozen diagnostic board set keeps the exact six-board order
ok 769 - the frozen diagnostic board set keeps the exact six-board order
  ---
  duration_ms: 0.1792
  ...
# Subtest: stable layout falls back to timer ticks when animation frames never fire
ok 770 - stable layout falls back to timer ticks when animation frames never fire
  ---
  duration_ms: 18.7516
  ...
# Subtest: stable layout rejects instead of reporting stable when its full geometry signature keeps changing
ok 771 - stable layout rejects instead of reporting stable when its full geometry signature keeps changing
  ---
  duration_ms: 16.7545
  ...
# Subtest: stable layout rejects an overdue stable frame even before the queued deadline callback runs
ok 772 - stable layout rejects an overdue stable frame even before the queued deadline callback runs
  ---
  duration_ms: 0.6156
  ...
# Subtest: stable layout rejects fonts that resolve after the absolute deadline before their timeout callback runs
ok 773 - stable layout rejects fonts that resolve after the absolute deadline before their timeout callback runs
  ---
  duration_ms: 1.8082
  ...
# Subtest: visualRowCounts는 top이 달라도 세로 구간이 겹치는 KPI 셀을 같은 행으로 센다
ok 774 - visualRowCounts는 top이 달라도 세로 구간이 겹치는 KPI 셀을 같은 행으로 센다
  ---
  duration_ms: 2.3189
  ...
# Subtest: visualRowCounts는 높이가 다른 3+2 flex 흐름을 두 행으로 센다
ok 775 - visualRowCounts는 높이가 다른 3+2 flex 흐름을 두 행으로 센다
  ---
  duration_ms: 0.4261
  ...
# Subtest: responsive plain state control activates exactly once for click, Enter, and Space
ok 776 - responsive plain state control activates exactly once for click, Enter, and Space
  ---
  duration_ms: 3.4833
  ...
# Subtest: a state control inside an identity-free columnheader wrapper keeps sole button semantics
ok 777 - a state control inside an identity-free columnheader wrapper keeps sole button semantics
  ---
  duration_ms: 0.638
  ...
# Subtest: real-board fixture state marks flatten into wired 3GLA and 2WI2 links
ok 778 - real-board fixture state marks flatten into wired 3GLA and 2WI2 links
  ---
  duration_ms: 5.9892
  ...
# Subtest: 상태 보드로 갈아타도 부모 레일 링크가 그대로 남는다
ok 779 - 상태 보드로 갈아타도 부모 레일 링크가 그대로 남는다
  ---
  duration_ms: 0.5794
  ...
# Subtest: 레일 주인을 부모로 둔 보드는 레일 주인으로 되돌아갈 링크를 갖는다
ok 780 - 레일 주인을 부모로 둔 보드는 레일 주인으로 되돌아갈 링크를 갖는다
  ---
  duration_ms: 0.6719
  ...
# Subtest: 레일에 제 표식이 없는 부모로 되돌아가는 링크는 지어내지 않는다
ok 781 - 레일에 제 표식이 없는 부모로 되돌아가는 링크는 지어내지 않는다
  ---
  duration_ms: 0.2228
  ...
# Subtest: native button and tab state controls keep their existing semantics
ok 782 - native button and tab state controls keep their existing semantics
  ---
  duration_ms: 0.6794
  ...
# Subtest: a marked descendant routes state activation to its native button or tab owner
ok 783 - a marked descendant routes state activation to its native button or tab owner
  ---
  duration_ms: 0.4155
  ...
# Subtest: a marked descendant never creates nested button semantics inside a role=button owner
ok 784 - a marked descendant never creates nested button semantics inside a role=button owner
  ---
  duration_ms: 0.8113
  ...
# Subtest: plain controls outside responsive groups keep pointer-only legacy behavior
ok 785 - plain controls outside responsive groups keep pointer-only legacy behavior
  ---
  duration_ms: 0.5225
  ...
# Subtest: H1 영값 묶음 — 0 항목 3개면 접고 롤업 한 줄을 만든다
ok 786 - H1 영값 묶음 — 0 항목 3개면 접고 롤업 한 줄을 만든다
  ---
  duration_ms: 0.8439
  ...
# Subtest: H1 — 값이 생긴 항목은 그 항목만 행으로 올라오고, 남은 0이 2개면 접지 않는다
ok 787 - H1 — 값이 생긴 항목은 그 항목만 행으로 올라오고, 남은 0이 2개면 접지 않는다
  ---
  duration_ms: 0.3175
  ...
# Subtest: H1 — 결측도 영값 모수에 든다(0으로 위장하지 않되 같은 묶음으로 접는다)
ok 788 - H1 — 결측도 영값 모수에 든다(0으로 위장하지 않되 같은 묶음으로 접는다)
  ---
  duration_ms: 0.2149
  ...
# Subtest: isValueSlot은 숫자 계열만 영값 모수로 센다
ok 789 - isValueSlot은 숫자 계열만 영값 모수로 센다
  ---
  duration_ms: 0.1385
  ...
# Subtest: static source metadata preserves numeric collapse eligibility but never marks a value atomic
ok 790 - static source metadata preserves numeric collapse eligibility but never marks a value atomic
  ---
  duration_ms: 31.0077
  ...
# Subtest: value-atomic marker intent is exposed only for formatted numeric assignments
ok 791 - value-atomic marker intent is exposed only for formatted numeric assignments
  ---
  duration_ms: 2.7091
  ...
# Subtest: mountPlan은 슬롯마다 텍스트·색 근거를 하나씩 만들고 롤업 텍스트로 갈아끼운다
ok 792 - mountPlan은 슬롯마다 텍스트·색 근거를 하나씩 만들고 롤업 텍스트로 갈아끼운다
  ---
  duration_ms: 0.7979
  ...
# Subtest: 병기 슬롯은 주값과 한 묶음으로 잡힌다(D4)
ok 793 - 병기 슬롯은 주값과 한 묶음으로 잡힌다(D4)
  ---
  duration_ms: 0.3915
  ...
# Subtest: applyPlan은 텍스트 노드만 갱신하고 접힌 행의 인라인 display를 되돌릴 수 있게 둔다
ok 794 - applyPlan은 텍스트 노드만 갱신하고 접힌 행의 인라인 display를 되돌릴 수 있게 둔다
  ---
  duration_ms: 3.593
  ...
# Subtest: paired display mirrors follow full and partial source text, tone, and missing state
ok 795 - paired display mirrors follow full and partial source text, tone, and missing state
  ---
  duration_ms: 4.4938
  ...
# Subtest: a generated paired value fails hard when naked and passes when labeled
ok 796 - a generated paired value fails hard when naked and passes when labeled
  ---
  duration_ms: 0.4131
  ...
# Subtest: value-atomic marker is written only to the Paper leaf and removed idempotently
ok 797 - value-atomic marker is written only to the Paper leaf and removed idempotently
  ---
  duration_ms: 0.3998
  ...
# Subtest: 펼침 ▸는 상태 보드 id를 훅으로 넘긴다(템플릿 교체는 호출부 몫)
ok 798 - 펼침 ▸는 상태 보드 id를 훅으로 넘긴다(템플릿 교체는 호출부 몫)
  ---
  duration_ms: 1.0854
  ...
# Subtest: 계약에 있는데 보드에 없는 슬롯과 보드에 있는데 계약에 없는 노드를 둘 다 보고한다
ok 799 - 계약에 있는데 보드에 없는 슬롯과 보드에 있는데 계약에 없는 노드를 둘 다 보고한다
  ---
  duration_ms: 0.2665
  ...
# Subtest: 컨테이너 앵커에는 텍스트를 쓰지 않는다 — 자식(병기 span)을 날리지 않기 위해
ok 800 - 컨테이너 앵커에는 텍스트를 쓰지 않는다 — 자식(병기 span)을 날리지 않기 위해
  ---
  duration_ms: 0.2657
  ...
# Subtest: 같은 data-node가 둘이면 잎을 앵커로 고른다 — 바깥 원문 노드에 쓰지 않는다
ok 801 - 같은 data-node가 둘이면 잎을 앵커로 고른다 — 바깥 원문 노드에 쓰지 않는다
  ---
  duration_ms: 1.2302
  ...
# Subtest: 잎 안의 <br>은 자식으로 세지 않는다 — 두 줄 라벨도 마운트된다
ok 802 - 잎 안의 <br>은 자식으로 세지 않는다 — 두 줄 라벨도 마운트된다
  ---
  duration_ms: 0.4156
  ...
# Subtest: 병기 사본이 먼저 나와도 원본 머리글에 쓴다 — 두 줄이 한 노드로 남는다
ok 803 - 병기 사본이 먼저 나와도 원본 머리글에 쓴다 — 두 줄이 한 노드로 남는다
  ---
  duration_ms: 0.273
  ...
# Subtest: 구형 병기 사본도 원본을 따라 갱신된다 — 좁은 폭에 목업 숫자가 남지 않게
ok 804 - 구형 병기 사본도 원본을 따라 갱신된다 — 좁은 폭에 목업 숫자가 남지 않게
  ---
  duration_ms: 2.7444
  ...
# Subtest: isValueSlot은 추출기 unit 어휘도 숫자 계열로 센다(H1 모수)
ok 805 - isValueSlot은 추출기 unit 어휘도 숫자 계열로 센다(H1 모수)
  ---
  duration_ms: 0.3207
  ...
# Subtest: 추출기 출처 필드는 마운트를 바꾸지 않는다 — 값 표의 열쇠는 slot_id 하나다
ok 806 - 추출기 출처 필드는 마운트를 바꾸지 않는다 — 값 표의 열쇠는 slot_id 하나다
  ---
  duration_ms: 1.7545
  ...
# Subtest: 라벨 슬롯은 값이 안 실려도 Paper 원문을 지키고, 값 슬롯만 결측어로 간다
ok 807 - 라벨 슬롯은 값이 안 실려도 Paper 원문을 지키고, 값 슬롯만 결측어로 간다
  ---
  duration_ms: 0.2575
  ...
# Subtest: 결측 슬롯은 결측어를 쓰고 data-missing으로 표시된다
ok 808 - 결측 슬롯은 결측어를 쓰고 data-missing으로 표시된다
  ---
  duration_ms: 0.4771
  ...
# Subtest: setHidden은 원래 인라인 display를 한 번만 기억한다
ok 809 - setHidden은 원래 인라인 display를 한 번만 기억한다
  ---
  duration_ms: 0.1259
  ...
# Subtest: hoistLayout은 레이아웃 속성만 커스텀 속성으로 옮기고 나머지 인라인은 손대지 않는다
ok 810 - hoistLayout은 레이아웃 속성만 커스텀 속성으로 옮기고 나머지 인라인은 손대지 않는다
  ---
  duration_ms: 0.493
  ...
# Subtest: L 구간 최소 폭 표시는 값이 있는 탄력 KPI 칸에만 붙는다
ok 811 - L 구간 최소 폭 표시는 값이 있는 탄력 KPI 칸에만 붙는다
  ---
  duration_ms: 0.3247
  ...
# Subtest: 한쪽 inset과 고정 폭을 가진 absolute 상자는 좁은 단계용 양쪽 inset을 기억한다
ok 812 - 한쪽 inset과 고정 폭을 가진 absolute 상자는 좁은 단계용 양쪽 inset을 기억한다
  ---
  duration_ms: 0.3727
  ...
# Subtest: 양쪽 inset이 이미 있거나 폭이 없는 absolute 상자는 표시하지 않는다
ok 813 - 양쪽 inset이 이미 있거나 폭이 없는 absolute 상자는 표시하지 않는다
  ---
  duration_ms: 0.2902
  ...
# Subtest: primary가 세로로 쌓아 놓은 양끝 가로 줄만 XS 접기 표시를 받는다
ok 814 - primary가 세로로 쌓아 놓은 양끝 가로 줄만 XS 접기 표시를 받는다
  ---
  duration_ms: 0.6084
  ...
# Subtest: 세로로 쌓는 부모 아래 상자만 세로 축 flex-shrink 표시를 받는다
ok 815 - 세로로 쌓는 부모 아래 상자만 세로 축 flex-shrink 표시를 받는다
  ---
  duration_ms: 0.26
  ...
# Subtest: 가로 칸에 붙은 병기 줄만 접기 숙주로 표시한다
ok 816 - 가로 칸에 붙은 병기 줄만 접기 숙주로 표시한다
  ---
  duration_ms: 0.3211
  ...
# Subtest: applyResponsiveHooks는 보드 루트·반응형 영역·영역 밖 고정 상자를 모두 훑는다
ok 817 - applyResponsiveHooks는 보드 루트·반응형 영역·영역 밖 고정 상자를 모두 훑는다
  ---
  duration_ms: 1.673
  ...
# Subtest: realtimeSlotIndex는 같은 관찰을 가리키는 binding만 슬롯에 잇는다
ok 818 - realtimeSlotIndex는 같은 관찰을 가리키는 binding만 슬롯에 잇는다
  ---
  duration_ms: 0.7328
  ...
# Subtest: realtimeSlotIndex는 한 관찰에 걸린 슬롯을 전부 모은다(같은 값 재표시)
ok 819 - realtimeSlotIndex는 한 관찰에 걸린 슬롯을 전부 모은다(같은 값 재표시)
  ---
  duration_ms: 0.193
  ...
# Subtest: realtimeSlotIndex는 composite 각 part 관찰을 같은 슬롯에 잇는다
ok 820 - realtimeSlotIndex는 composite 각 part 관찰을 같은 슬롯에 잇는다
  ---
  duration_ms: 0.4321
  ...
# Subtest: updateRealtimeValue는 composite에서 해당 관찰 part만 바꾸고 나머지를 보존한다
ok 821 - updateRealtimeValue는 composite에서 해당 관찰 part만 바꾸고 나머지를 보존한다
  ---
  duration_ms: 0.3071
  ...
# Subtest: composite 실시간 갱신은 전체를 다시 포맷하고 잘못된 part 값은 원문 대신 미제공으로 닫는다
ok 822 - composite 실시간 갱신은 전체를 다시 포맷하고 잘못된 part 값은 원문 대신 미제공으로 닫는다
  ---
  duration_ms: 0.4555
  ...
# Subtest: realtimeSlotIndex는 모양이 어긋난 식별자를 버린다(추측으로 잇지 않는다)
ok 823 - realtimeSlotIndex는 모양이 어긋난 식별자를 버린다(추측으로 잇지 않는다)
  ---
  duration_ms: 0.2389
  ...
# Subtest: realtimeSlotIndex는 맵 형태 slot_values(관찰 식별자 없음)에서 빈 표를 낸다
ok 824 - realtimeSlotIndex는 맵 형태 slot_values(관찰 식별자 없음)에서 빈 표를 낸다
  ---
  duration_ms: 0.1397
  ...
# Subtest: pairedClosure는 주값 하나에서 병기 짝을 양방향으로 끌어온다(D4)
ok 825 - pairedClosure는 주값 하나에서 병기 짝을 양방향으로 끌어온다(D4)
  ---
  duration_ms: 0.1817
  ...
# Subtest: realtimePlan은 건드린 슬롯만 칠하되 접힘은 보드 전체로 다시 센다
ok 826 - realtimePlan은 건드린 슬롯만 칠하되 접힘은 보드 전체로 다시 센다
  ---
  duration_ms: 0.4691
  ...
# Subtest: 실시간 프레임은 잎 텍스트를 포맷터로 갈아끼우고 병기 짝을 같은 프레임에 칠한다
ok 827 - 실시간 프레임은 잎 텍스트를 포맷터로 갈아끼우고 병기 짝을 같은 프레임에 칠한다
  ---
  duration_ms: 2.0389
  ...
# Subtest: value-atomic marker survives partial realtime writes without leaking to labels
ok 828 - value-atomic marker survives partial realtime writes without leaking to labels
  ---
  duration_ms: 0.63
  ...
# Subtest: 실시간 프레임은 건드리지 않은 잎을 그대로 둔다(부분 갱신)
ok 829 - 실시간 프레임은 건드리지 않은 잎을 그대로 둔다(부분 갱신)
  ---
  duration_ms: 0.5815
  ...
# Subtest: 실시간으로 값이 생기면 H1 묶음이 같은 프레임에서 펼쳐진다
ok 830 - 실시간으로 값이 생기면 H1 묶음이 같은 프레임에서 펼쳐진다
  ---
  duration_ms: 0.6112
  ...
# Subtest: 건드릴 슬롯이 없으면 실시간 프레임은 DOM을 건드리지 않는다
ok 831 - 건드릴 슬롯이 없으면 실시간 프레임은 DOM을 건드리지 않는다
  ---
  duration_ms: 0.4407
  ...
# Subtest: 마운트 표면에서 원시 식별자를 실은 data-name만 걷어내고 나머지 레이어 이름은 둔다
ok 832 - 마운트 표면에서 원시 식별자를 실은 data-name만 걷어내고 나머지 레이어 이름은 둔다
  ---
  duration_ms: 0.7918
  ...
# Subtest: primaryMountPoint는 mount_slot을 먼저 보고, 없으면 .bs-primary로 떨어진다
ok 833 - primaryMountPoint는 mount_slot을 먼저 보고, 없으면 .bs-primary로 떨어진다
  ---
  duration_ms: 0.2761
  ...
# Subtest: primary 목업은 지우지 않고 접었다가 그대로 편다
ok 834 - primary 목업은 지우지 않고 접었다가 그대로 편다
  ---
  duration_ms: 0.1806
  ...
# Subtest: 접을 자리가 없으면 아무 일도 하지 않는다
ok 835 - 접을 자리가 없으면 아무 일도 하지 않는다
  ---
  duration_ms: 0.0857
  ...
# Subtest: primaryMountPoint는 자리가 없으면 지어내지 않는다
ok 836 - primaryMountPoint는 자리가 없으면 지어내지 않는다
  ---
  duration_ms: 0.1071
  ...
# Subtest: 늦게 끝난 보드 로드는 새 상태 보드나 닫힌 카드를 되살리지 않는다
ok 837 - 늦게 끝난 보드 로드는 새 상태 보드나 닫힌 카드를 되살리지 않는다
  ---
  duration_ms: 0.4851
  ...
# Subtest: 보드 로드 실패는 현재 요청에서만 오류와 같은 요청 재시도를 제공한다
ok 838 - 보드 로드 실패는 현재 요청에서만 오류와 같은 요청 재시도를 제공한다
  ---
  duration_ms: 0.4483
  ...
# Subtest: 성공한 empty hydrate는 권위 있는 빈 pending을 보존해 재방문 때 다시 조회하지 않는다
ok 839 - 성공한 empty hydrate는 권위 있는 빈 pending을 보존해 재방문 때 다시 조회하지 않는다
  ---
  duration_ms: 0.2105
  ...
# Subtest: P1 — 정본 값으로 마운트한 결과의 텍스트 다중집합이 Paper 원문과 상등이다
ok 840 - P1 — 정본 값으로 마운트한 결과의 텍스트 다중집합이 Paper 원문과 상등이다
  ---
  duration_ms: 47.1804
  ...
# Subtest: glyph readability probe keeps raw geometry evidence and hard-enforces every selected board
ok 841 - glyph readability probe keeps raw geometry evidence and hard-enforces every selected board
  ---
  duration_ms: 3.1807
  ...
# Subtest: paired semantic probe scopes legacy ambiguity to opted-in paired tables
ok 842 - paired semantic probe scopes legacy ambiguity to opted-in paired tables
  ---
  duration_ms: 2.5253
  ...
# Subtest: real-board verifier fixtures preserve authored state-board links for runtime wiring
ok 843 - real-board verifier fixtures preserve authored state-board links for runtime wiring
  ---
  duration_ms: 1.8592
  ...
# Subtest: 스트립·정렬 칩 표식이 Paper가 그 보드에 활성으로 그린 문구 잎에 붙는다
ok 844 - 스트립·정렬 칩 표식이 Paper가 그 보드에 활성으로 그린 문구 잎에 붙는다
  ---
  duration_ms: 23.7774
  ...
# Subtest: 순위 본표가 열 머리와 본문 행을 갖춘 표로 추출된다
ok 845 - 순위 본표가 열 머리와 본문 행을 갖춘 표로 추출된다
  ---
  duration_ms: 5.4426
  ...
# Subtest: canonical glyph verifier has no alternate diagnostic success path
ok 846 - canonical glyph verifier has no alternate diagnostic success path
  ---
  duration_ms: 1.5342
  ...
# Subtest: the integrated verifier takes its exact default readability board order from the frozen contract
ok 847 - the integrated verifier takes its exact default readability board order from the frozen contract
  ---
  duration_ms: 1.9194
  ...
# Subtest: canonical capture hygiene is exact-set guarded while overrides write to diagnostics
ok 848 - canonical capture hygiene is exact-set guarded while overrides write to diagnostics
  ---
  duration_ms: 4.0207
  ...
# Subtest: P1 슬롯 단위 — 계산된 표기가 slots.json의 paper_text와 한 글자도 다르지 않다
ok 849 - P1 슬롯 단위 — 계산된 표기가 slots.json의 paper_text와 한 글자도 다르지 않다
  ---
  duration_ms: 1.7605
  ...
# Subtest: P1 — 값이 바뀌면 그 슬롯의 텍스트만 바뀐다(구조·정적 문구 불변)
ok 850 - P1 — 값이 바뀌면 그 슬롯의 텍스트만 바뀐다(구조·정적 문구 불변)
  ---
  duration_ms: 3.5323
  ...
# Subtest: 밀도 예산 — 표 8열 · KPI 6칸 · 레일 블록 5개 이하
ok 851 - 밀도 예산 — 표 8열 · KPI 6칸 · 레일 블록 5개 이하
  ---
  duration_ms: 1.8872
  ...
# Subtest: P5 — 접히는 열마다 같은 값을 받는 병기 줄이 있다(삭제 0)
ok 852 - P5 — 접히는 열마다 같은 값을 받는 병기 줄이 있다(삭제 0)
  ---
  duration_ms: 3.0705
  ...
# Subtest: board-surface.css는 5단이고 !important를 쓰지 않는다
ok 853 - board-surface.css는 5단이고 !important를 쓰지 않는다
  ---
  duration_ms: 2.1082
  ...
# Subtest: paired-table labels form scoped label-value grids while scroll-table keeps its native grid reachable
ok 854 - paired-table labels form scoped label-value grids while scroll-table keeps its native grid reachable
  ---
  duration_ms: 1.6476
  ...
# Subtest: 카드 청크가 board.html 원문과 같은 해시를 들고 있다
ok 855 - 카드 청크가 board.html 원문과 같은 해시를 들고 있다
  ---
  duration_ms: 89.3384
  ...
# Subtest: 색인은 보드 id → 카드 id만 싣고, 원문은 카드 청크에만 있다
ok 856 - 색인은 보드 id → 카드 id만 싣고, 원문은 카드 청크에만 있다
  ---
  duration_ms: 1.3853
  ...
# Subtest: loadBoard는 필요한 카드 청크 하나만 실어 Promise로 해석한다
ok 857 - loadBoard는 필요한 카드 청크 하나만 실어 Promise로 해석한다
  ---
  duration_ms: 0.8029
  ...
# Subtest: semantic flow and atomic behavior starts below XL and remains owner-scoped
ok 858 - semantic flow and atomic behavior starts below XL and remains owner-scoped
  ---
  duration_ms: 4.6081
  ...
# Subtest: semantic scroll behavior is bounded, nonshrinking, and visibly focusable from M down
ok 859 - semantic scroll behavior is bounded, nonshrinking, and visibly focusable from M down
  ---
  duration_ms: 0.9333
  ...
# Subtest: responsive behavior CSS never names a board or Paper node
ok 860 - responsive behavior CSS never names a board or Paper node
  ---
  duration_ms: 0.5878
  ...
# Subtest: 마운트 시 인라인 폭이 커스텀 속성으로 내려가고 나머지 원문은 그대로다
ok 861 - 마운트 시 인라인 폭이 커스텀 속성으로 내려가고 나머지 원문은 그대로다
  ---
  duration_ms: 8.8036
  ...
# Subtest: shell 실제 순서로 새 모듈을 로드하면 AthenaLib에 전부 등록된다
ok 862 - shell 실제 순서로 새 모듈을 로드하면 AthenaLib에 전부 등록된다
  ---
  duration_ms: 95.4677
  ...
# Subtest: shell.html이 탭·보드 스타일시트를 싣는다
ok 863 - shell.html이 탭·보드 스타일시트를 싣는다
  ---
  duration_ms: 0.6627
  ...
# Subtest: 색인이 board.html과 마운트 계약을 함께 싣는다 — 봉투는 값만 나른다
ok 864 - 색인이 board.html과 마운트 계약을 함께 싣는다 — 봉투는 값만 나른다
  ---
  duration_ms: 1.3338
  ...
# Subtest: 레인 A 실추출 보드도 마운트 계약을 갖고, 앵커가 board.html에 실재한다
ok 865 - 레인 A 실추출 보드도 마운트 계약을 갖고, 앵커가 board.html에 실재한다
  ---
  duration_ms: 157.7725
  ...
# Subtest: 청크가 primary 계약을 나른다 — 저작 안 된 보드는 null이다
ok 866 - 청크가 primary 계약을 나른다 — 저작 안 된 보드는 null이다
  ---
  duration_ms: 0.4432
  ...
# Subtest: 색인이 primary 렌더러 종류를 청크 없이 답한다
ok 867 - 색인이 primary 렌더러 종류를 청크 없이 답한다
  ---
  duration_ms: 0.4467
  ...
# Subtest: 저작된 mount_slot은 실보드의 primary 자리 그 자체다
ok 868 - 저작된 mount_slot은 실보드의 primary 자리 그 자체다
  ---
  duration_ms: 23.0407
  ...
# Subtest: primary가 저작된 전 보드에 마운트 지점이 실재한다
ok 869 - primary가 저작된 전 보드에 마운트 지점이 실재한다
  ---
  duration_ms: 22.2307
  ...
# Subtest: 차트 자리는 그 보드가 실제로 부르는 op에서만 값을 받는다
ok 870 - 차트 자리는 그 보드가 실제로 부르는 op에서만 값을 받는다
  ---
  duration_ms: 2.1639
  ...
# Subtest: 실추출 보드 전수 — 값이 실리는 슬롯은 컨테이너에 앉지 않는다
ok 871 - 실추출 보드 전수 — 값이 실리는 슬롯은 컨테이너에 앉지 않는다
  ---
  duration_ms: 494.6889
  ...
# Subtest: 접기 임계 — L은 7열 이상, M은 6 이상, S는 5 이상, XS는 4 이상을 접는다
ok 872 - 접기 임계 — L은 7열 이상, M은 6 이상, S는 5 이상, XS는 4 이상을 접는다
  ---
  duration_ms: 1.6595
  ...
# Subtest: KPI 칸은 M 이하에서만 3칸/2칸/1칸 흐름으로 바뀐다
ok 873 - KPI 칸은 M 이하에서만 3칸/2칸/1칸 흐름으로 바뀐다
  ---
  duration_ms: 1.8477
  ...
# Subtest: 실보드 검증은 strip 내부 스크롤과 달리 surface 가로 넘침을 실패시킨다
ok 874 - 실보드 검증은 strip 내부 스크롤과 달리 surface 가로 넘침을 실패시킨다
  ---
  duration_ms: 1.7986
  ...
# Subtest: 실보드 검증은 24개 사용자 캡처와 별도로 XL·M 컨테이너를 기하 프로브한다
ok 875 - 실보드 검증은 24개 사용자 캡처와 별도로 XL·M 컨테이너를 기하 프로브한다
  ---
  duration_ms: 2.2176
  ...
# Subtest: 실보드 검증의 선택 필터는 빈 집합과 중복 보드를 거부한다
ok 876 - 실보드 검증의 선택 필터는 빈 집합과 중복 보드를 거부한다
  ---
  duration_ms: 2.523
  ...
# Subtest: 창 4종은 원본에서 최소까지 폭이 줄어드는 얼어붙은 목록이다
ok 877 - 창 4종은 원본에서 최소까지 폭이 줄어드는 얼어붙은 목록이다
  ---
  duration_ms: 2.1722
  ...
# Subtest: CARD_KIND는 카드 6종을 하나도 빠짐없이 잇는다
ok 878 - CARD_KIND는 카드 6종을 하나도 빠짐없이 잇는다
  ---
  duration_ms: 0.2947
  ...
# Subtest: boardInstanceId는 대문자 보드 id를 소문자 키로 만든다
ok 879 - boardInstanceId는 대문자 보드 id를 소문자 키로 만든다
  ---
  duration_ms: 0.1719
  ...
# Subtest: 가로 넘침은 1px까지 봐주고 그 위는 실패한다
ok 880 - 가로 넘침은 1px까지 봐주고 그 위는 실패한다
  ---
  duration_ms: 0.8219
  ...
# Subtest: 세로 넘침·형제 겹침은 실패이되 XL 프로브에서는 재지 않는다
ok 881 - 세로 넘침·형제 겹침은 실패이되 XL 프로브에서는 재지 않는다
  ---
  duration_ms: 1.1601
  ...
# Subtest: 초점을 못 받는 스크롤 상태 컨트롤은 어느 단계에서도 실패다
ok 882 - 초점을 못 받는 스크롤 상태 컨트롤은 어느 단계에서도 실패다
  ---
  duration_ms: 0.2681
  ...
# Subtest: 좁은 두 단계에서는 스크롤 표가 실제로 넘쳐야 한다
ok 883 - 좁은 두 단계에서는 스크롤 표가 실제로 넘쳐야 한다
  ---
  duration_ms: 0.3326
  ...
# Subtest: boardStepProbe는 인스턴스 키를 박은 실행 가능한 식을 만든다
ok 884 - boardStepProbe는 인스턴스 키를 박은 실행 가능한 식을 만든다
  ---
  duration_ms: 2.7775
  ...
# Subtest: loadRealBoardContract는 넘겨받은 템플릿 뿌리에서 paper_text만 계약에 싣는다
ok 885 - loadRealBoardContract는 넘겨받은 템플릿 뿌리에서 paper_text만 계약에 싣는다
  ---
  duration_ms: 13.8837
  ...
# Subtest: loadRealBoardContract는 다른 뿌리를 넘기면 그 뿌리를 찾는다
ok 886 - loadRealBoardContract는 다른 뿌리를 넘기면 그 뿌리를 찾는다
  ---
  duration_ms: 0.6119
  ...
# Subtest: 부팅 자리표시자는 Paper 16OD-2 회색이다 — 투명이 아니다
ok 887 - 부팅 자리표시자는 Paper 16OD-2 회색이다 — 투명이 아니다
  ---
  duration_ms: 5.7906
  ...
# Subtest: 타이핑된 글자는 Paper 파랑(\#0e20b2)이다
ok 888 - 타이핑된 글자는 Paper 파랑(\#0e20b2)이다
  ---
  duration_ms: 0.464
  ...
# Subtest: 캐럿은 Paper 핑크(\#ee137b)다
ok 889 - 캐럿은 Paper 핑크(\#ee137b)다
  ---
  duration_ms: 0.2789
  ...
# Subtest: 폭 문법 기본값 — 컴팩트는 반폭, 넓은 형상은 전폭
ok 890 - 폭 문법 기본값 — 컴팩트는 반폭, 넓은 형상은 전폭
  ---
  duration_ms: 1.3899
  ...
# Subtest: 폭 문법 — facts(F1/F2 key/value)는 반폭, compound(헤더+표)는 전폭 (P4)
ok 891 - 폭 문법 — facts(F1/F2 key/value)는 반폭, compound(헤더+표)는 전폭 (P4)
  ---
  duration_ms: 0.1782
  ...
# Subtest: 폭 문법 — 보호 워크플로 event는 전폭, action/status는 반폭
ok 892 - 폭 문법 — 보호 워크플로 event는 전폭, action/status는 반폭
  ---
  duration_ms: 0.1477
  ...
# Subtest: 미지 형상은 전폭 — 자유 카드와 같은 보수적 착지
ok 893 - 미지 형상은 전폭 — 자유 카드와 같은 보수적 착지
  ---
  duration_ms: 0.2112
  ...
# Subtest: layout 힌트는 폭 등급 승격·강등만 한다
ok 894 - layout 힌트는 폭 등급 승격·강등만 한다
  ---
  duration_ms: 0.1491
  ...
# Subtest: 무효 힌트는 조용히 문법 기본값으로 폴백한다
ok 895 - 무효 힌트는 조용히 문법 기본값으로 폴백한다
  ---
  duration_ms: 0.1212
  ...
# Subtest: drop_types — table은 픽스처·실배선 둘 다 지목한다
ok 896 - drop_types — table은 픽스처·실배선 둘 다 지목한다
  ---
  duration_ms: 1.1507
  ...
# Subtest: drop_types — 미지 값·중복은 무시, 비배열은 빈 목록
ok 897 - drop_types — 미지 값·중복은 무시, 비배열은 빈 목록
  ---
  duration_ms: 0.1839
  ...
# Subtest: drop_types — facts/compound(P4)도 큐레이션 대상이다
ok 898 - drop_types — facts/compound(P4)도 큐레이션 대상이다
  ---
  duration_ms: 0.4891
  ...
# Subtest: 높이 예산 — 최소 3장은 예산과 무관하게 보장(soul.md §5-2)
ok 899 - 높이 예산 — 최소 3장은 예산과 무관하게 보장(soul.md §5-2)
  ---
  duration_ms: 0.5827
  ...
# Subtest: 높이 예산 — 뷰포트 2배 초과 시에만 참(정확히 2배는 허용)
ok 900 - 높이 예산 — 뷰포트 2배 초과 시에만 참(정확히 2배는 허용)
  ---
  duration_ms: 0.2198
  ...
# Subtest: 높이 예산 — 창이 접혀 clientHeight=0이면 제거하지 않는다(fail-safe)
ok 901 - 높이 예산 — 창이 접혀 clientHeight=0이면 제거하지 않는다(fail-safe)
  ---
  duration_ms: 0.1006
  ...
# Subtest: 탭 제목은 `카드명 · 대상` — 종목명 > 코드 > 계좌 뒤 4자리 순으로 있는 값만 쓴다
ok 902 - 탭 제목은 `카드명 · 대상` — 종목명 > 코드 > 계좌 뒤 4자리 순으로 있는 값만 쓴다
  ---
  duration_ms: 1.4334
  ...
# Subtest: 계좌번호는 뒤 4자리만 남긴다
ok 903 - 계좌번호는 뒤 4자리만 남긴다
  ---
  duration_ms: 0.2829
  ...
# Subtest: 탭 1개 = 인스턴스 키 1개 — 같은 키의 후속 봉투는 새 탭을 만들지 않는다
ok 904 - 탭 1개 = 인스턴스 키 1개 — 같은 키의 후속 봉투는 새 탭을 만들지 않는다
  ---
  duration_ms: 2.6476
  ...
# Subtest: 활성 전환은 탭 한 개만 켜고 나머지 패널을 감춘다
ok 905 - 활성 전환은 탭 한 개만 켜고 나머지 패널을 감춘다
  ---
  duration_ms: 0.6549
  ...
# Subtest: 닫기는 그 탭만 지우고 이웃을 활성으로 올리며 카드 정리를 호출부에 넘긴다
ok 906 - 닫기는 그 탭만 지우고 이웃을 활성으로 올리며 카드 정리를 호출부에 넘긴다
  ---
  duration_ms: 0.8494
  ...
# Subtest: 탭 순서와 활성은 세션에 저장되고 다음 덱이 그 순서대로 복원한다
ok 907 - 탭 순서와 활성은 세션에 저장되고 다음 덱이 그 순서대로 복원한다
  ---
  duration_ms: 1.9471
  ...
# Subtest: 세션 저장이 막혀 있어도 탭 자체는 동작한다
ok 908 - 세션 저장이 막혀 있어도 탭 자체는 동작한다
  ---
  duration_ms: 0.3548
  ...
# Subtest: 덱 골격은 스트립 + 뷰포트 1개다
ok 909 - 덱 골격은 스트립 + 뷰포트 1개다
  ---
  duration_ms: 0.2474
  ...
# Subtest: 탭은 HTML5 드래그로 순서를 바꾸고 바뀐 순서가 세션에 남는다
ok 910 - 탭은 HTML5 드래그로 순서를 바꾸고 바뀐 순서가 세션에 남는다
  ---
  duration_ms: 0.7119
  ...
# Subtest: 끌던 것이 없거나 자기 자신에 놓으면 순서는 그대로다
ok 911 - 끌던 것이 없거나 자기 자신에 놓으면 순서는 그대로다
  ---
  duration_ms: 0.5388
  ...
# Subtest: 좌우 화살표는 이웃 탭으로 전환하고 포커스를 옮긴다 — 끝에서는 반대편으로 돈다
ok 912 - 좌우 화살표는 이웃 탭으로 전환하고 포커스를 옮긴다 — 끝에서는 반대편으로 돈다
  ---
  duration_ms: 0.4136
  ...
# Subtest: 통합 카드는 두 반환 경로 모두에서 자기 탭으로 옮겨진다
ok 913 - 통합 카드는 두 반환 경로 모두에서 자기 탭으로 옮겨진다
  ---
  duration_ms: 0.2874
  ...
# Subtest: 덱은 늦게 만들고 마지막 탭이 닫히면 지운다 — 빈 캔버스 상태가 살아 있어야 한다
ok 914 - 덱은 늦게 만들고 마지막 탭이 닫히면 지운다 — 빈 캔버스 상태가 살아 있어야 한다
  ---
  duration_ms: 0.1289
  ...
# Subtest: 탭 카드는 모자이크 높이 예산 밖이고, 카드 닫기는 탭 닫기로 간다
ok 915 - 탭 카드는 모자이크 높이 예산 밖이고, 카드 닫기는 탭 닫기로 간다
  ---
  duration_ms: 0.2696
  ...
# Subtest: surface_contract가 있으면 보드 마운트로, 없으면 기존 경로로 간다
ok 916 - surface_contract가 있으면 보드 마운트로, 없으면 기존 경로로 간다
  ---
  duration_ms: 0.4544
  ...
# Subtest: 상태 보드 전환은 계약 링크 안에서만 일어나고 보드별 값 표를 보존한다
ok 917 - 상태 보드 전환은 계약 링크 안에서만 일어나고 보드별 값 표를 보존한다
  ---
  duration_ms: 0.2926
  ...
# Subtest: 상태 링크는 마운트마다 색인에서 다시 계산한다
ok 918 - 상태 링크는 마운트마다 색인에서 다시 계산한다
  ---
  duration_ms: 0.1517
  ...
# Subtest: 계약이 지정한 초기 상태 보드를 보드별 값으로 같은 로딩 경계 안에서 직접 준비한다
ok 919 - 계약이 지정한 초기 상태 보드를 보드별 값으로 같은 로딩 경계 안에서 직접 준비한다
  ---
  duration_ms: 1.1949
  ...
# Subtest: 상태 보드 키보드 의미는 flow/scroll/scroll-table 안의 plain leaf에만 보강한다
ok 920 - 상태 보드 키보드 의미는 flow/scroll/scroll-table 안의 plain leaf에만 보강한다
  ---
  duration_ms: 0.2963
  ...
# Subtest: 미결 슬롯이 있으면 하이드레이션을 기다리고 실패는 재시도 오류로 넘긴다
ok 921 - 미결 슬롯이 있으면 하이드레이션을 기다리고 실패는 재시도 오류로 넘긴다
  ---
  duration_ms: 51.9526
  ...
# Subtest: 덱 엘리먼트가 밖에서 떨어져 나갔으면 탭을 닫고 덱을 새로 만든다
ok 922 - 덱 엘리먼트가 밖에서 떨어져 나갔으면 탭을 닫고 덱을 새로 만든다
  ---
  duration_ms: 0.4016
  ...
# Subtest: 보드가 얹는 렌더러 종류는 라우팅이 아는 목록과 같다
ok 923 - 보드가 얹는 렌더러 종류는 라우팅이 아는 목록과 같다
  ---
  duration_ms: 2.1048
  ...
# Subtest: 보드 호가 자리는 카드종 조각을 그대로 얹고 0D를 명시로 잡는다
ok 924 - 보드 호가 자리는 카드종 조각을 그대로 얹고 0D를 명시로 잡는다
  ---
  duration_ms: 0.4089
  ...
# Subtest: 호가 자리를 놓을 때 0D 리스도 같은 문으로 놓는다
ok 925 - 호가 자리를 놓을 때 0D 리스도 같은 문으로 놓는다
  ---
  duration_ms: 0.3366
  ...
# Subtest: 호가 실시간 해제는 두 번 나가지 않는다
ok 926 - 호가 실시간 해제는 두 번 나가지 않는다
  ---
  duration_ms: 0.3088
  ...
# Subtest: Paper가 준비되어 드러난 뒤 앱 렌더러를 얹는다
ok 927 - Paper가 준비되어 드러난 뒤 앱 렌더러를 얹는다
  ---
  duration_ms: 0.1717
  ...
# Subtest: 상태 보드를 갈아타기 전에 열린 primary 패널을 먼저 닫는다
ok 928 - 상태 보드를 갈아타기 전에 열린 primary 패널을 먼저 닫는다
  ---
  duration_ms: 0.2097
  ...
# Subtest: 봉투가 차트를 안 실었거나 봉이 없으면 목업을 걷지 않는다
ok 929 - 봉투가 차트를 안 실었거나 봉이 없으면 목업을 걷지 않는다
  ---
  duration_ms: 0.1438
  ...
# Subtest: 보드 primary는 목업을 접고 얹으며, 실패하면 목업을 되돌린다
ok 930 - 보드 primary는 목업을 접고 얹으며, 실패하면 목업을 되돌린다
  ---
  duration_ms: 0.4151
  ...
# Subtest: 남의 보드로 갈아타면 그 봉투의 차트를 얹지 않는다
ok 931 - 남의 보드로 갈아타면 그 봉투의 차트를 얹지 않는다
  ---
  duration_ms: 116.43
  ...
# Subtest: 보드 껍질이 차트 신원을 찍어 paint ack에 넘긴다
ok 932 - 보드 껍질이 차트 신원을 찍어 paint ack에 넘긴다
  ---
  duration_ms: 0.5391
  ...
# Subtest: 같은 panelId가 다른 자리에 살아 있으면 열기 전에 놓아준다
ok 933 - 같은 panelId가 다른 자리에 살아 있으면 열기 전에 놓아준다
  ---
  duration_ms: 0.1911
  ...
# Subtest: 보드 카드를 닫으면 그 자리에 열린 패널도 닫힌다
ok 934 - 보드 카드를 닫으면 그 자리에 열린 패널도 닫힌다
  ---
  duration_ms: 0.2375
  ...
# Subtest: Paper 로딩 paint는 pending으로 알리고 hydrate 완료 뒤 최종 상태를 다시 보낸다
ok 935 - Paper 로딩 paint는 pending으로 알리고 hydrate 완료 뒤 최종 상태를 다시 보낸다
  ---
  duration_ms: 0.2313
  ...
# Subtest: Paper 공통 카드 v3의 16종 렌더러 파일과 shell 로드 계약이 모두 존재한다
ok 936 - Paper 공통 카드 v3의 16종 렌더러 파일과 shell 로드 계약이 모두 존재한다
  ---
  duration_ms: 5.7756
  ...
# Subtest: shell 실제 순서로 카드 스크립트를 로드하면 16종 모두 런타임에 등록된다
ok 937 - shell 실제 순서로 카드 스크립트를 로드하면 16종 모두 런타임에 등록된다
  ---
  duration_ms: 13.7427
  ...
# Subtest: action/event 카드도 CardKinds를 통해 주문·실시간 화면군을 호출한다
ok 938 - action/event 카드도 CardKinds를 통해 주문·실시간 화면군을 호출한다
  ---
  duration_ms: 2.0777
  ...
# Subtest: ka10040 매수측 필드 — buy_trde_ori_N/buy_trde_ori_qty_N을 순위행으로 뽑는다
ok 939 - ka10040 매수측 필드 — buy_trde_ori_N/buy_trde_ori_qty_N을 순위행으로 뽑는다
  ---
  duration_ms: 2.7465
  ...
# Subtest: ka10040 매도측 필드 — sel_trde_ori_N 패턴
ok 940 - ka10040 매도측 필드 — sel_trde_ori_N 패턴
  ---
  duration_ms: 0.2806
  ...
# Subtest: ka10002 매수측 필드 — buy_trde_ori_nm_N/buy_trde_qty_N 패턴(다른 네이밍)
ok 941 - ka10002 매수측 필드 — buy_trde_ori_nm_N/buy_trde_qty_N 패턴(다른 네이밍)
  ---
  duration_ms: 1.2352
  ...
# Subtest: ka10002 매도측 필드 — sel_trde_ori_nm_N/sel_trde_qty_N 패턴
ok 942 - ka10002 매도측 필드 — sel_trde_ori_nm_N/sel_trde_qty_N 패턴
  ---
  duration_ms: 0.2877
  ...
# Subtest: 5위까지 순서대로 뽑는다(Paper는 3위까지만 보였지만 실응답은 5위까지)
ok 943 - 5위까지 순서대로 뽑는다(Paper는 3위까지만 보였지만 실응답은 5위까지)
  ---
  duration_ms: 0.2213
  ...
# Subtest: 이름은 있는데 수량이 없으면 그 순위는 생략한다(필드 단위 생략)
ok 944 - 이름은 있는데 수량이 없으면 그 순위는 생략한다(필드 단위 생략)
  ---
  duration_ms: 0.3252
  ...
# Subtest: 네 패턴 중 아무것도 안 걸리면 null(all-or-nothing, 범용 렌더러로 폴백)
ok 945 - 네 패턴 중 아무것도 안 걸리면 null(all-or-nothing, 범용 렌더러로 폴백)
  ---
  duration_ms: 0.1771
  ...
# Subtest: buildBrokerTableRow — rank/mmcm_nm/acc_netprps_qty 전부 있는 행
ok 946 - buildBrokerTableRow — rank/mmcm_nm/acc_netprps_qty 전부 있는 행
  ---
  duration_ms: 0.2198
  ...
# Subtest: buildBrokerTableRow — 응답이 이미 매긴 순위를 그대로 쓴다(배열 인덱스로 재계산 안 함)
ok 947 - buildBrokerTableRow — 응답이 이미 매긴 순위를 그대로 쓴다(배열 인덱스로 재계산 안 함)
  ---
  duration_ms: 0.4248
  ...
# Subtest: buildBrokerTableRow — rank·회원사명·누적순매수 중 하나라도 없으면 null(행 단위 생략)
ok 948 - buildBrokerTableRow — rank·회원사명·누적순매수 중 하나라도 없으면 null(행 단위 생략)
  ---
  duration_ms: 0.5356
  ...
# Subtest: resolveBrokerRankingTable — 유효한 행만 골라 side:"net"으로 묶는다
ok 949 - resolveBrokerRankingTable — 유효한 행만 골라 side:"net"으로 묶는다
  ---
  duration_ms: 0.3704
  ...
# Subtest: resolveBrokerRankingTable — 유효한 행이 하나도 없으면 null(all-or-nothing)
ok 950 - resolveBrokerRankingTable — 유효한 행이 하나도 없으면 null(all-or-nothing)
  ---
  duration_ms: 0.1806
  ...
# Subtest: selectAccountFacts — kt00004류: 손익 필드만 있는 응답은 전부 profit으로 분류된다
ok 951 - selectAccountFacts — kt00004류: 손익 필드만 있는 응답은 전부 profit으로 분류된다
  ---
  duration_ms: 4.8758
  ...
# Subtest: selectAccountFacts — kt00018류: 손익 필드가 있으면 같이 온 비손익 필드도 버리지 않는다
ok 952 - selectAccountFacts — kt00018류: 손익 필드가 있으면 같이 온 비손익 필드도 버리지 않는다
  ---
  duration_ms: 0.4513
  ...
# Subtest: selectAccountFacts — 아는 키는 field.label이 키를 그대로 echo해도 검증된 한글 라벨을 쓴다
ok 953 - selectAccountFacts — 아는 키는 field.label이 키를 그대로 echo해도 검증된 한글 라벨을 쓴다
  ---
  duration_ms: 0.2942
  ...
# Subtest: selectAccountFacts — kt00004의 원금 필드 3종: 애매하지 않은 둘은 라벨+단위, 애매한 하나는 단위만
ok 954 - selectAccountFacts — kt00004의 원금 필드 3종: 애매하지 않은 둘은 라벨+단위, 애매한 하나는 단위만
  ---
  duration_ms: 0.3431
  ...
# Subtest: selectAccountFacts — 모르는 키는 field.label이 있으면 그걸 쓰고, 없으면 key로 물러난다
ok 955 - selectAccountFacts — 모르는 키는 field.label이 있으면 그걸 쓰고, 없으면 key로 물러난다
  ---
  duration_ms: 1.1447
  ...
# Subtest: selectAccountFacts — 손익 필드가 하나도 없으면 null(이 렌더러가 아는 모양이 아니다)
ok 956 - selectAccountFacts — 손익 필드가 하나도 없으면 null(이 렌더러가 아는 모양이 아니다)
  ---
  duration_ms: 0.2809
  ...
# Subtest: selectAccountFacts — 값이 없는(null/undefined/빈문자) 필드는 손익 여부와 무관하게 생략한다
ok 957 - selectAccountFacts — 값이 없는(null/undefined/빈문자) 필드는 손익 여부와 무관하게 생략한다
  ---
  duration_ms: 0.2908
  ...
# Subtest: selectCurrencyRows — crnc_cd/fx_entr 컬럼이 없으면(다른 table 응답) null
ok 958 - selectCurrencyRows — crnc_cd/fx_entr 컬럼이 없으면(다른 table 응답) null
  ---
  duration_ms: 0.2721
  ...
# Subtest: selectCurrencyRows — KRW/USD 행만 고르고 나머지 통화는 생략한다
ok 959 - selectCurrencyRows — KRW/USD 행만 고르고 나머지 통화는 생략한다
  ---
  duration_ms: 0.4945
  ...
# Subtest: selectCurrencyRows — 모양은 맞지만 KRW/USD 행이 없으면 빈 배열
ok 960 - selectCurrencyRows — 모양은 맞지만 KRW/USD 행이 없으면 빈 배열
  ---
  duration_ms: 0.5687
  ...
# Subtest: selectCurrencyRows — fx_entr 값이 비어 있는 행은 생략한다
ok 961 - selectCurrencyRows — fx_entr 값이 비어 있는 행은 생략한다
  ---
  duration_ms: 0.2366
  ...
# Subtest: formatPercent — %가 없으면 붙인다(부호는 원본 값이 이미 갖고 있다)
ok 962 - formatPercent — %가 없으면 붙인다(부호는 원본 값이 이미 갖고 있다)
  ---
  duration_ms: 1.2851
  ...
# Subtest: formatPercent — 이미 %가 있으면 중복으로 안 붙인다
ok 963 - formatPercent — 이미 %가 있으면 중복으로 안 붙인다
  ---
  duration_ms: 0.181
  ...
# Subtest: formatPercent — 빈 값은 null
ok 964 - formatPercent — 빈 값은 null
  ---
  duration_ms: 0.1187
  ...
# Subtest: buildShortsaleLine — 일자+공매도량+비중+평균단가 전부 있는 행
ok 965 - buildShortsaleLine — 일자+공매도량+비중+평균단가 전부 있는 행
  ---
  duration_ms: 23.2026
  ...
# Subtest: buildShortsaleLine — 비중·평균단가가 없어도(선택 필드) 나머지는 채워진다
ok 966 - buildShortsaleLine — 비중·평균단가가 없어도(선택 필드) 나머지는 채워진다
  ---
  duration_ms: 0.5287
  ...
# Subtest: buildShortsaleLine — 일자·공매도량 중 하나라도 없으면 null(행 단위 생략)
ok 967 - buildShortsaleLine — 일자·공매도량 중 하나라도 없으면 null(행 단위 생략)
  ---
  duration_ms: 1.1698
  ...
# Subtest: selectWatchlistRows — stk_nm/cur_prc 컬럼이 없으면(ka01300/ka01301 등) null
ok 968 - selectWatchlistRows — stk_nm/cur_prc 컬럼이 없으면(ka01300/ka01301 등) null
  ---
  duration_ms: 1.2861
  ...
# Subtest: selectWatchlistRows — ka10095 모양이면 이름·가격·등락을 골라낸다
ok 969 - selectWatchlistRows — ka10095 모양이면 이름·가격·등락을 골라낸다
  ---
  duration_ms: 1.6813
  ...
# Subtest: selectWatchlistRows — 종목명·현재가가 없는 행은 생략한다(§4 원칙 1)
ok 970 - selectWatchlistRows — 종목명·현재가가 없는 행은 생략한다(§4 원칙 1)
  ---
  duration_ms: 0.3635
  ...
# Subtest: selectWatchlistRows — 등락 필드가 없으면 change:null(지어내지 않는다)
ok 971 - selectWatchlistRows — 등락 필드가 없으면 change:null(지어내지 않는다)
  ---
  duration_ms: 0.421
  ...
# Subtest: selectWatchlistRows — 유효한 행이 하나도 없으면 빈 배열
ok 972 - selectWatchlistRows — 유효한 행이 하나도 없으면 빈 배열
  ---
  duration_ms: 0.2818
  ...
# Subtest: buildLendingLine — 일자 기준 행(ka10068/ka20068 공유 필드)
ok 973 - buildLendingLine — 일자 기준 행(ka10068/ka20068 공유 필드)
  ---
  duration_ms: 24.085
  ...
# Subtest: buildLendingLine — 종목 기준 행(ka90012, dt 없이 stk_nm으로 식별)
ok 974 - buildLendingLine — 종목 기준 행(ka90012, dt 없이 stk_nm으로 식별)
  ---
  duration_ms: 0.2494
  ...
# Subtest: buildLendingLine — 체결·상환이 없어도(선택 필드) 나머지는 채워진다
ok 975 - buildLendingLine — 체결·상환이 없어도(선택 필드) 나머지는 채워진다
  ---
  duration_ms: 0.2227
  ...
# Subtest: buildLendingLine — 잔고가 없으면 null(핵심 필드 없이 생략)
ok 976 - buildLendingLine — 잔고가 없으면 null(핵심 필드 없이 생략)
  ---
  duration_ms: 0.2243
  ...
# Subtest: buildLendingLine — 일자도 종목명도 없으면 null(식별 불가, ka10069 compound 헤더 방어)
ok 977 - buildLendingLine — 일자도 종목명도 없으면 null(식별 불가, ka10069 compound 헤더 방어)
  ---
  duration_ms: 0.1645
  ...
# Subtest: buildPositionLine — ka01690(rmnd_qty/buy_uv/evltv_prft/prft_rt) 필드명
ok 978 - buildPositionLine — ka01690(rmnd_qty/buy_uv/evltv_prft/prft_rt) 필드명
  ---
  duration_ms: 2.5531
  ...
# Subtest: buildPositionLine — kt50020 금현물(real_qty/avg_prc/est_amt/est_lspft/est_ratio) 필드명
ok 979 - buildPositionLine — kt50020 금현물(real_qty/avg_prc/est_amt/est_lspft/est_ratio) 필드명
  ---
  duration_ms: 0.2745
  ...
# Subtest: buildPositionLine — kt00004(pl_amt/pl_rt), kt00005(cur_qty/pl_rt) 필드명도 인식한다
ok 980 - buildPositionLine — kt00004(pl_amt/pl_rt), kt00005(cur_qty/pl_rt) 필드명도 인식한다
  ---
  duration_ms: 1.0373
  ...
# Subtest: buildPositionLine — 종목명·수량·평가금액 중 하나라도 없으면 null(행 단위 생략)
ok 981 - buildPositionLine — 종목명·수량·평가금액 중 하나라도 없으면 null(행 단위 생략)
  ---
  duration_ms: 0.2141
  ...
# Subtest: buildPositionLine — 평균단가가 없어도(선택 필드) 나머지는 채워진다
ok 982 - buildPositionLine — 평균단가가 없어도(선택 필드) 나머지는 채워진다
  ---
  duration_ms: 0.167
  ...
# Subtest: buildPlLabel — 양수 손익은 "+" 부호, 손익률과 괄호로 묶는다
ok 983 - buildPlLabel — 양수 손익은 "+" 부호, 손익률과 괄호로 묶는다
  ---
  duration_ms: 25.9049
  ...
# Subtest: buildPlLabel — 음수 손익은 "-" 부호(toLocaleString이 이미 포함)
ok 984 - buildPlLabel — 음수 손익은 "-" 부호(toLocaleString이 이미 포함)
  ---
  duration_ms: 2.0354
  ...
# Subtest: buildPlLabel — 이미 %가 붙어 있으면 중복으로 안 붙인다
ok 985 - buildPlLabel — 이미 %가 붙어 있으면 중복으로 안 붙인다
  ---
  duration_ms: 2.1194
  ...
# Subtest: buildPlLabel — 손익금액만 있고 손익률이 없으면 금액만
ok 986 - buildPlLabel — 손익금액만 있고 손익률이 없으면 금액만
  ---
  duration_ms: 0.6402
  ...
# Subtest: buildPlLabel — 둘 다 없으면 null(배지를 안 만든다)
ok 987 - buildPlLabel — 둘 다 없으면 null(배지를 안 만든다)
  ---
  duration_ms: 1.0245
  ...
# Subtest: buildPlLabel — 좌측 0-padding된 손익률(est_ratio 등)은 패딩을 지우고 조립한다
ok 988 - buildPlLabel — 좌측 0-padding된 손익률(est_ratio 등)은 패딩을 지우고 조립한다
  ---
  duration_ms: 0.3245
  ...
# Subtest: detectStockInvestorSplit — ka10061 개인/외국인/기관 3필드(Paper 목업과 동일 모양)
ok 989 - detectStockInvestorSplit — ka10061 개인/외국인/기관 3필드(Paper 목업과 동일 모양)
  ---
  duration_ms: 1.4255
  ...
# Subtest: detectContinuousTrade — ka10131 종목별 순위 행(stk_nm+기관/외국인 순매매)
ok 990 - detectContinuousTrade — ka10131 종목별 순위 행(stk_nm+기관/외국인 순매매)
  ---
  duration_ms: 0.255
  ...
# Subtest: detectForeignDaily — ka10008 종목 하나의 일자별 외국인 변동
ok 991 - detectForeignDaily — ka10008 종목 하나의 일자별 외국인 변동
  ---
  duration_ms: 0.1732
  ...
# Subtest: detectGoldInvestor — ka52301 매수/매도/순매수 금액 3필드
ok 992 - detectGoldInvestor — ka52301 매수/매도/순매수 금액 3필드
  ---
  duration_ms: 0.5301
  ...
# Subtest: detectShape — 첫 행으로 넷 중 하나를 정확히 고른다
ok 993 - detectShape — 첫 행으로 넷 중 하나를 정확히 고른다
  ---
  duration_ms: 0.6419
  ...
# Subtest: detectShape — 빈 배열/모르는 모양은 null
ok 994 - detectShape — 빈 배열/모르는 모양은 null
  ---
  duration_ms: 0.2749
  ...
# Subtest: 신규 수급 5종의 실측 행 모양을 전용 수급 화면으로 판정한다
ok 995 - 신규 수급 5종의 실측 행 모양을 전용 수급 화면으로 판정한다
  ---
  duration_ms: 0.4237
  ...
# Subtest: extractFlowRows — ka10045 compound의 table rows를 잃지 않는다
ok 996 - extractFlowRows — ka10045 compound의 table rows를 잃지 않는다
  ---
  duration_ms: 0.7008
  ...
# Subtest: render수급 — rows가 없으면(facts/compound 등 다른 레이아웃) null — all-or-nothing
ok 997 - render수급 — rows가 없으면(facts/compound 등 다른 레이아웃) null — all-or-nothing
  ---
  duration_ms: 0.4785
  ...
# Subtest: render수급 — 아는 모양이 아니면 null
ok 998 - render수급 — 아는 모양이 아니면 null
  ---
  duration_ms: 0.6488
  ...
# Subtest: mergeRollingRows — 새 행을 앞쪽(최신행 우선)에 병합한다
ok 999 - mergeRollingRows — 새 행을 앞쪽(최신행 우선)에 병합한다
  ---
  duration_ms: 4.102
  ...
# Subtest: mergeRollingRows — 같은 체결시간+체결가+체결량 행은 중복 삽입하지 않는다(재조회 흡수)
ok 1000 - mergeRollingRows — 같은 체결시간+체결가+체결량 행은 중복 삽입하지 않는다(재조회 흡수)
  ---
  duration_ms: 1.0706
  ...
# Subtest: mergeRollingRows — maxRows로 잘라 무한 누적을 막는다
ok 1001 - mergeRollingRows — maxRows로 잘라 무한 누적을 막는다
  ---
  duration_ms: 0.3245
  ...
# Subtest: mergeRollingRows — 비배열 입력은 안전하게 빈 배열로 취급
ok 1002 - mergeRollingRows — 비배열 입력은 안전하게 빈 배열로 취급
  ---
  duration_ms: 0.2912
  ...
# Subtest: extractTickRows — 4개 필수 컬럼(체결가/체결량/등락률/거래량)이 모두 있어야 rows를 돌려준다
ok 1003 - extractTickRows — 4개 필수 컬럼(체결가/체결량/등락률/거래량)이 모두 있어야 rows를 돌려준다
  ---
  duration_ms: 0.4715
  ...
# Subtest: extractTickRows — all-or-nothing: 필수 컬럼 중 하나라도 없으면 null(범용 렌더러로 폴백)
ok 1004 - extractTickRows — all-or-nothing: 필수 컬럼 중 하나라도 없으면 null(범용 렌더러로 폴백)
  ---
  duration_ms: 0.4117
  ...
# Subtest: extractTickRows — table 모양이 아니거나(columns/rows 없음) 빈 rows면 null
ok 1005 - extractTickRows — table 모양이 아니거나(columns/rows 없음) 빈 rows면 null
  ---
  duration_ms: 0.2722
  ...
# Subtest: formatTickPrice — 신호 붙은 체결가는 부호를 걷어내고 콤마 포맷한다
ok 1006 - formatTickPrice — 신호 붙은 체결가는 부호를 걷어내고 콤마 포맷한다
  ---
  duration_ms: 23.9744
  ...
# Subtest: formatTickPrice — 부호 없는 체결가는 그대로 콤마 포맷
ok 1007 - formatTickPrice — 부호 없는 체결가는 그대로 콤마 포맷
  ---
  duration_ms: 1.0278
  ...
# Subtest: formatTickPrice — 값이 없으면 formatNumeric의 안전 폴백("—")
ok 1008 - formatTickPrice — 값이 없으면 formatNumeric의 안전 폴백("—")
  ---
  duration_ms: 0.5279
  ...
# Subtest: bufferKeyFor — 같은 dataset_id라도 item_id가 다르면 다른 키(6종목 동시 격리)
ok 1009 - bufferKeyFor — 같은 dataset_id라도 item_id가 다르면 다른 키(6종목 동시 격리)
  ---
  duration_ms: 0.3208
  ...
# Subtest: bufferKeyFor — item_id 없는 옛 단일 항목 배치는 dataset_id만으로 키를 만든다
ok 1010 - bufferKeyFor — item_id 없는 옛 단일 항목 배치는 dataset_id만으로 키를 만든다
  ---
  duration_ms: 0.2639
  ...
# Subtest: bufferKeyFor — correlation이 없으면 싱글턴 키(단발 라이브 조회)
ok 1011 - bufferKeyFor — correlation이 없으면 싱글턴 키(단발 라이브 조회)
  ---
  duration_ms: 0.1116
  ...
# Subtest: buildCreditLine — 일자+잔고+잔고율+전일대비 전부 있는 행(ka10013)
ok 1012 - buildCreditLine — 일자+잔고+잔고율+전일대비 전부 있는 행(ka10013)
  ---
  duration_ms: 25.8457
  ...
# Subtest: buildCreditLine — 잔고율·전일대비가 없어도(선택 필드) 나머지는 채워진다
ok 1013 - buildCreditLine — 잔고율·전일대비가 없어도(선택 필드) 나머지는 채워진다
  ---
  duration_ms: 0.568
  ...
# Subtest: buildCreditLine — 일자·잔고 중 하나라도 없으면 null(행 단위 생략, kt20016/kt20017 봉투 방어)
ok 1014 - buildCreditLine — 일자·잔고 중 하나라도 없으면 null(행 단위 생략, kt20016/kt20017 봉투 방어)
  ---
  duration_ms: 0.3367
  ...
# Subtest: formatPercent — %가 없으면 붙이고, 있으면 그대로
ok 1015 - formatPercent — %가 없으면 붙이고, 있으면 그대로
  ---
  duration_ms: 0.3158
  ...
# Subtest: selectDiscoveryRows: 종목 랭킹 응답을 순위·종목·가격·등락 모델로 만든다
ok 1016 - selectDiscoveryRows: 종목 랭킹 응답을 순위·종목·가격·등락 모델로 만든다
  ---
  duration_ms: 3.7176
  ...
# Subtest: selectDiscoveryRows: ETF·업종처럼 라벨로만 의미가 드러나는 열도 이름과 값을 찾는다
ok 1017 - selectDiscoveryRows: ETF·업종처럼 라벨로만 의미가 드러나는 열도 이름과 값을 찾는다
  ---
  duration_ms: 0.5831
  ...
# Subtest: selectDiscoveryRows: 이름으로 쓸 수 있는 열이 없으면 전용 랭킹을 만들지 않는다
ok 1018 - selectDiscoveryRows: 이름으로 쓸 수 있는 열이 없으면 전용 랭킹을 만들지 않는다
  ---
  duration_ms: 1.9747
  ...
# Subtest: selectDiscoveryRows: 키움 가격의 방향 부호를 음수 가격으로 표시하지 않는다
ok 1019 - selectDiscoveryRows: 키움 가격의 방향 부호를 음수 가격으로 표시하지 않는다
  ---
  duration_ms: 0.4642
  ...
# Subtest: selectDiscoveryFacts: 스칼라 발굴 응답은 결과 메타데이터를 빼고 실제 값만 남긴다
ok 1020 - selectDiscoveryFacts: 스칼라 발굴 응답은 결과 메타데이터를 빼고 실제 값만 남긴다
  ---
  duration_ms: 0.3564
  ...
# Subtest: selectDiscoveryFacts: detail projection 필드를 임의로 6개에서 자르지 않는다
ok 1021 - selectDiscoveryFacts: detail projection 필드를 임의로 6개에서 자르지 않는다
  ---
  duration_ms: 0.2149
  ...
# Subtest: selectDiscoveryView: ETF 시계열처럼 이름 열 없는 compound는 범용 화면으로 폴백한다
ok 1022 - selectDiscoveryView: ETF 시계열처럼 이름 열 없는 compound는 범용 화면으로 폴백한다
  ---
  duration_ms: 0.3318
  ...
# Subtest: selectDiscoveryView: 목록형 compound는 header facts와 table 목록을 함께 보존한다
ok 1023 - selectDiscoveryView: 목록형 compound는 header facts와 table 목록을 함께 보존한다
  ---
  duration_ms: 0.3001
  ...
# Subtest: selectDiscoveryView: ka30001·ka90002 실형 compound의 header 값을 버리지 않는다
ok 1024 - selectDiscoveryView: ka30001·ka90002 실형 compound의 header 값을 버리지 않는다
  ---
  duration_ms: 0.5717
  ...
# Subtest: resolveDiscoveryData: compound의 header/table도 동일한 전용 화면 입력으로 푼다
ok 1025 - resolveDiscoveryData: compound의 header/table도 동일한 전용 화면 입력으로 푼다
  ---
  duration_ms: 0.4701
  ...
# Subtest: pickPrimaryView — current_trading 모양(cur_prc 있음)은 quote 뷰, stk_nm/stk_cd는 이 그룹에 없어 undefined
ok 1026 - pickPrimaryView — current_trading 모양(cur_prc 있음)은 quote 뷰, stk_nm/stk_cd는 이 그룹에 없어 undefined
  ---
  duration_ms: 2.3649
  ...
# Subtest: pickPrimaryView — daily_price_band 모양(low_pric+high_pric 있음, cur_prc 없음)은 1일 범위 뷰
ok 1027 - pickPrimaryView — daily_price_band 모양(low_pric+high_pric 있음, cur_prc 없음)은 1일 범위 뷰
  ---
  duration_ms: 0.4972
  ...
# Subtest: pickPrimaryView — price_range 모양(oyr_lwst+oyr_hgst 있음)은 "52주"가 아니라 정직하게 "연중 범위"로 표기한다
ok 1028 - pickPrimaryView — price_range 모양(oyr_lwst+oyr_hgst 있음)은 "52주"가 아니라 정직하게 "연중 범위"로 표기한다
  ---
  duration_ms: 0.3497
  ...
# Subtest: pickPrimaryView — identity_and_capital 모양(stk_nm/stk_cd만, 가격/범위 없음)은 null(범용 facts-grid로 폴백)
ok 1029 - pickPrimaryView — identity_and_capital 모양(stk_nm/stk_cd만, 가격/범위 없음)은 null(범용 facts-grid로 폴백)
  ---
  duration_ms: 0.1702
  ...
# Subtest: pickPrimaryView — valuation/financial_performance 등 나머지 그룹도 null
ok 1030 - pickPrimaryView — valuation/financial_performance 등 나머지 그룹도 null
  ---
  duration_ms: 0.1596
  ...
# Subtest: pickPrimaryView — table/compound/event 모양(fields 배열 없음)이면 null(이 카드종은 관여하지 않는다)
ok 1031 - pickPrimaryView — table/compound/event 모양(fields 배열 없음)이면 null(이 카드종은 관여하지 않는다)
  ---
  duration_ms: 0.1861
  ...
# Subtest: pickPrimaryView — 빈 fields 배열은 null
ok 1032 - pickPrimaryView — 빈 fields 배열은 null
  ---
  duration_ms: 0.1644
  ...
# Subtest: isValidPriceRange — 실제 캡처된 값(-255500 ~ 266500)은 이제 유효 — 부호는 방향 표기일 뿐 값이 아니다
ok 1033 - isValidPriceRange — 실제 캡처된 값(-255500 ~ 266500)은 이제 유효 — 부호는 방향 표기일 뿐 값이 아니다
  ---
  duration_ms: 0.149
  ...
# Subtest: isValidPriceRange — 정상 범위(둘 다 양수, low<=high)는 유효
ok 1034 - isValidPriceRange — 정상 범위(둘 다 양수, low<=high)는 유효
  ---
  duration_ms: 0.3583
  ...
# Subtest: isValidPriceRange — 크기가 0이면(부호를 걷어내도 0) 무효
ok 1035 - isValidPriceRange — 크기가 0이면(부호를 걷어내도 0) 무효
  ---
  duration_ms: 0.4706
  ...
# Subtest: isValidPriceRange — 부호를 걷어낸 뒤에도 저가>고가(진짜 역전)면 무효
ok 1036 - isValidPriceRange — 부호를 걷어낸 뒤에도 저가>고가(진짜 역전)면 무효
  ---
  duration_ms: 0.2318
  ...
# Subtest: isValidPriceRange — 비유한값(파싱 불가)은 무효
ok 1037 - isValidPriceRange — 비유한값(파싱 불가)은 무효
  ---
  duration_ms: 0.1188
  ...
# Subtest: pickPrimaryView — daily_price_band에 실제 캡처된 부호 붙은 저가가 오면 이제 뷰를 돌려준다(원문 부호는 그대로 보존 — RangeBar가 렌더 시점에 걷어낸다)
ok 1038 - pickPrimaryView — daily_price_band에 실제 캡처된 부호 붙은 저가가 오면 이제 뷰를 돌려준다(원문 부호는 그대로 보존 — RangeBar가 렌더 시점에 걷어낸다)
  ---
  duration_ms: 0.1434
  ...
# Subtest: pickPrimaryView — price_range(연중 범위)도 같은 값으로 이제 뷰를 돌려준다
ok 1039 - pickPrimaryView — price_range(연중 범위)도 같은 값으로 이제 뷰를 돌려준다
  ---
  duration_ms: 0.2012
  ...
# Subtest: pickPrimaryView — 크기 기준으로도 진짜 깨진 daily_price_band(저가 0)는 여전히 null
ok 1040 - pickPrimaryView — 크기 기준으로도 진짜 깨진 daily_price_band(저가 0)는 여전히 null
  ---
  duration_ms: 0.1261
  ...
# Subtest: fieldsToRecord: facts 필드를 키·라벨 사전으로 바꾼다
ok 1041 - fieldsToRecord: facts 필드를 키·라벨 사전으로 바꾼다
  ---
  duration_ms: 2.7055
  ...
# Subtest: buildOrderReceipt: 주문체결 데이터를 사용자 확인용 요약으로 만든다
ok 1042 - buildOrderReceipt: 주문체결 데이터를 사용자 확인용 요약으로 만든다
  ---
  duration_ms: 0.6792
  ...
# Subtest: buildOrderReceipt: 주문 관련 필드가 하나도 없으면 receipt를 만들지 않는다
ok 1043 - buildOrderReceipt: 주문 관련 필드가 하나도 없으면 receipt를 만들지 않는다
  ---
  duration_ms: 0.6884
  ...
# Subtest: classifyOrderReceiptStatus: 완료·대기만 명시 톤을 주고 나머지는 중립이다
ok 1044 - classifyOrderReceiptStatus: 완료·대기만 명시 톤을 주고 나머지는 중립이다
  ---
  duration_ms: 1.1426
  ...
# Subtest: formatOrderTime: 6자리 주문시각은 초까지 보존한다
ok 1045 - formatOrderTime: 6자리 주문시각은 초까지 보존한다
  ---
  duration_ms: 0.3884
  ...
# Subtest: recordFromOrderData: guarded 주문 영수증의 주문 맥락과 응답을 합친다
ok 1046 - recordFromOrderData: guarded 주문 영수증의 주문 맥락과 응답을 합친다
  ---
  duration_ms: 0.3691
  ...
# Subtest: selectOrderFacts: receipt 모양이 아닌 주문 이벤트도 비어 있지 않은 필드를 보존한다
ok 1047 - selectOrderFacts: receipt 모양이 아닌 주문 이벤트도 비어 있지 않은 필드를 보존한다
  ---
  duration_ms: 1.8342
  ...
# Subtest: resolveOrderData: compound 주문 결과의 header/table도 receipt 입력으로 푼다
ok 1048 - resolveOrderData: compound 주문 결과의 header/table도 receipt 입력으로 푼다
  ---
  duration_ms: 0.2856
  ...
# Subtest: classifyOrderStatus — "완료" 포함 문자열은 ok 톤
ok 1049 - classifyOrderStatus — "완료" 포함 문자열은 ok 톤
  ---
  duration_ms: 1.2108
  ...
# Subtest: classifyOrderStatus — "대기" 포함 문자열은 warn 톤
ok 1050 - classifyOrderStatus — "대기" 포함 문자열은 warn 톤
  ---
  duration_ms: 0.2707
  ...
# Subtest: classifyOrderStatus — 알 수 없는 값/빈 값은 flat(색 추측 금지)
ok 1051 - classifyOrderStatus — 알 수 없는 값/빈 값은 flat(색 추측 금지)
  ---
  duration_ms: 0.1739
  ...
# Subtest: formatOrderTime — HHmmss 6자리 → HH:MM
ok 1052 - formatOrderTime — HHmmss 6자리 → HH:MM
  ---
  duration_ms: 0.2338
  ...
# Subtest: formatOrderTime — HHmm 4자리도 지원
ok 1053 - formatOrderTime — HHmm 4자리도 지원
  ---
  duration_ms: 1.3369
  ...
# Subtest: formatOrderTime — 형식이 안 맞으면 원문 그대로(추측 변환 금지)
ok 1054 - formatOrderTime — 형식이 안 맞으면 원문 그대로(추측 변환 금지)
  ---
  duration_ms: 0.2588
  ...
# Subtest: buildOrderLine — 지정가 주문: 종목+수량 결합, 가격·시각 서브라인
ok 1055 - buildOrderLine — 지정가 주문: 종목+수량 결합, 가격·시각 서브라인
  ---
  duration_ms: 24.2807
  ...
# Subtest: buildOrderLine — 시장가 주문: 가격 세그먼트 생략(0원짜리 목업 방지)
ok 1056 - buildOrderLine — 시장가 주문: 가격 세그먼트 생략(0원짜리 목업 방지)
  ---
  duration_ms: 0.3435
  ...
# Subtest: buildOrderLine — 종목명·주문수량 중 하나라도 없으면 그 행은 null(필드 단위 생략)
ok 1057 - buildOrderLine — 종목명·주문수량 중 하나라도 없으면 그 행은 null(필드 단위 생략)
  ---
  duration_ms: 0.4159
  ...
# Subtest: extractLastClose — data.chart.candles 마지막 봉의 close를 숫자로 돌려준다
ok 1058 - extractLastClose — data.chart.candles 마지막 봉의 close를 숫자로 돌려준다
  ---
  duration_ms: 1.3428
  ...
# Subtest: extractLastClose — close가 문자열이어도 숫자로 파싱한다
ok 1059 - extractLastClose — close가 문자열이어도 숫자로 파싱한다
  ---
  duration_ms: 0.5153
  ...
# Subtest: extractLastClose — candles가 없거나 비어 있으면 null
ok 1060 - extractLastClose — candles가 없거나 비어 있으면 null
  ---
  duration_ms: 0.2048
  ...
# Subtest: extractLastClose — 마지막 봉의 close가 비유한값이면 null(지어내지 않는다)
ok 1061 - extractLastClose — 마지막 봉의 close가 비유한값이면 null(지어내지 않는다)
  ---
  duration_ms: 0.2798
  ...
# Subtest: detectTrendRow — 전체(all_*) 3필드가 다 있으면 인식, 하나라도 빠지면 null
ok 1062 - detectTrendRow — 전체(all_*) 3필드가 다 있으면 인식, 하나라도 빠지면 null
  ---
  duration_ms: 2.913
  ...
# Subtest: detectTrendRow — 비차익/차익 9컬럼이 같이 오면(ka90005/ka90010 실측) 둘 다 true
ok 1063 - detectTrendRow — 비차익/차익 9컬럼이 같이 오면(ka90005/ka90010 실측) 둘 다 true
  ---
  duration_ms: 0.3051
  ...
# Subtest: detectTrendRow — 비차익만 있고 차익은 없는 행도 부분 인식한다
ok 1064 - detectTrendRow — 비차익만 있고 차익은 없는 행도 부분 인식한다
  ---
  duration_ms: 0.2017
  ...
# Subtest: detectStockSummaryHeader — ka90004 compound 헤더의 tot_2/4/5 합계 3필드
ok 1065 - detectStockSummaryHeader — ka90004 compound 헤더의 tot_2/4/5 합계 3필드
  ---
  duration_ms: 0.2262
  ...
# Subtest: detectStockSummaryHeader — 합계 3필드가 다 없으면 null
ok 1066 - detectStockSummaryHeader — 합계 3필드가 다 없으면 null
  ---
  duration_ms: 1.1465
  ...
# Subtest: render프로그램매매 — rows/header 둘 다 없으면(event 등) null — all-or-nothing
ok 1067 - render프로그램매매 — rows/header 둘 다 없으면(event 등) null — all-or-nothing
  ---
  duration_ms: 0.2398
  ...
# Subtest: render프로그램매매 — 아는 모양이 아니면 null
ok 1068 - render프로그램매매 — 아는 모양이 아니면 null
  ---
  duration_ms: 0.2561
  ...
# Subtest: supportsLive0D — 정규장 0D 카드만 Canvas 구독을 허용한다
ok 1069 - supportsLive0D — 정규장 0D 카드만 Canvas 구독을 허용한다
  ---
  duration_ms: 1.6559
  ...
# Subtest: fieldsMap — key로 조회 가능한 Map을 만든다(값 없는 항목은 무시)
ok 1070 - fieldsMap — key로 조회 가능한 Map을 만든다(값 없는 항목은 무시)
  ---
  duration_ms: 1.0346
  ...
# Subtest: detectTotals — ka10007/ka10004 공용 tot_sel_req/tot_buy_req
ok 1071 - detectTotals — ka10007/ka10004 공용 tot_sel_req/tot_buy_req
  ---
  duration_ms: 0.7443
  ...
# Subtest: detectTotals — ka10004 시간외 합계 ovt_sel_req/ovt_buy_req
ok 1072 - detectTotals — ka10004 시간외 합계 ovt_sel_req/ovt_buy_req
  ---
  duration_ms: 0.2491
  ...
# Subtest: detectTotals — ka10087 전용 sel_bid_tot_req/buy_bid_tot_req
ok 1073 - detectTotals — ka10087 전용 sel_bid_tot_req/buy_bid_tot_req
  ---
  duration_ms: 0.3266
  ...
# Subtest: detectTotals — ka10087 응답에 정규장·시간외 합계가 함께 있으면 시간외을 선택한다
ok 1074 - detectTotals — ka10087 응답에 정규장·시간외 합계가 함께 있으면 시간외을 선택한다
  ---
  duration_ms: 0.2905
  ...
# Subtest: detectTotals — 둘 다 없으면 null(범용 렌더러로 폴백)
ok 1075 - detectTotals — 둘 다 없으면 null(범용 렌더러로 폴백)
  ---
  duration_ms: 0.1767
  ...
# Subtest: detectQuoteEmphasis — ka10007(cur_prc/flu_rt)
ok 1076 - detectQuoteEmphasis — ka10007(cur_prc/flu_rt)
  ---
  duration_ms: 0.1809
  ...
# Subtest: detectQuoteEmphasis — ka10087(ovt_sigpric_cur_prc/ovt_sigpric_flu_rt)
ok 1077 - detectQuoteEmphasis — ka10087(ovt_sigpric_cur_prc/ovt_sigpric_flu_rt)
  ---
  duration_ms: 0.4868
  ...
# Subtest: detectQuoteEmphasis — 없으면 null
ok 1078 - detectQuoteEmphasis — 없으면 null
  ---
  duration_ms: 0.4767
  ...
# Subtest: detectLadderShape — ka10007 매도+매수 20필드 한 봉투
ok 1079 - detectLadderShape — ka10007 매도+매수 20필드 한 봉투
  ---
  duration_ms: 0.3076
  ...
# Subtest: detectLadderShape — ka10004 매도전용/매수전용은 서로 다른 조각
ok 1080 - detectLadderShape — ka10004 매도전용/매수전용은 서로 다른 조각
  ---
  duration_ms: 1.3293
  ...
# Subtest: detectLadderShape — ka10087 매도전용/매수전용(5레벨)
ok 1081 - detectLadderShape — ka10087 매도전용/매수전용(5레벨)
  ---
  duration_ms: 0.1683
  ...
# Subtest: detectLadderShape — 매칭 없으면 null
ok 1082 - detectLadderShape — 매칭 없으면 null
  ---
  duration_ms: 0.0625
  ...
# Subtest: render호가 — facts 필드가 없으면(table/event 등) null — all-or-nothing
ok 1083 - render호가 — facts 필드가 없으면(table/event 등) null — all-or-nothing
  ---
  duration_ms: 0.117
  ...
# Subtest: buildOrderbookState — identity projection도 통합 호가창의 종목 헤더로 유지한다
ok 1084 - buildOrderbookState — identity projection도 통합 호가창의 종목 헤더로 유지한다
  ---
  duration_ms: 1.1292
  ...
# Subtest: buildOrderbookState — 분리된 가격 detail도 통합 10단의 정확한 레벨을 채운다
ok 1085 - buildOrderbookState — 분리된 가격 detail도 통합 10단의 정확한 레벨을 채운다
  ---
  duration_ms: 0.303
  ...
# Subtest: buildOrderbookState — 잔량/증감/총잔량 detail도 같은 상태 모델을 채운다
ok 1086 - buildOrderbookState — 잔량/증감/총잔량 detail도 같은 상태 모델을 채운다
  ---
  duration_ms: 0.2431
  ...
# Subtest: buildOrderbookState — ka10007 가격·잔량·증감·건수·LP 잔량을 통합 10단에 정확히 배치한다
ok 1087 - buildOrderbookState — ka10007 가격·잔량·증감·건수·LP 잔량을 통합 10단에 정확히 배치한다
  ---
  duration_ms: 0.4378
  ...
# Subtest: buildOrderbookState — 건수와 총잔량 projection의 포커스를 구분한다
ok 1088 - buildOrderbookState — 건수와 총잔량 projection의 포커스를 구분한다
  ---
  duration_ms: 0.2795
  ...
# Subtest: buildOrderbookState — ka10007 session의 REST 예상체결가·수량을 seed한다
ok 1089 - buildOrderbookState — ka10007 session의 REST 예상체결가·수량을 seed한다
  ---
  duration_ms: 0.1846
  ...
# Subtest: buildOrderbookState — ka10004 after_hours_totals는 시간외 요약으로 고정하고 0D를 받지 않는다
ok 1090 - buildOrderbookState — ka10004 after_hours_totals는 시간외 요약으로 고정하고 0D를 받지 않는다
  ---
  duration_ms: 0.163
  ...
# Subtest: buildOrderbookState — ka10087은 시간외 5단 REST 모드로 고정한다
ok 1091 - buildOrderbookState — ka10087은 시간외 5단 REST 모드로 고정한다
  ---
  duration_ms: 0.2818
  ...
# Subtest: buildOrderbookState — ka10087 snapshot_time은 operation_ref로 시간외 모드를 판단한다
ok 1092 - buildOrderbookState — ka10087 snapshot_time은 operation_ref로 시간외 모드를 판단한다
  ---
  duration_ms: 0.1936
  ...
# Subtest: mergeTickIntoState — 0D의 값 있는 칸만 REST 스냅샷 위에 병합한다
ok 1093 - mergeTickIntoState — 0D의 값 있는 칸만 REST 스냅샷 위에 병합한다
  ---
  duration_ms: 0.3646
  ...
# Subtest: mergeTickIntoState — 시간외 5단 REST는 정규장 0D로 덮어쓰지 않는다
ok 1094 - mergeTickIntoState — 시간외 5단 REST는 정규장 0D로 덮어쓰지 않는다
  ---
  duration_ms: 0.1516
  ...
# Subtest: mergeTicks — 한 프레임 안의 여러 틱은 최신 non-null 값으로 합친다
ok 1095 - mergeTicks — 한 프레임 안의 여러 틱은 최신 non-null 값으로 합친다
  ---
  duration_ms: 0.3345
  ...
# Subtest: 좁은 폭에서는 표시 단수가 10단에서 줄어든다
ok 1096 - 좁은 폭에서는 표시 단수가 10단에서 줄어든다
  ---
  duration_ms: 0.2154
  ...
# Subtest: 단수 축소는 marketMode를 바꾸지 않는다
ok 1097 - 단수 축소는 marketMode를 바꾸지 않는다
  ---
  duration_ms: 0.2614
  ...
# Subtest: 좁은 폭에서는 가격·잔량 2열만 남는다
ok 1098 - 좁은 폭에서는 가격·잔량 2열만 남는다
  ---
  duration_ms: 0.2504
  ...
# Subtest: 호가 행 글자는 12px 이상이다 — 헌장 11조
ok 1099 - 호가 행 글자는 12px 이상이다 — 헌장 11조
  ---
  duration_ms: 0.7523
  ...
# Subtest: 호가 CSS에 컨테이너 폭 규칙이 있다
ok 1100 - 호가 CSS에 컨테이너 폭 규칙이 있다
  ---
  duration_ms: 0.6098
  ...
# Subtest: register/resolve — 등록한 title로 정확히 그 renderFn을 돌려준다
ok 1101 - register/resolve — 등록한 title로 정확히 그 renderFn을 돌려준다
  ---
  duration_ms: 1.4356
  ...
# Subtest: resolve — 등록되지 않은 title은 undefined(호출부가 범용 렌더러로 폴백)
ok 1102 - resolve — 등록되지 않은 title은 undefined(호출부가 범용 렌더러로 폴백)
  ---
  duration_ms: 1.4047
  ...
# Subtest: resolve — title이 없으면(null/undefined/빈 문자열) undefined
ok 1103 - resolve — title이 없으면(null/undefined/빈 문자열) undefined
  ---
  duration_ms: 0.2425
  ...
# Subtest: all-or-nothing 계약 — renderFn은 핵심 필드가 없으면 null을 돌려줘 범용 렌더러로 폴백한다
ok 1104 - all-or-nothing 계약 — renderFn은 핵심 필드가 없으면 null을 돌려줘 범용 렌더러로 폴백한다
  ---
  duration_ms: 2.2562
  ...
# Subtest: register — renderFn이 아닌 값은 항상 null을 돌려주는 안전 기본값으로 대체된다(스텁 파일 패턴)
ok 1105 - register — renderFn이 아닌 값은 항상 null을 돌려주는 안전 기본값으로 대체된다(스텁 파일 패턴)
  ---
  duration_ms: 0.4058
  ...
# Subtest: register — 같은 title로 다시 등록하면 이전 renderFn을 덮어쓴다
ok 1106 - register — 같은 title로 다시 등록하면 이전 renderFn을 덮어쓴다
  ---
  duration_ms: 0.1912
  ...
# Subtest: proportionalRatios — 최대 절대값 기준으로 0..1 스케일링한다
ok 1107 - proportionalRatios — 최대 절대값 기준으로 0..1 스케일링한다
  ---
  duration_ms: 4.7008
  ...
# Subtest: proportionalRatios — 전부 0이면(스케일 기준 없음) 전부 0 비율
ok 1108 - proportionalRatios — 전부 0이면(스케일 기준 없음) 전부 0 비율
  ---
  duration_ms: 2.3965
  ...
# Subtest: proportionalRatios — 비배열/비유한값은 0으로 안전 처리
ok 1109 - proportionalRatios — 비배열/비유한값은 0으로 안전 처리
  ---
  duration_ms: 0.3968
  ...
# Subtest: rangePosition — low-value-high 3점 위치를 0..1로 계산한다
ok 1110 - rangePosition — low-value-high 3점 위치를 0..1로 계산한다
  ---
  duration_ms: 0.2889
  ...
# Subtest: rangePosition — 값이 범위를 벗어나면 0..1로 클램프한다(지어낸 값으로 넘치지 않음)
ok 1111 - rangePosition — 값이 범위를 벗어나면 0..1로 클램프한다(지어낸 값으로 넘치지 않음)
  ---
  duration_ms: 0.1714
  ...
# Subtest: rangePosition — low===high(범위 없음)나 비유한값은 null(마커 생략)
ok 1112 - rangePosition — low===high(범위 없음)나 비유한값은 null(마커 생략)
  ---
  duration_ms: 0.3307
  ...
# Subtest: resolveStatusTone — 호출부 톤 테이블로 상태를 판정한다
ok 1113 - resolveStatusTone — 호출부 톤 테이블로 상태를 판정한다
  ---
  duration_ms: 0.2455
  ...
# Subtest: resolveStatusTone — 테이블에 없는 상태/빈 테이블은 flat 안전 폴백
ok 1114 - resolveStatusTone — 테이블에 없는 상태/빈 테이블은 flat 안전 폴백
  ---
  duration_ms: 0.1653
  ...
# Subtest: ladderRatio — maxQuantity 기준 0..1 비율
ok 1115 - ladderRatio — maxQuantity 기준 0..1 비율
  ---
  duration_ms: 0.5466
  ...
# Subtest: ladderRatio — maxQuantity가 0/음수/비유한이면 막대 없음(0)
ok 1116 - ladderRatio — maxQuantity가 0/음수/비유한이면 막대 없음(0)
  ---
  duration_ms: 1.8057
  ...
# Subtest: priceMagnitude — 실제 캡처된 값 그대로: 음수/양수 부호를 걷어내 크기만 남긴다
ok 1117 - priceMagnitude — 실제 캡처된 값 그대로: 음수/양수 부호를 걷어내 크기만 남긴다
  ---
  duration_ms: 3.0182
  ...
# Subtest: priceMagnitude — 부호 없는 값은 그대로
ok 1118 - priceMagnitude — 부호 없는 값은 그대로
  ---
  duration_ms: 0.284
  ...
# Subtest: priceMagnitude — null/undefined는 그대로 통과(포맷 헬퍼의 "값 없음" 처리에 맡긴다)
ok 1119 - priceMagnitude — null/undefined는 그대로 통과(포맷 헬퍼의 "값 없음" 처리에 맡긴다)
  ---
  duration_ms: 0.1416
  ...
# Subtest: priceMagnitude — 부호를 걷어내도 숫자로 안 읽히면(코드값 등) 원문 그대로 — 지어내지 않는다
ok 1120 - priceMagnitude — 부호를 걷어내도 숫자로 안 읽히면(코드값 등) 원문 그대로 — 지어내지 않는다
  ---
  duration_ms: 0.1191
  ...
# Subtest: chartLinePoints — 오름차순 값은 마지막 점이 제일 위(y가 제일 작다)
ok 1121 - chartLinePoints — 오름차순 값은 마지막 점이 제일 위(y가 제일 작다)
  ---
  duration_ms: 0.3596
  ...
# Subtest: chartLinePoints — 값이 전부 같으면(range 0) 세로 중앙 수평선
ok 1122 - chartLinePoints — 값이 전부 같으면(range 0) 세로 중앙 수평선
  ---
  duration_ms: 0.3221
  ...
# Subtest: chartLinePoints — 점이 2개 미만이면 선을 그릴 수 없어 빈 배열(호출부가 차트를 생략한다)
ok 1123 - chartLinePoints — 점이 2개 미만이면 선을 그릴 수 없어 빈 배열(호출부가 차트를 생략한다)
  ---
  duration_ms: 0.3641
  ...
# Subtest: chartLinePoints — 비유한값은 걸러내고 나머지로만 그린다
ok 1124 - chartLinePoints — 비유한값은 걸러내고 나머지로만 그린다
  ---
  duration_ms: 0.1566
  ...
# Subtest: chartLinePoints — width/height 기본값은 보드 실측(4ZM-0 차트 판 336×116)
ok 1125 - chartLinePoints — width/height 기본값은 보드 실측(4ZM-0 차트 판 336×116)
  ---
  duration_ms: 0.1511
  ...
# Subtest: periodToken: 일·주·월·년은 그대로, 분·틱은 세분을 붙인다
ok 1126 - periodToken: 일·주·월·년은 그대로, 분·틱은 세분을 붙인다
  ---
  duration_ms: 1.3629
  ...
# Subtest: authoringKey: chart.authoring.{symbol}.{token}
ok 1127 - authoringKey: chart.authoring.{symbol}.{token}
  ---
  duration_ms: 0.2469
  ...
# Subtest: 직렬화 왕복 — 4종 상태가 보존된다
ok 1128 - 직렬화 왕복 — 4종 상태가 보존된다
  ---
  duration_ms: 1.3067
  ...
# Subtest: 스키마 화이트리스트 — 직렬화 결과에 지표·형식·매물대·드로잉 외 키가 없다
ok 1129 - 스키마 화이트리스트 — 직렬화 결과에 지표·형식·매물대·드로잉 외 키가 없다
  ---
  duration_ms: 0.3678
  ...
# Subtest: 역직렬화 가드 — 손상 JSON·버전 불일치·형 오류는 null
ok 1130 - 역직렬화 가드 — 손상 JSON·버전 불일치·형 오류는 null
  ---
  duration_ms: 0.3493
  ...
# Subtest: store: 주기별 독립 저장·복원 — D와 W가 서로를 덮지 않는다
ok 1131 - store: 주기별 독립 저장·복원 — D와 W가 서로를 덮지 않는다
  ---
  duration_ms: 0.5725
  ...
# Subtest: store: storage가 없으면 비활성 — load null·save false
ok 1132 - store: storage가 없으면 비활성 — load null·save false
  ---
  duration_ms: 1.1685
  ...
# Subtest: cold-start chart import is started once and every renderer awaits the same ready result
ok 1133 - cold-start chart import is started once and every renderer awaits the same ready result
  ---
  duration_ms: 2.8584
  ...
# Subtest: volume-profile toggle renders immediately even when the next animation frame is withheld
ok 1134 - volume-profile toggle renders immediately even when the next animation frame is withheld
  ---
  duration_ms: 1.2636
  ...
# Subtest: chart-mock-ohlcv.json: 240 일봉, OHLC 정합(low<=open/close<=high)
ok 1135 - chart-mock-ohlcv.json: 240 일봉, OHLC 정합(low<=open/close<=high)
  ---
  duration_ms: 1.0588
  ...
# Subtest: toCandleSeriesData: time/open/high/low/close만 뽑고 숫자로 강제한다
ok 1136 - toCandleSeriesData: time/open/high/low/close만 뽑고 숫자로 강제한다
  ---
  duration_ms: 1.028
  ...
# Subtest: toCandleSeriesData: 결측/비정상 봉은 걸러낸다
ok 1137 - toCandleSeriesData: 결측/비정상 봉은 걸러낸다
  ---
  duration_ms: 0.2419
  ...
# Subtest: toCandleSeriesData: 빈/비배열 입력은 빈 배열
ok 1138 - toCandleSeriesData: 빈/비배열 입력은 빈 배열
  ---
  duration_ms: 0.1495
  ...
# Subtest: toVolumeSeriesData: 상승봉은 UP_COLOR alpha 0.5, 하락봉은 DOWN_COLOR alpha 0.5
ok 1139 - toVolumeSeriesData: 상승봉은 UP_COLOR alpha 0.5, 하락봉은 DOWN_COLOR alpha 0.5
  ---
  duration_ms: 0.5274
  ...
# Subtest: withAlpha: HEX를 rgba() 문자열로 정확히 변환한다
ok 1140 - withAlpha: HEX를 rgba() 문자열로 정확히 변환한다
  ---
  duration_ms: 0.1622
  ...
# Subtest: mock 데이터에 대한 실제 변환도 산술적으로 닫힌다(전량 유지)
ok 1141 - mock 데이터에 대한 실제 변환도 산술적으로 닫힌다(전량 유지)
  ---
  duration_ms: 0.8073
  ...
# Subtest: resolveInitialPeriod: AITS 주기 D/W/M/Y/MIN/TICK은 그대로 통과시킨다
ok 1142 - resolveInitialPeriod: AITS 주기 D/W/M/Y/MIN/TICK은 그대로 통과시킨다
  ---
  duration_ms: 0.5234
  ...
# Subtest: resolveInitialPeriod: initial 부재/period 부재는 조용히 D로 폴백(로그 없음)
ok 1143 - resolveInitialPeriod: initial 부재/period 부재는 조용히 D로 폴백(로그 없음)
  ---
  duration_ms: 0.2338
  ...
# Subtest: resolveInitialPeriod: 미인식 값은 D로 폴백하고 경고를 남긴다
ok 1144 - resolveInitialPeriod: 미인식 값은 D로 폴백하고 경고를 남긴다
  ---
  duration_ms: 0.1966
  ...
# Subtest: 도구 7종 — 구현 2(수평선·추세선), 미구현 5 (spec §5 표)
ok 1145 - 도구 7종 — 구현 2(수평선·추세선), 미구현 5 (spec §5 표)
  ---
  duration_ms: 2.0876
  ...
# Subtest: 제품 도구 모음은 구현된 드로잉만 생성한다
ok 1146 - 제품 도구 모음은 구현된 드로잉만 생성한다
  ---
  duration_ms: 1.1093
  ...
# Subtest: sanitizeDrawings: 유효 항목만 통과, 손상 항목은 버린다
ok 1147 - sanitizeDrawings: 유효 항목만 통과, 손상 항목은 버린다
  ---
  duration_ms: 0.6117
  ...
# Subtest: sanitizeDrawings: null·비객체는 빈 드로잉
ok 1148 - sanitizeDrawings: null·비객체는 빈 드로잉
  ---
  duration_ms: 0.1721
  ...
# Subtest: projectLine: 데이터 좌표 → 픽셀 재투영 (선형 변환기 주입)
ok 1149 - projectLine: 데이터 좌표 → 픽셀 재투영 (선형 변환기 주입)
  ---
  duration_ms: 0.2059
  ...
# Subtest: projectLine: 화면 밖(변환 null) 점이 있으면 null — 렌더 생략
ok 1150 - projectLine: 화면 밖(변환 null) 점이 있으면 null — 렌더 생략
  ---
  duration_ms: 0.1153
  ...
# Subtest: 43종 전수 — 상단 12 + 하단 31 (하단 24 + 수급 7)
ok 1151 - 43종 전수 — 상단 12 + 하단 31 (하단 24 + 수급 7)
  ---
  duration_ms: 2.1424
  ...
# Subtest: 구현 41종(봉 34 + 수급 7) · 미구현 2종(일목 구름·고정 VWAP)
ok 1152 - 구현 41종(봉 34 + 수급 7) · 미구현 2종(일목 구름·고정 VWAP)
  ---
  duration_ms: 1.0182
  ...
# Subtest: 수급 지표는 그릴 열과 허용 주기를 명시한다 — 자동 선택 없음
ok 1153 - 수급 지표는 그릴 열과 허용 주기를 명시한다 — 자동 선택 없음
  ---
  duration_ms: 0.3029
  ...
# Subtest: 대차잔고는 잔고주수(rmnd)다 — 잔고금액(remn_amt)이 아니다
ok 1154 - 대차잔고는 잔고주수(rmnd)다 — 잔고금액(remn_amt)이 아니다
  ---
  duration_ms: 0.2636
  ...
# Subtest: id 중복 없음
ok 1155 - id 중복 없음
  ---
  duration_ms: 0.353
  ...
# Subtest: 기본 on은 이평선·거래량MA 둘뿐 — 지표가 늘어도 첫 화면은 그대로다
ok 1156 - 기본 on은 이평선·거래량MA 둘뿐 — 지표가 늘어도 첫 화면은 그대로다
  ---
  duration_ms: 0.1708
  ...
# Subtest: 미구현 지표는 params가 없다(설정 패널에 입력 필드를 만들지 않는다)
ok 1157 - 미구현 지표는 params가 없다(설정 패널에 입력 필드를 만들지 않는다)
  ---
  duration_ms: 0.2578
  ...
# Subtest: defaultParamsFor: 배열 기본값은 복사본이라 원본이 오염되지 않는다
ok 1158 - defaultParamsFor: 배열 기본값은 복사본이라 원본이 오염되지 않는다
  ---
  duration_ms: 0.2945
  ...
# Subtest: defaultParamsFor: 미구현/미존재 id는 빈 객체
ok 1159 - defaultParamsFor: 미구현/미존재 id는 빈 객체
  ---
  duration_ms: 0.6575
  ...
# Subtest: 구현 지표는 전부 렌더 스펙을 갖는다(외부 포함)
ok 1160 - 구현 지표는 전부 렌더 스펙을 갖는다(외부 포함)
  ---
  duration_ms: 1.5636
  ...
# Subtest: 렌더 스펙에 레지스트리 밖 고아가 없다
ok 1161 - 렌더 스펙에 레지스트리 밖 고아가 없다
  ---
  duration_ms: 0.3074
  ...
# Subtest: 스펙의 pane 값은 price/volume/own 셋 중 하나다
ok 1162 - 스펙의 pane 값은 price/volume/own 셋 중 하나다
  ---
  duration_ms: 0.1743
  ...
# Subtest: 수급 7종의 렌더 스펙은 external이고 compute가 없다
ok 1163 - 수급 7종의 렌더 스펙은 external이고 compute가 없다
  ---
  duration_ms: 0.1169
  ...
# Subtest: 봉 계산 34종 전부 — 선언한 선의 데이터를 채우고 그릴 점이 있다
ok 1164 - 봉 계산 34종 전부 — 선언한 선의 데이터를 채우고 그릴 점이 있다
  ---
  duration_ms: 30.0295
  ...
# Subtest: 일중 강도와 AD 라인은 서로 다른 값이다
ok 1165 - 일중 강도와 AD 라인은 서로 다른 값이다
  ---
  duration_ms: 0.523
  ...
# Subtest: 워밍업 구간은 null로 남기고 자리를 당기지 않는다
ok 1166 - 워밍업 구간은 null로 남기고 자리를 당기지 않는다
  ---
  duration_ms: 0.3283
  ...
# Subtest: 경계 입력에서 예외가 나지 않는다 — 빈 배열·1봉·전봉 동일가·거래량 0
ok 1167 - 경계 입력에서 예외가 나지 않는다 — 빈 배열·1봉·전봉 동일가·거래량 0
  ---
  duration_ms: 0.4997
  ...
# Subtest: sma: 워밍업 구간은 null, 이후 정확한 평균
ok 1168 - sma: 워밍업 구간은 null, 이후 정확한 평균
  ---
  duration_ms: 2.2421
  ...
# Subtest: ema: 시드는 첫 period SMA, 이후 평활
ok 1169 - ema: 시드는 첫 period SMA, 이후 평활
  ---
  duration_ms: 1.2874
  ...
# Subtest: bollinger: 중심선=SMA, 상하한 대칭
ok 1170 - bollinger: 중심선=SMA, 상하한 대칭
  ---
  duration_ms: 0.6679
  ...
# Subtest: rsi: 전부 상승이면 100, 워밍업 null
ok 1171 - rsi: 전부 상승이면 100, 워밍업 null
  ---
  duration_ms: 0.4122
  ...
# Subtest: rsi: 등락 혼합 시 0~100 범위
ok 1172 - rsi: 등락 혼합 시 0~100 범위
  ---
  duration_ms: 0.1598
  ...
# Subtest: macd: 히스토그램 = macd - signal, 워밍업 null 유지
ok 1173 - macd: 히스토그램 = macd - signal, 워밍업 null 유지
  ---
  duration_ms: 1.4164
  ...
# Subtest: mondayOf: 요일과 무관하게 ISO 주(월요일 시작)의 월요일을 돌려준다
ok 1174 - mondayOf: 요일과 무관하게 ISO 주(월요일 시작)의 월요일을 돌려준다
  ---
  duration_ms: 3.0682
  ...
# Subtest: aggregatePeriod(주봉): OHLC 병합 — open=첫봉, close=마지막봉, high/low=최댓/최솟값, volume=합
ok 1175 - aggregatePeriod(주봉): OHLC 병합 — open=첫봉, close=마지막봉, high/low=최댓/최솟값, volume=합
  ---
  duration_ms: 2.54
  ...
# Subtest: aggregatePeriod(주봉): 경계 — 주 경계를 걸친 두 그룹으로 정확히 나뉜다(부분 주 포함)
ok 1176 - aggregatePeriod(주봉): 경계 — 주 경계를 걸친 두 그룹으로 정확히 나뉜다(부분 주 포함)
  ---
  duration_ms: 0.3708
  ...
# Subtest: aggregatePeriod: 빈/비배열 입력은 빈 배열
ok 1177 - aggregatePeriod: 빈/비배열 입력은 빈 배열
  ---
  duration_ms: 0.1862
  ...
# Subtest: aggregatePeriod(월봉/년봉): 실제 240봉 픽스처에서 그룹 수가 줄어들고 거래량 합이 보존된다
ok 1178 - aggregatePeriod(월봉/년봉): 실제 240봉 픽스처에서 그룹 수가 줄어들고 거래량 합이 보존된다
  ---
  duration_ms: 0.7015
  ...
# Subtest: 분·틱은 봉을 지어내지 않는다 — 일봉 개수 그대로에 사유가 붙는다
ok 1179 - 분·틱은 봉을 지어내지 않는다 — 일봉 개수 그대로에 사유가 붙는다
  ---
  duration_ms: 0.5064
  ...
# Subtest: 사유 문구는 무엇이 없는지 말한다 — 분과 틱을 구분한다
ok 1180 - 사유 문구는 무엇이 없는지 말한다 — 분과 틱을 구분한다
  ---
  duration_ms: 0.3105
  ...
# Subtest: 모듈은 봉을 만드는 함수를 더 이상 내보내지 않는다
ok 1181 - 모듈은 봉을 만드는 함수를 더 이상 내보내지 않는다
  ---
  duration_ms: 0.1802
  ...
# Subtest: resample: 통합 진입점 — D는 그대로, W/M/Y는 집계
ok 1182 - resample: 통합 진입점 — D는 그대로, W/M/Y는 집계
  ---
  duration_ms: 1.1775
  ...
# Subtest: slotStartSec: 분봉은 세분 단위로 내림한다
ok 1183 - slotStartSec: 분봉은 세분 단위로 내림한다
  ---
  duration_ms: 3.1959
  ...
# Subtest: slotStartSec: 틱은 체결 하나가 곧 봉이다
ok 1184 - slotStartSec: 틱은 체결 하나가 곧 봉이다
  ---
  duration_ms: 0.2657
  ...
# Subtest: slotStartSec: 일봉은 KST 자정으로 자른다 — 09:00과 15:30은 같은 봉이다
ok 1185 - slotStartSec: 일봉은 KST 자정으로 자른다 — 09:00과 15:30은 같은 봉이다
  ---
  duration_ms: 0.692
  ...
# Subtest: foldTick: 직전 봉이 없으면 rollover로 새 봉을 연다
ok 1186 - foldTick: 직전 봉이 없으면 rollover로 새 봉을 연다
  ---
  duration_ms: 1.8872
  ...
# Subtest: foldTick: 같은 슬롯이면 update — 고저를 넓히고 거래량을 누적한다
ok 1187 - foldTick: 같은 슬롯이면 update — 고저를 넓히고 거래량을 누적한다
  ---
  duration_ms: 0.2747
  ...
# Subtest: foldTick: 슬롯이 넘어가면 rollover — 시가는 그 체결가다
ok 1188 - foldTick: 슬롯이 넘어가면 rollover — 시가는 그 체결가다
  ---
  duration_ms: 0.2096
  ...
# Subtest: foldTick: 일봉은 문자열 날짜 봉을 갱신한다(같은 표현끼리 비교)
ok 1189 - foldTick: 일봉은 문자열 날짜 봉을 갱신한다(같은 표현끼리 비교)
  ---
  duration_ms: 0.3181
  ...
# Subtest: foldTick: 체결이 없거나 가격이 0이면 null이다
ok 1190 - foldTick: 체결이 없거나 가격이 0이면 null이다
  ---
  duration_ms: 2.0949
  ...
# Subtest: 버킷 수 기본값은 24다 (spec §4)
ok 1191 - 버킷 수 기본값은 24다 (spec §4)
  ---
  duration_ms: 4.2922
  ...
# Subtest: 빈 rows → 빈 프로파일
ok 1192 - 빈 rows → 빈 프로파일
  ---
  duration_ms: 1.1063
  ...
# Subtest: 가격범위 0(전 봉 동일가) → 단일 버킷에 전량
ok 1193 - 가격범위 0(전 봉 동일가) → 단일 버킷에 전량
  ---
  duration_ms: 0.2194
  ...
# Subtest: 종가 기준 단순 배분 — 봉의 거래량 전량이 종가 버킷에 합산된다 (고저 균등배분 아님)
ok 1194 - 종가 기준 단순 배분 — 봉의 거래량 전량이 종가 버킷에 합산된다 (고저 균등배분 아님)
  ---
  duration_ms: 1.0401
  ...
# Subtest: 종가 == 전체 최고가 → 마지막 버킷 귀속
ok 1195 - 종가 == 전체 최고가 → 마지막 버킷 귀속
  ---
  duration_ms: 0.4704
  ...
# Subtest: POC 동률 → 최저가 쪽(먼저 등장한 버킷) 유지
ok 1196 - POC 동률 → 최저가 쪽(먼저 등장한 버킷) 유지
  ---
  duration_ms: 0.3261
  ...
# Subtest: foldColumns: 좁은 표는 하나도 안 접힌다
ok 1197 - foldColumns: 좁은 표는 하나도 안 접힌다
  ---
  duration_ms: 1.6626
  ...
# Subtest: foldColumns: ka10095(63컬럼)는 §5.3.1 fold가 실제로 발동한다
ok 1198 - foldColumns: ka10095(63컬럼)는 §5.3.1 fold가 실제로 발동한다
  ---
  duration_ms: 2.5221
  ...
# Subtest: foldColumns × backend width-anchor-pixel-calibration.json: 5개 anchor TR 모두 정합
ok 1199 - foldColumns × backend width-anchor-pixel-calibration.json: 5개 anchor TR 모두 정합
  ---
  duration_ms: 0.5544
  ...
# Subtest: columnPixelWidth: 짧은 한글 라벨은 데이터 셀 최소폭(90px) 바닥값에 걸린다
ok 1200 - columnPixelWidth: 짧은 한글 라벨은 데이터 셀 최소폭(90px) 바닥값에 걸린다
  ---
  duration_ms: 0.1628
  ...
# Subtest: foldColumns: 오브 표 축약 카드 폭(360px, board-33③)에서는 짧은 라벨 기준 3컬럼까지만 보인다
ok 1201 - foldColumns: 오브 표 축약 카드 폭(360px, board-33③)에서는 짧은 라벨 기준 3컬럼까지만 보인다
  ---
  duration_ms: 0.2894
  ...
# Subtest: foldColumns: 15개 넓은 테이블 전부 total/visible/hidden이 산술적으로 닫힌다
ok 1202 - foldColumns: 15개 넓은 테이블 전부 total/visible/hidden이 산술적으로 닫힌다
  ---
  duration_ms: 0.4855
  ...
# Subtest: semantic workspace structural surfaces use the transparent continuous-ledger treatment
ok 1203 - semantic workspace structural surfaces use the transparent continuous-ledger treatment
  ---
  duration_ms: 6.6991
  ...
# Subtest: mobile semantic table rows remain ledger rows instead of becoming cards
ok 1204 - mobile semantic table rows remain ledger rows instead of becoming cards
  ---
  duration_ms: 0.6576
  ...
# Subtest: graph tier structures are flat ledger rows while controls and data bars remain styled
ok 1205 - graph tier structures are flat ledger rows while controls and data bars remain styled
  ---
  duration_ms: 1.1942
  ...
# Subtest: theme cluster cards are the one documented exception to the ledger treatment
ok 1206 - theme cluster cards are the one documented exception to the ledger treatment
  ---
  duration_ms: 0.8431
  ...
# Subtest: unnamed-cluster warnings speak through the bar and badge, never a red-flagged shell
ok 1207 - unnamed-cluster warnings speak through the bar and badge, never a red-flagged shell
  ---
  duration_ms: 0.843
  ...
# Subtest: the outer root card remains the only elevated structural shell
ok 1208 - the outer root card remains the only elevated structural shell
  ---
  duration_ms: 1.369
  ...
# Subtest: only non-interactive shared mini-card primitives are flattened
ok 1209 - only non-interactive shared mini-card primitives are flattened
  ---
  duration_ms: 1.1151
  ...
# Subtest: ledger responsive source contracts cover 330, 500, 700, 900, and 1520 widths without horizontal overflow
ok 1210 - ledger responsive source contracts cover 330, 500, 700, 900, and 1520 widths without horizontal overflow
  ---
  duration_ms: 0.6866
  ...
# Subtest: clusterStats — 노드 수와 군집 수(배정된 것만)를 센다
ok 1211 - clusterStats — 노드 수와 군집 수(배정된 것만)를 센다
  ---
  duration_ms: 2.4555
  ...
# Subtest: clusterStats — 노드가 없으면 null (0을 보여주지 않는다)
ok 1212 - clusterStats — 노드가 없으면 null (0을 보여주지 않는다)
  ---
  duration_ms: 0.418
  ...
# Subtest: clusterStats — 모두 미배정이면 군집 0
ok 1213 - clusterStats — 모두 미배정이면 군집 0
  ---
  duration_ms: 0.3141
  ...
# Subtest: suggestedCount — questions 길이를 그대로 돌려준다
ok 1214 - suggestedCount — questions 길이를 그대로 돌려준다
  ---
  duration_ms: 0.2368
  ...
# Subtest: suggestedCount — 빈 배열·비배열은 null (0건 힌트를 보이지 않는다)
ok 1215 - suggestedCount — 빈 배열·비배열은 null (0건 힌트를 보이지 않는다)
  ---
  duration_ms: 0.3834
  ...
# Subtest: pickEmptyCopy — 시드로 결정적이고, 시간대 문구가 풀에 들어온다
ok 1216 - pickEmptyCopy — 시드로 결정적이고, 시간대 문구가 풀에 들어온다
  ---
  duration_ms: 0.5141
  ...
# Subtest: pickEmptyCopy — 성향 라벨은 있을 때만 풀에 들어온다(없는 성향을 지어내지 않는다)
ok 1217 - pickEmptyCopy — 성향 라벨은 있을 때만 풀에 들어온다(없는 성향을 지어내지 않는다)
  ---
  duration_ms: 1.301
  ...
# Subtest: classifyCell — 셀 프리미티브 5종은 spec §4 alias 그대로 분류된다
ok 1218 - classifyCell — 셀 프리미티브 5종은 spec §4 alias 그대로 분류된다
  ---
  duration_ms: 1.4374
  ...
# Subtest: classifyCell — 미지 필드는 generic(개별 렌더러를 새로 만들지 않는다)
ok 1219 - classifyCell — 미지 필드는 generic(개별 렌더러를 새로 만들지 않는다)
  ---
  duration_ms: 0.3371
  ...
# Subtest: changeTone — pred_pre_sig는 코드표(1·2=up, 3=flat, 4·5=down)
ok 1220 - changeTone — pred_pre_sig는 코드표(1·2=up, 3=flat, 4·5=down)
  ---
  duration_ms: 0.3512
  ...
# Subtest: changeTone — pred_pre/flu_rt는 값의 부호를 쓴다(부호 접두 문자열 포함)
ok 1221 - changeTone — pred_pre/flu_rt는 값의 부호를 쓴다(부호 접두 문자열 포함)
  ---
  duration_ms: 0.2897
  ...
# Subtest: formatNumeric — 천단위 구분, 숫자로 안 읽히면 원문 그대로
ok 1222 - formatNumeric — 천단위 구분, 숫자로 안 읽히면 원문 그대로
  ---
  duration_ms: 25.927
  ...
# Subtest: formatDatetime — YYYYMMDD → YYYY-MM-DD, 그 외 형식은 원문 유지
ok 1223 - formatDatetime — YYYYMMDD → YYYY-MM-DD, 그 외 형식은 원문 유지
  ---
  duration_ms: 0.3589
  ...
# Subtest: groupFactsFields — F1: 스칼라 ≤10은 단일 그룹
ok 1224 - groupFactsFields — F1: 스칼라 ≤10은 단일 그룹
  ---
  duration_ms: 1.7897
  ...
# Subtest: groupFactsFields — F2: 11개 이상은 2단으로 접히고 순서를 보존한다
ok 1225 - groupFactsFields — F2: 11개 이상은 2단으로 접히고 순서를 보존한다
  ---
  duration_ms: 2.3127
  ...
# Subtest: groupFactsFields — 경계값 11개(F2 하한)도 2단으로 접힌다
ok 1226 - groupFactsFields — 경계값 11개(F2 하한)도 2단으로 접힌다
  ---
  duration_ms: 0.5417
  ...
# Subtest: groupFactsFields — 빈 배열/비배열 입력은 빈 단일 그룹
ok 1227 - groupFactsFields — 빈 배열/비배열 입력은 빈 단일 그룹
  ---
  duration_ms: 2.5366
  ...
# Subtest: 한글 폴백 별칭은 실재하는 local 폰트를 잡고 줄상자를 125% 이하로 죈다
ok 1228 - 한글 폴백 별칭은 실재하는 local 폰트를 잡고 줄상자를 125% 이하로 죈다
  ---
  duration_ms: 2.5112
  ...
# Subtest: 본문·강조·표제 스택은 Daki → 별칭 → Noto → Malgun 순서를 지킨다
ok 1229 - 본문·강조·표제 스택은 Daki → 별칭 → Noto → Malgun 순서를 지킨다
  ---
  duration_ms: 0.6581
  ...
# Subtest: normalizeQuestions — 원시 관계명을 주입받은 한글 사전으로 바꾼다
ok 1230 - normalizeQuestions — 원시 관계명을 주입받은 한글 사전으로 바꾼다
  ---
  duration_ms: 2.1078
  ...
# Subtest: 조사 교정 — 받침이 있으면 "이", 없으면 "가"다
ok 1231 - 조사 교정 — 받침이 있으면 "이", 없으면 "가"다
  ---
  duration_ms: 0.3687
  ...
# Subtest: 조사 교정 — 따옴표 안이 한글이 아니면 건드리지 않는다
ok 1232 - 조사 교정 — 따옴표 안이 한글이 아니면 건드리지 않는다
  ---
  duration_ms: 0.3196
  ...
# Subtest: normalizeQuestions — 한글로 바꾼 뒤 조사까지 맞춘다
ok 1233 - normalizeQuestions — 한글로 바꾼 뒤 조사까지 맞춘다
  ---
  duration_ms: 0.2728
  ...
# Subtest: normalizeQuestions — 사전에 없는 관계는 원문 그대로 둔다(지어내지 않는다)
ok 1234 - normalizeQuestions — 사전에 없는 관계는 원문 그대로 둔다(지어내지 않는다)
  ---
  duration_ms: 1.7034
  ...
# Subtest: normalizeQuestions — 사전을 안 주거나 이상해도 던지지 않는다
ok 1235 - normalizeQuestions — 사전을 안 주거나 이상해도 던지지 않는다
  ---
  duration_ms: 0.3345
  ...
# Subtest: normalizeQuestions — 프로필 뿌리 주체를 암묵으로 표시한다
ok 1236 - normalizeQuestions — 프로필 뿌리 주체를 암묵으로 표시한다
  ---
  duration_ms: 0.2993
  ...
# Subtest: normalizeQuestions — relation_id 없는 항목은 버린다(무엇에 답하는지 모르면 물을 수 없다)
ok 1237 - normalizeQuestions — relation_id 없는 항목은 버린다(무엇에 답하는지 모르면 물을 수 없다)
  ---
  duration_ms: 0.4042
  ...
# Subtest: normalizeQuestions — 응답이 비었거나 이상하면 빈 배열이다(던지지 않는다)
ok 1238 - normalizeQuestions — 응답이 비었거나 이상하면 빈 배열이다(던지지 않는다)
  ---
  duration_ms: 2.0167
  ...
# Subtest: progressLabel — 몇 번째를 묻는지 보인다(끝을 볼 수 있어야 답을 시작한다)
ok 1239 - progressLabel — 몇 번째를 묻는지 보인다(끝을 볼 수 있어야 답을 시작한다)
  ---
  duration_ms: 2.671
  ...
# Subtest: contextLine — 프로필 뿌리 주체는 적지 않는다("default →"를 사용자가 읽으면 안 된다)
ok 1240 - contextLine — 프로필 뿌리 주체는 적지 않는다("default →"를 사용자가 읽으면 안 된다)
  ---
  duration_ms: 3.7691
  ...
# Subtest: answerSentence — 무엇에 대한 답인지를 문장 안에 남긴다
ok 1241 - answerSentence — 무엇에 대한 답인지를 문장 안에 남긴다
  ---
  duration_ms: 1.1427
  ...
# Subtest: answerSentence — 건너뛰기는 아무것도 보내지 않는다(침묵을 부정으로 굳히지 않는다)
ok 1242 - answerSentence — 건너뛰기는 아무것도 보내지 않는다(침묵을 부정으로 굳히지 않는다)
  ---
  duration_ms: 0.3164
  ...
# Subtest: CHOICES — 레퍼런스 화면과 같은 키 힌트를 갖는다
ok 1243 - CHOICES — 레퍼런스 화면과 같은 키 힌트를 갖는다
  ---
  duration_ms: 0.1883
  ...
# Subtest: 카드 두 장(수집·노출 · 브레인 상태)과 토글 네 개를 그린다
ok 1244 - 카드 두 장(수집·노출 · 브레인 상태)과 토글 네 개를 그린다
  ---
  duration_ms: 9.2913
  ...
# Subtest: 컨테이너가 없으면 조용히 넘어간다
ok 1245 - 컨테이너가 없으면 조용히 넘어간다
  ---
  duration_ms: 0.4376
  ...
# Subtest: 다시 그리면 이전 내용을 지운다(카드가 쌓이지 않는다)
ok 1246 - 다시 그리면 이전 내용을 지운다(카드가 쌓이지 않는다)
  ---
  duration_ms: 2.1573
  ...
# Subtest: 수집원 세 칸의 라벨이 보드 05 그대로다
ok 1247 - 수집원 세 칸의 라벨이 보드 05 그대로다
  ---
  duration_ms: 2.2581
  ...
# Subtest: 보유잔고 칸에만 조회 주기 선택기가 있고 저장값이 선택돼 있다
ok 1248 - 보유잔고 칸에만 조회 주기 선택기가 있고 저장값이 선택돼 있다
  ---
  duration_ms: 0.6259
  ...
# Subtest: 체결내역 토글을 끄면 그 값만 저장된다
ok 1249 - 체결내역 토글을 끄면 그 값만 저장된다
  ---
  duration_ms: 0.9048
  ...
# Subtest: 모델 전달 토글은 마지막 토글이고 exposeToModel을 저장한다
ok 1250 - 모델 전달 토글은 마지막 토글이고 exposeToModel을 저장한다
  ---
  duration_ms: 1.2555
  ...
# Subtest: 꺼진 상태로 열면 토글이 꺼진 모습으로 그려진다
ok 1251 - 꺼진 상태로 열면 토글이 꺼진 모습으로 그려진다
  ---
  duration_ms: 0.5151
  ...
# Subtest: 대화 토글은 백엔드 왕복이 실패하면 원래 자리로 되돌아가고 이유를 적는다
ok 1252 - 대화 토글은 백엔드 왕복이 실패하면 원래 자리로 되돌아가고 이유를 적는다
  ---
  duration_ms: 8.7055
  ...
# Subtest: 브레인 상태 배지는 준비 여부를 색이 아니라 문구로도 말한다
ok 1253 - 브레인 상태 배지는 준비 여부를 색이 아니라 문구로도 말한다
  ---
  duration_ms: 1.2651
  ...
# Subtest: 이 화면이 못 바꾸는 값은 우측 곁말로 정직하게 표시된다(보드 05)
ok 1254 - 이 화면이 못 바꾸는 값은 우측 곁말로 정직하게 표시된다(보드 05)
  ---
  duration_ms: 0.7456
  ...
# Subtest: 전체 삭제는 한 번 더 묻고, 확인 전에는 아무것도 안 지운다
ok 1255 - 전체 삭제는 한 번 더 묻고, 확인 전에는 아무것도 안 지운다
  ---
  duration_ms: 4.4173
  ...
# Subtest: 확인을 취소하면 삭제 버튼이 다시 살아난다
ok 1256 - 확인을 취소하면 삭제 버튼이 다시 살아난다
  ---
  duration_ms: 0.5691
  ...
# Subtest: 확인하면 실제로 지우고 재기동 여부를 문구로 구분한다
ok 1257 - 확인하면 실제로 지우고 재기동 여부를 문구로 구분한다
  ---
  duration_ms: 5.0071
  ...
# Subtest: 삭제가 실패하면 오류를 적고 버튼을 되살린다(조용히 성공한 척하지 않는다)
ok 1258 - 삭제가 실패하면 오류를 적고 버튼을 되살린다(조용히 성공한 척하지 않는다)
  ---
  duration_ms: 4.4597
  ...
# Subtest: resetBrain이 예외를 던져도 화면이 깨지지 않는다
ok 1259 - resetBrain이 예외를 던져도 화면이 깨지지 않는다
  ---
  duration_ms: 4.5753
  ...
# Subtest: 처음에는 요약이 보이고 그래프는 숨겨져 있다
ok 1260 - 처음에는 요약이 보이고 그래프는 숨겨져 있다
  ---
  duration_ms: 3.9039
  ...
# Subtest: US-007: 브레인이 켜져 있어도 그래프로 토글하기 전엔 그래프 표면이 전무하다
ok 1261 - US-007: 브레인이 켜져 있어도 그래프로 토글하기 전엔 그래프 표면이 전무하다
  ---
  duration_ms: 0.7457
  ...
# Subtest: 토글하면 캔버스 영역이 그래프 기능으로 바뀌고, 기본 서브뷰는 요약 표다(스텝2-보정)
ok 1262 - 토글하면 캔버스 영역이 그래프 기능으로 바뀌고, 기본 서브뷰는 요약 표다(스텝2-보정)
  ---
  duration_ms: 4.5056
  ...
# Subtest: setSurface(지도)로 전환하면 군집 지도가 보이고 그려진다, 요약 표면은 숨는다
ok 1263 - setSurface(지도)로 전환하면 군집 지도가 보이고 그려진다, 요약 표면은 숨는다
  ---
  duration_ms: 2.5468
  ...
# Subtest: setSurface(같은 값)는 아무 일도 안 한다(불필요한 재렌더 방지)
ok 1264 - setSurface(같은 값)는 아무 일도 안 한다(불필요한 재렌더 방지)
  ---
  duration_ms: 0.9423
  ...
# Subtest: 브레인 응답이 요약 서브뷰를 보는 중에 도착해도, 지도로 전환하면 그 시점 치수로 다시 그린다
ok 1265 - 브레인 응답이 요약 서브뷰를 보는 중에 도착해도, 지도로 전환하면 그 시점 치수로 다시 그린다
  ---
  duration_ms: 2.6447
  ...
# Subtest: 다시 토글하면 요약으로 돌아오고 그래프 표면은 완전히 숨는다
ok 1266 - 다시 토글하면 요약으로 돌아오고 그래프 표면은 완전히 숨는다
  ---
  duration_ms: 1.0893
  ...
# Subtest: 리비전이 그대로면 다시 그리지 않는다
ok 1267 - 리비전이 그대로면 다시 그리지 않는다
  ---
  duration_ms: 0.8951
  ...
# Subtest: 리비전이 바뀌면 다시 그린다
ok 1268 - 리비전이 바뀌면 다시 그린다
  ---
  duration_ms: 2.9432
  ...
# Subtest: 백엔드가 죽어도 지도 헤더를 남기고 요약↔지도로 왕복할 수 있다
ok 1269 - 백엔드가 죽어도 지도 헤더를 남기고 요약↔지도로 왕복할 수 있다
  ---
  duration_ms: 1.2459
  ...
# Subtest: 그래프 안내는 지금 보이는 표면 안에만 배치되어 헤더 클릭 영역을 덮지 않는다
ok 1270 - 그래프 안내는 지금 보이는 표면 안에만 배치되어 헤더 클릭 영역을 덮지 않는다
  ---
  duration_ms: 1.7213
  ...
# Subtest: 브레인이 안 됐을 때 지도 서브뷰로 전환하면 캔버스 안에 정직한 안내가 뜬다
ok 1271 - 브레인이 안 됐을 때 지도 서브뷰로 전환하면 캔버스 안에 정직한 안내가 뜬다
  ---
  duration_ms: 0.9134
  ...
# Subtest: 지도를 보는 중에 브레인이 꺼지면 화면 안에서 안내로 바뀐다(요약으로 쫓겨나지 않는다)
ok 1272 - 지도를 보는 중에 브레인이 꺼지면 화면 안에서 안내로 바뀐다(요약으로 쫓겨나지 않는다)
  ---
  duration_ms: 0.9036
  ...
# Subtest: 그래프를 못 쓰다가 브레인이 켜지면 안내 대신 실제로 그린다
ok 1273 - 그래프를 못 쓰다가 브레인이 켜지면 안내 대신 실제로 그린다
  ---
  duration_ms: 0.5444
  ...
# Subtest: 요약 화면에서는 백엔드를 부르지 않는다
ok 1274 - 요약 화면에서는 백엔드를 부르지 않는다
  ---
  duration_ms: 1.4919
  ...
# Subtest: 2단계에서 노드를 클릭하면 선택된다(패널이 채워진다)
ok 1275 - 2단계에서 노드를 클릭하면 선택된다(패널이 채워진다)
  ---
  duration_ms: 17.4828
  ...
# Subtest: 패널 탭 — "성향"(활성)·"이력"(비활성)이 둘 다 그려진다
ok 1276 - 패널 탭 — "성향"(활성)·"이력"(비활성)이 둘 다 그려진다
  ---
  duration_ms: 2.8184
  ...
# Subtest: 패널 탭 — "이력" 탭은 클릭해도 전환 없다(Paper에 콘텐츠 스펙 없음, §6 범위 밖)
ok 1277 - 패널 탭 — "이력" 탭은 클릭해도 전환 없다(Paper에 콘텐츠 스펙 없음, §6 범위 밖)
  ---
  duration_ms: 1.2241
  ...
# Subtest: 패널 탭 — "선택 해제" 클릭 시 clearSelection과 같은 결과(패널이 닫힌다)
ok 1278 - 패널 탭 — "선택 해제" 클릭 시 clearSelection과 같은 결과(패널이 닫힌다)
  ---
  duration_ms: 0.5991
  ...
# Subtest: 선택 헤더 — 이름·kind 배지·보강 횟수를 그린다
ok 1279 - 선택 헤더 — 이름·kind 배지·보강 횟수를 그린다
  ---
  duration_ms: 0.4318
  ...
# Subtest: 티어 대조 카드 — tier를 한글로, confidence를 배지로, rationale을 본문으로 그린다
ok 1280 - 티어 대조 카드 — tier를 한글로, confidence를 배지로, rationale을 본문으로 그린다
  ---
  duration_ms: 0.409
  ...
# Subtest: 티어 대조 카드 — 근거가 없으면 조용히 빠지지 않고 없다고 말한다
ok 1281 - 티어 대조 카드 — 근거가 없으면 조용히 빠지지 않고 없다고 말한다
  ---
  duration_ms: 1.0884
  ...
# Subtest: 패널 탭 — 이력은 비활성이고 왜인지 말한다(콘텐츠 스펙이 아직 없다)
ok 1282 - 패널 탭 — 이력은 비활성이고 왜인지 말한다(콘텐츠 스펙이 아직 없다)
  ---
  duration_ms: 0.7624
  ...
# Subtest: CTA "채팅에서 답하기" 클릭 시 onPanelCta가 불린다
ok 1283 - CTA "채팅에서 답하기" 클릭 시 onPanelCta가 불린다
  ---
  duration_ms: 0.8146
  ...
# Subtest: §10-4 최근 변화 — 데이터가 없어 섹션 자체를 안 그린다(§0 정책)
ok 1284 - §10-4 최근 변화 — 데이터가 없어 섹션 자체를 안 그린다(§0 정책)
  ---
  duration_ms: 0.806
  ...
# Subtest: panel 요소가 없으면 선택 상태는 바뀌지만 조용히 넘어간다
ok 1285 - panel 요소가 없으면 선택 상태는 바뀌지만 조용히 넘어간다
  ---
  duration_ms: 0.5787
  ...
# Subtest: computeGraphHeaderMeta — 1단계(clusters): "군집 N개 · 엔티티 M · 미분류 K"
ok 1286 - computeGraphHeaderMeta — 1단계(clusters): "군집 N개 · 엔티티 M · 미분류 K"
  ---
  duration_ms: 0.2354
  ...
# Subtest: computeGraphHeaderMeta — 2단계(expanded): "엔티티 M · 관계 E · 군집 N"(관계는 필터 전 원본)
ok 1287 - computeGraphHeaderMeta — 2단계(expanded): "엔티티 M · 관계 E · 군집 N"(관계는 필터 전 원본)
  ---
  duration_ms: 0.284
  ...
# Subtest: computeGraphHeaderMeta — payload/placed가 없으면 빈 문자열(지어내지 않는다)
ok 1288 - computeGraphHeaderMeta — payload/placed가 없으면 빈 문자열(지어내지 않는다)
  ---
  duration_ms: 0.2293
  ...
# Subtest: 그래프 진입(1단계) 시 헤더 메타가 "군집 N개 · 엔티티 M · 미분류 K"로 채워지고 지도 안내 바가 보인다
ok 1289 - 그래프 진입(1단계) 시 헤더 메타가 "군집 N개 · 엔티티 M · 미분류 K"로 채워지고 지도 안내 바가 보인다
  ---
  duration_ms: 0.7461
  ...
# Subtest: graphHeaderMeta·mapGuide가 없으면(선택 안 주입) 조용히 넘어간다
ok 1290 - graphHeaderMeta·mapGuide가 없으면(선택 안 주입) 조용히 넘어간다
  ---
  duration_ms: 0.848
  ...
# Subtest: clearSelection()으로 패널이 닫힌다
ok 1291 - clearSelection()으로 패널이 닫힌다
  ---
  duration_ms: 0.8762
  ...
# Subtest: selectEntity() 후 summaryTable 안 해당 row가 is-selected를 받는다
ok 1292 - selectEntity() 후 summaryTable 안 해당 row가 is-selected를 받는다
  ---
  duration_ms: 0.5433
  ...
# Subtest: 다른 엔티티를 선택하면 이전 row의 하이라이트가 옮겨간다
ok 1293 - 다른 엔티티를 선택하면 이전 row의 하이라이트가 옮겨간다
  ---
  duration_ms: 0.3867
  ...
# Subtest: clearSelection() 후 모든 row에서 is-selected가 빠진다
ok 1294 - clearSelection() 후 모든 row에서 is-selected가 빠진다
  ---
  duration_ms: 0.281
  ...
# Subtest: summaryTable이 없으면(선택 안 주입) 조용히 넘어간다
ok 1295 - summaryTable이 없으면(선택 안 주입) 조용히 넘어간다
  ---
  duration_ms: 0.39
  ...
# Subtest: selectEntity()는 그래프를 열지 않고도(요약 화면에서도) 공통 패널을 연다
ok 1296 - selectEntity()는 그래프를 열지 않고도(요약 화면에서도) 공통 패널을 연다
  ---
  duration_ms: 0.4003
  ...
# Subtest: applyVisibility()는 graphBody·panel의 hidden을 건드리지 않는다(가시성은 graph·summaryTable만 소유)
ok 1297 - applyVisibility()는 graphBody·panel의 hidden을 건드리지 않는다(가시성은 graph·summaryTable만 소유)
  ---
  duration_ms: 0.7297
  ...
# Subtest: selectNode() — profile-summary에 같은 entity_id가 있으면 근거·신뢰도·보강수까지 얹고 source:"node"를 단다
ok 1298 - selectNode() — profile-summary에 같은 entity_id가 있으면 근거·신뢰도·보강수까지 얹고 source:"node"를 단다
  ---
  duration_ms: 1.4581
  ...
# Subtest: selectNode() — profile-summary에 매칭이 없으면 그래프 노드 필드만으로 최소 패널이 뜬다(지어내지 않는다)
ok 1299 - selectNode() — profile-summary에 매칭이 없으면 그래프 노드 필드만으로 최소 패널이 뜬다(지어내지 않는다)
  ---
  duration_ms: 0.6429
  ...
# Subtest: 관계 목록 — 선택 엔티티가 걸린 surprising-connections가 있으면 "숨은" 행으로 렌더된다
ok 1300 - 관계 목록 — 선택 엔티티가 걸린 surprising-connections가 있으면 "숨은" 행으로 렌더된다
  ---
  duration_ms: 1.2926
  ...
# Subtest: 관계 목록 — 선택 엔티티가 어느 surprising-connections에도 안 걸리면 섹션 자체가 안 뜬다(§0 정책)
ok 1301 - 관계 목록 — 선택 엔티티가 어느 surprising-connections에도 안 걸리면 섹션 자체가 안 뜬다(§0 정책)
  ---
  duration_ms: 0.9345
  ...
# Subtest: 지도에 넘기는 숨은 연관은 요약 카드와 같은 상위 3쌍이다
ok 1302 - 지도에 넘기는 숨은 연관은 요약 카드와 같은 상위 3쌍이다
  ---
  duration_ms: 2.4879
  ...
# Subtest: 숨은 연관을 아직 못 받았으면 지도에 강조할 쌍이 없다
ok 1303 - 숨은 연관을 아직 못 받았으면 지도에 강조할 쌍이 없다
  ---
  duration_ms: 2.3861
  ...
# Subtest: 지도를 그리면 범례가 함께 선다
ok 1304 - 지도를 그리면 범례가 함께 선다
  ---
  duration_ms: 0.7466
  ...
# Subtest: 확정 이름이 없는 군집이 있으면 범례 캡션이 한 번만 붙는다
ok 1305 - 확정 이름이 없는 군집이 있으면 범례 캡션이 한 번만 붙는다
  ---
  duration_ms: 0.5192
  ...
# Subtest: 지도가 안 그려지면 범례도 안 선다 — 없는 그림을 설명하지 않는다
ok 1306 - 지도가 안 그려지면 범례도 안 선다 — 없는 그림을 설명하지 않는다
  ---
  duration_ms: 0.3351
  ...
# Subtest: 지도에 넘기는 확정성은 성향 신호 전체에서 온다
ok 1307 - 지도에 넘기는 확정성은 성향 신호 전체에서 온다
  ---
  duration_ms: 0.6402
  ...
# Subtest: 필터에 맞는 노드가 없으면 빈 화면 대신 무엇이 걸렸는지 적는다
ok 1308 - 필터에 맞는 노드가 없으면 빈 화면 대신 무엇이 걸렸는지 적는다
  ---
  duration_ms: 1.2189
  ...
# Subtest: 필터가 선택 노드를 걷어내면 패널도 함께 닫힌다(지도와 패널이 다른 그래프를 말하지 않는다)
ok 1309 - 필터가 선택 노드를 걷어내면 패널도 함께 닫힌다(지도와 패널이 다른 그래프를 말하지 않는다)
  ---
  duration_ms: 0.8878
  ...
# Subtest: 수집·노출로 전환하면 그 표면만 보이고 요약 표·지도는 숨는다(3중 배타)
ok 1310 - 수집·노출로 전환하면 그 표면만 보이고 요약 표·지도는 숨는다(3중 배타)
  ---
  duration_ms: 0.4811
  ...
# Subtest: 수집·노출 표면은 그래프 기능 밖에서는 항상 숨는다
ok 1311 - 수집·노출 표면은 그래프 기능 밖에서는 항상 숨는다
  ---
  duration_ms: 0.5541
  ...
# Subtest: 수집·노출로 가면 노드 패널이 접히고, 돌아오면 다시 뜬다(선택은 안 지운다)
ok 1312 - 수집·노출로 가면 노드 패널이 접히고, 돌아오면 다시 뜬다(선택은 안 지운다)
  ---
  duration_ms: 0.6662
  ...
# Subtest: 수집·노출 진입 훅은 들어올 때만 불린다(설정 오버레이에서 바꾸고 돌아올 수 있다)
ok 1313 - 수집·노출 진입 훅은 들어올 때만 불린다(설정 오버레이에서 바꾸고 돌아올 수 있다)
  ---
  duration_ms: 2.046
  ...
# Subtest: 수집·노출로 갈 때는 지도를 다시 그리지 않는다(불필요한 왕복 없음)
ok 1314 - 수집·노출로 갈 때는 지도를 다시 그리지 않는다(불필요한 왕복 없음)
  ---
  duration_ms: 2.36
  ...
# Subtest: 관계 목록 — 성향 관계(profile-summary)와 구조 관계(edge_details)가 한 목록에 온다(보드 04)
ok 1315 - 관계 목록 — 성향 관계(profile-summary)와 구조 관계(edge_details)가 한 목록에 온다(보드 04)
  ---
  duration_ms: 2.0811
  ...
# Subtest: 관계 목록 — edge_details가 있으면 통상 관계까지 전부 나오고 숨은 연관이 맨 뒤다(보드 04)
ok 1316 - 관계 목록 — edge_details가 있으면 통상 관계까지 전부 나오고 숨은 연관이 맨 뒤다(보드 04)
  ---
  duration_ms: 2.7386
  ...
# Subtest: 삭제 손잡이 — 구조 관계 행에만 붙고, 클릭하면 방향 그대로 (출발·도착·관계)를 넘긴다(보드 04)
ok 1317 - 삭제 손잡이 — 구조 관계 행에만 붙고, 클릭하면 방향 그대로 (출발·도착·관계)를 넘긴다(보드 04)
  ---
  duration_ms: 1.3585
  ...
# Subtest: 삭제 손잡이 — 선택 노드가 도착이어도 방향을 지어내지 않는다(해시가 뒤집히면 조용히 miss)
ok 1318 - 삭제 손잡이 — 선택 노드가 도착이어도 방향을 지어내지 않는다(해시가 뒤집히면 조용히 miss)
  ---
  duration_ms: 0.9581
  ...
# Subtest: 삭제 손잡이 — onRelationDelete를 안 주면 아예 그리지 않는다(다른 선택 주입과 같은 계약)
ok 1319 - 삭제 손잡이 — onRelationDelete를 안 주면 아예 그리지 않는다(다른 선택 주입과 같은 계약)
  ---
  duration_ms: 0.7615
  ...
# Subtest: 선택 헤더 부제 — 그래프 노드는 "군집 · 연결 N · 두 군집을 잇는 유일한 노드"(보드 04)
ok 1320 - 선택 헤더 부제 — 그래프 노드는 "군집 · 연결 N · 두 군집을 잇는 유일한 노드"(보드 04)
  ---
  duration_ms: 0.8607
  ...
# Subtest: 왜 숨은 연관인가 — 세 절이 전부 실데이터에서 나온다(보드 04 근거 블록)
ok 1321 - 왜 숨은 연관인가 — 세 절이 전부 실데이터에서 나온다(보드 04 근거 블록)
  ---
  duration_ms: 0.9378
  ...
# Subtest: 왜 숨은 연관인가 — 숨은 연관이 없는 노드에는 블록도 CTA 리드인도 없다(§0 정책)
ok 1322 - 왜 숨은 연관인가 — 숨은 연관이 없는 노드에는 블록도 CTA 리드인도 없다(§0 정책)
  ---
  duration_ms: 0.6281
  ...
# Subtest: CTA — 숨은 연관 노드는 리드인 + "채팅에서 물어보기"다(보드 04)
ok 1323 - CTA — 숨은 연관 노드는 리드인 + "채팅에서 물어보기"다(보드 04)
  ---
  duration_ms: 5.2863
  ...
# Subtest: 티어 대조 — 출처가 둘이고 서로 다르면 제목과 "↕ 어긋남"이 붙고 카드가 두 장이다(보드 02)
ok 1324 - 티어 대조 — 출처가 둘이고 서로 다르면 제목과 "↕ 어긋남"이 붙고 카드가 두 장이다(보드 02)
  ---
  duration_ms: 1.0473
  ...
# Subtest: 티어 대조 — 출처가 둘이어도 같은 tier면 갈등 제목을 안 붙인다(없는 갈등을 만들지 않는다)
ok 1325 - 티어 대조 — 출처가 둘이어도 같은 tier면 갈등 제목을 안 붙인다(없는 갈등을 만들지 않는다)
  ---
  duration_ms: 0.4933
  ...
# Subtest: countRelationEvents — (관계, 상대) 쌍별로 이벤트를 센다
ok 1326 - countRelationEvents — (관계, 상대) 쌍별로 이벤트를 센다
  ---
  duration_ms: 2.1904
  ...
# Subtest: hiddenLinkReasonClauses — 근거가 없는 절은 아예 빠진다(§0 정책)
ok 1327 - hiddenLinkReasonClauses — 근거가 없는 절은 아예 빠진다(§0 정책)
  ---
  duration_ms: 0.8854
  ...
# Subtest: relativeScoreText — 숫자를 적지 않는다(정규화라 1등은 항상 만점이었다)
ok 1328 - relativeScoreText — 숫자를 적지 않는다(정규화라 1등은 항상 만점이었다)
  ---
  duration_ms: 0.2067
  ...
# Subtest: topSurprising — 점수 내림차순 상한 3, 동점은 이름으로 끊는다(다시 열어도 같은 셋)
ok 1329 - topSurprising — 점수 내림차순 상한 3, 동점은 이름으로 끊는다(다시 열어도 같은 셋)
  ---
  duration_ms: 0.3687
  ...
# Subtest: 관계 목록 — getSurprisingConnections를 안 주면(현재 실제 상태) 조용히 섹션이 없다
ok 1330 - 관계 목록 — getSurprisingConnections를 안 주면(현재 실제 상태) 조용히 섹션이 없다
  ---
  duration_ms: 0.7011
  ...
# Subtest: formatEventDate — 절대 MM-DD(G-G1), 윤년·월경계·한자리 패딩
ok 1331 - formatEventDate — 절대 MM-DD(G-G1), 윤년·월경계·한자리 패딩
  ---
  duration_ms: 3.2807
  ...
# Subtest: formatEventDate — 파싱 불가면 빈 문자열(지어내지 않는다)
ok 1332 - formatEventDate — 파싱 불가면 빈 문자열(지어내지 않는다)
  ---
  duration_ms: 0.2357
  ...
# Subtest: buildTimelineRows — op별 문구(G-G6 초안 그대로), relation은 한글 사전으로
ok 1333 - buildTimelineRows — op별 문구(G-G6 초안 그대로), relation은 한글 사전으로
  ---
  duration_ms: 0.5855
  ...
# Subtest: buildTimelineRows — 미등록 relation·미등록 op는 원문 그대로 폴백(§0 정직성)
ok 1334 - buildTimelineRows — 미등록 relation·미등록 op는 원문 그대로 폴백(§0 정직성)
  ---
  duration_ms: 0.2332
  ...
# Subtest: buildTimelineRows — edge_changed: 상승만 "…로 승격"(G-G4), 하강·동일은 "신뢰도 변경"
ok 1335 - buildTimelineRows — edge_changed: 상승만 "…로 승격"(G-G4), 하강·동일은 "신뢰도 변경"
  ---
  duration_ms: 0.4102
  ...
# Subtest: buildTimelineRows — 승격 문구의 조사가 받침을 따른다(추론으로 · 사실로)
ok 1336 - buildTimelineRows — 승격 문구의 조사가 받침을 따른다(추론으로 · 사실로)
  ---
  duration_ms: 0.28
  ...
# Subtest: buildTimelineRows — 같은 날 같은 문구가 잇달으면 접고, 사이에 다른 사건이 끼면 안 접는다
ok 1337 - buildTimelineRows — 같은 날 같은 문구가 잇달으면 접고, 사이에 다른 사건이 끼면 안 접는다
  ---
  duration_ms: 0.2191
  ...
# Subtest: buildTimelineRows — 날짜가 다르면 문구가 같아도 안 접는다(다른 날의 사건이다)
ok 1338 - buildTimelineRows — 날짜가 다르면 문구가 같아도 안 접는다(다른 날의 사건이다)
  ---
  duration_ms: 0.1479
  ...
# Subtest: buildTimelineRows — 배열이 아니면 빈 배열, null 항목은 걸러낸다
ok 1339 - buildTimelineRows — 배열이 아니면 빈 배열, null 항목은 걸러낸다
  ---
  duration_ms: 0.1433
  ...
# Subtest: §10-4 — IPC 성공 시 최근 변화 섹션이 행으로 채워진다(2단계 렌더)
ok 1340 - §10-4 — IPC 성공 시 최근 변화 섹션이 행으로 채워진다(2단계 렌더)
  ---
  duration_ms: 44.5956
  ...
# Subtest: §10-4 — 이벤트가 없으면 선점해 둔 섹션을 걷어낸다(빈 섹션보다 없는 편이 정직하다)
ok 1341 - §10-4 — 이벤트가 없으면 선점해 둔 섹션을 걷어낸다(빈 섹션보다 없는 편이 정직하다)
  ---
  duration_ms: 3.2631
  ...
# Subtest: §10-4 — IPC 실패면 섹션 없이 빈 상태를 유지하고 화면이 깨지지 않는다
ok 1342 - §10-4 — IPC 실패면 섹션 없이 빈 상태를 유지하고 화면이 깨지지 않는다
  ---
  duration_ms: 1.0001
  ...
# Subtest: §10-4 — 빠른 재선택(A→B): A 응답이 B보다 늦게 도착해도 최종 렌더는 B다(stale 가드)
ok 1343 - §10-4 — 빠른 재선택(A→B): A 응답이 B보다 늦게 도착해도 최종 렌더는 B다(stale 가드)
  ---
  duration_ms: 1.0507
  ...
# Subtest: §10-4 — 선택 해제 후 도착한 응답은 버려진다(패널을 다시 만들지 않는다)
ok 1344 - §10-4 — 선택 해제 후 도착한 응답은 버려진다(패널을 다시 만들지 않는다)
  ---
  duration_ms: 0.794
  ...
# Subtest: setView("agent")로 전환하면 agent 표면만 보이고 나머지 둘은 숨는다(3중 배타)
ok 1345 - setView("agent")로 전환하면 agent 표면만 보이고 나머지 둘은 숨는다(3중 배타)
  ---
  duration_ms: 1.4829
  ...
# Subtest: setView("graph")는 toggle()과 동등하다 — 기본 서브뷰는 요약 표, 지도 내용은 graphBody에 그려진다(스텝2-보정)
ok 1346 - setView("graph")는 toggle()과 동등하다 — 기본 서브뷰는 요약 표, 지도 내용은 graphBody에 그려진다(스텝2-보정)
  ---
  duration_ms: 0.6701
  ...
# Subtest: setView("summary")로 돌아오면 세 표면 중 요약만 보인다
ok 1347 - setView("summary")로 돌아오면 세 표면 중 요약만 보인다
  ---
  duration_ms: 0.2634
  ...
# Subtest: setView는 summary/graph/agent/plugin 네 표면을 항상 하나만 보이고 plugin 모드를 DOM에 공개한다
ok 1348 - setView는 summary/graph/agent/plugin 네 표면을 항상 하나만 보이고 plugin 모드를 DOM에 공개한다
  ---
  duration_ms: 0.5135
  ...
# Subtest: backtest로 전환하면 채팅 헤더가 보이고 data-mode·문구가 백테스트용으로 바뀐다
ok 1349 - backtest로 전환하면 채팅 헤더가 보이고 data-mode·문구가 백테스트용으로 바뀐다
  ---
  duration_ms: 0.4674
  ...
# Subtest: plugin으로 전환하면 채팅 헤더가 플러그인 문구로 바뀌고 그래프 문구는 그대로다
ok 1350 - plugin으로 전환하면 채팅 헤더가 플러그인 문구로 바뀌고 그래프 문구는 그대로다
  ---
  duration_ms: 0.3845
  ...
# Subtest: 백테스트 빈 채팅은 Paper 40MQ-1이고 대화 모드 새 대화는 유지한다
ok 1351 - 백테스트 빈 채팅은 Paper 40MQ-1이고 대화 모드 새 대화는 유지한다
  ---
  duration_ms: 1.0754
  ...
# Subtest: shell.html의 채팅 헤더 span은 비어 있다 — 문구의 유일한 출처는 controller다
ok 1352 - shell.html의 채팅 헤더 span은 비어 있다 — 문구의 유일한 출처는 controller다
  ---
  duration_ms: 1.9917
  ...
# Subtest: chatHeadTitle/chatHeadSub가 없어도 backtest·graph 전환이 터지지 않는다(옵셔널 가드)
ok 1353 - chatHeadTitle/chatHeadSub가 없어도 backtest·graph 전환이 터지지 않는다(옵셔널 가드)
  ---
  duration_ms: 0.6412
  ...
# Subtest: controller.setView()는 모르는 mode를 무시하고 현재 plugin 가시성을 유지한다
ok 1354 - controller.setView()는 모르는 mode를 무시하고 현재 plugin 가시성을 유지한다
  ---
  duration_ms: 0.2717
  ...
# Subtest: agent로 전환할 때는 백엔드를 부르지 않는다(그래프 뷰가 아니므로 draw()가 no-op)
ok 1355 - agent로 전환할 때는 백엔드를 부르지 않는다(그래프 뷰가 아니므로 draw()가 no-op)
  ---
  duration_ms: 0.2004
  ...
# Subtest: elements.agent가 없어도 setView("agent")가 터지지 않는다(옵셔널 가드)
ok 1356 - elements.agent가 없어도 setView("agent")가 터지지 않는다(옵셔널 가드)
  ---
  duration_ms: 0.2645
  ...
# Subtest: 다섯 모드 대화 크롬은 Paper 계약이다
ok 1357 - 다섯 모드 대화 크롬은 Paper 계약이다
  ---
  duration_ms: 1.6268
  ...
# Subtest: D4 — 5 view × 5 표면 배타표: 각 view에서 정확히 그 표면만 보인다(25칸)
ok 1358 - D4 — 5 view × 5 표면 배타표: 각 view에서 정확히 그 표면만 보인다(25칸)
  ---
  duration_ms: 0.5009
  ...
# Subtest: 라이브 렌더러가 없어도 노드 선택이 터지지 않는다(정적 렌더러 잔재 가드)
ok 1359 - 라이브 렌더러가 없어도 노드 선택이 터지지 않는다(정적 렌더러 잔재 가드)
  ---
  duration_ms: 0.5784
  ...
# Subtest: 라이브 렌더러가 없으면 빈 화면 대신 정직하게 알린다
ok 1360 - 라이브 렌더러가 없으면 빈 화면 대신 정직하게 알린다
  ---
  duration_ms: 0.4802
  ...
# Subtest: getContext(): 필터·규모·군집·신호·숨은연관·선택을 함께 낸다
ok 1361 - getContext(): 필터·규모·군집·신호·숨은연관·선택을 함께 낸다
  ---
  duration_ms: 1.1904
  ...
# Subtest: getContext(): 아무것도 안 골랐으면 selected는 null이다(지어내지 않는다)
ok 1362 - getContext(): 아무것도 안 골랐으면 selected는 null이다(지어내지 않는다)
  ---
  duration_ms: 0.4494
  ...
# Subtest: getContext(): 선택 주입(getProfileSummaryEntries 등)이 없어도 빈 배열로 돈다
ok 1363 - getContext(): 선택 주입(getProfileSummaryEntries 등)이 없어도 빈 배열로 돈다
  ---
  duration_ms: 0.4605
  ...
# Subtest: 패널 CTA — 어긋나는 신호면 kind:conflict와 이름을 넘긴다
ok 1364 - 패널 CTA — 어긋나는 신호면 kind:conflict와 이름을 넘긴다
  ---
  duration_ms: 0.4759
  ...
# Subtest: 패널 CTA — 어긋남·숨은연관이 없으면 kind:plain이다
ok 1365 - 패널 CTA — 어긋남·숨은연관이 없으면 kind:plain이다
  ---
  duration_ms: 0.3501
  ...
# Subtest: 브레인이 안 됐을 때 요약 탭도 정직한 안내로 채워진다 — 백지가 아니다
ok 1366 - 브레인이 안 됐을 때 요약 탭도 정직한 안내로 채워진다 — 백지가 아니다
  ---
  duration_ms: 0.3804
  ...
# Subtest: 브레인이 켜지면 요약 탭의 안내가 사라진다
ok 1367 - 브레인이 켜지면 요약 탭의 안내가 사라진다
  ---
  duration_ms: 0.4738
  ...
# Subtest: 지도 로드 실패 문구는 요약 표면을 덮지 않는다 — 스스로 요약을 쓰라고 말한다
ok 1368 - 지도 로드 실패 문구는 요약 표면을 덮지 않는다 — 스스로 요약을 쓰라고 말한다
  ---
  duration_ms: 0.4107
  ...
# Subtest: buildEntityDetailModel — 노드 머리는 한글 종류 라벨과 연결 수다(원문 kind 비노출)
ok 1369 - buildEntityDetailModel — 노드 머리는 한글 종류 라벨과 연결 수다(원문 kind 비노출)
  ---
  duration_ms: 9.5222
  ...
# Subtest: buildEntityDetailModel — 관계 행은 화살표·확정성·티어·보강으로 조립된다
ok 1370 - buildEntityDetailModel — 관계 행은 화살표·확정성·티어·보강으로 조립된다
  ---
  duration_ms: 0.3591
  ...
# Subtest: buildEntityDetailModel — 잘리지 않은 발췌는 출처·날짜·전문 글자 수를 말한다
ok 1371 - buildEntityDetailModel — 잘리지 않은 발췌는 출처·날짜·전문 글자 수를 말한다
  ---
  duration_ms: 0.2422
  ...
# Subtest: buildEntityDetailModel — 잘린 발췌는 잘렸다고 먼저 말한다(전문처럼 인용하지 않는다)
ok 1372 - buildEntityDetailModel — 잘린 발췌는 잘렸다고 먼저 말한다(전문처럼 인용하지 않는다)
  ---
  duration_ms: 0.2203
  ...
# Subtest: buildEntityDetailModel — 원문 출처 종류·확정성 코드가 화면에 새지 않는다
ok 1373 - buildEntityDetailModel — 원문 출처 종류·확정성 코드가 화면에 새지 않는다
  ---
  duration_ms: 0.4022
  ...
# Subtest: buildEntityDetailModel — 변경 이력은 공통 패널과 같은 조립을 쓴다(최신 먼저)
ok 1374 - buildEntityDetailModel — 변경 이력은 공통 패널과 같은 조립을 쓴다(최신 먼저)
  ---
  duration_ms: 0.2732
  ...
# Subtest: buildEntityDetailModel — 못 찾은 조회는 패널을 만들지 않는다(후보는 모델이 되묻는다)
ok 1375 - buildEntityDetailModel — 못 찾은 조회는 패널을 만들지 않는다(후보는 모델이 되묻는다)
  ---
  duration_ms: 0.2202
  ...
# Subtest: buildEntityDetailModel — 관계도 이력도 없으면 빈 목록이다(0을 지어내지 않는다)
ok 1376 - buildEntityDetailModel — 관계도 이력도 없으면 빈 목록이다(0을 지어내지 않는다)
  ---
  duration_ms: 0.1915
  ...
# Subtest: showEntityDetail() — 공통 패널이 관계·이력으로 채워진다
ok 1377 - showEntityDetail() — 공통 패널이 관계·이력으로 채워진다
  ---
  duration_ms: 1.1722
  ...
# Subtest: showEntityDetail() — 보드 주석층(정직성 규칙·도구 인자)은 패널에 안 그린다
ok 1378 - showEntityDetail() — 보드 주석층(정직성 규칙·도구 인자)은 패널에 안 그린다
  ---
  duration_ms: 0.7413
  ...
# Subtest: showEntityDetail() — 못 찾은 조회는 패널을 열지 않는다
ok 1379 - showEntityDetail() — 못 찾은 조회는 패널을 열지 않는다
  ---
  duration_ms: 1.6716
  ...
# Subtest: 노드를 새로 고르면 entity 응답 패널이 물러난다
ok 1380 - 노드를 새로 고르면 entity 응답 패널이 물러난다
  ---
  duration_ms: 0.8123
  ...
# Subtest: 선택 해제가 entity 응답 패널을 닫는다
ok 1381 - 선택 해제가 entity 응답 패널을 닫는다
  ---
  duration_ms: 0.7039
  ...
# Subtest: 선택 해제는 노드를 고른 채로 조회했어도 선택까지 놓는다
ok 1382 - 선택 해제는 노드를 고른 채로 조회했어도 선택까지 놓는다
  ---
  duration_ms: 0.8869
  ...
# Subtest: normalizeProposal — 주체가 없으면 투자자 프로필이 암묵 주체다
ok 1383 - normalizeProposal — 주체가 없으면 투자자 프로필이 암묵 주체다
  ---
  duration_ms: 2.2018
  ...
# Subtest: normalizeProposal — 주체를 주면 그대로 남긴다
ok 1384 - normalizeProposal — 주체를 주면 그대로 남긴다
  ---
  duration_ms: 0.3139
  ...
# Subtest: normalizeProposal — 사전에 없는 관계는 원문 그대로 둔다(지어내지 않는다)
ok 1385 - normalizeProposal — 사전에 없는 관계는 원문 그대로 둔다(지어내지 않는다)
  ---
  duration_ms: 0.1926
  ...
# Subtest: normalizeProposal — 사전을 안 주거나 이상해도 던지지 않는다
ok 1386 - normalizeProposal — 사전을 안 주거나 이상해도 던지지 않는다
  ---
  duration_ms: 3.7629
  ...
# Subtest: normalizeProposal — 못 쓸 제안은 null이다(빈 카드를 띄우지 않는다)
ok 1387 - normalizeProposal — 못 쓸 제안은 null이다(빈 카드를 띄우지 않는다)
  ---
  duration_ms: 0.6001
  ...
# Subtest: normalizeProposal — 앞뒤 공백은 접는다
ok 1388 - normalizeProposal — 앞뒤 공백은 접는다
  ---
  duration_ms: 0.2595
  ...
# Subtest: isOp — 백엔드 graph_view_tools._EDIT_OPS와 같은 셋
ok 1389 - isOp — 백엔드 graph_view_tools._EDIT_OPS와 같은 셋
  ---
  duration_ms: 1.1523
  ...
# Subtest: proposalTitle — op마다 다른 것을 묻는다
ok 1390 - proposalTitle — op마다 다른 것을 묻는다
  ---
  duration_ms: 0.3163
  ...
# Subtest: proposalTitle — 주체가 있으면 방향을 적는다
ok 1391 - proposalTitle — 주체가 있으면 방향을 적는다
  ---
  duration_ms: 0.4543
  ...
# Subtest: proposalContext — 근거가 없으면 그 절을 안 붙인다
ok 1392 - proposalContext — 근거가 없으면 그 절을 안 붙인다
  ---
  duration_ms: 0.6227
  ...
# Subtest: proposalSentence — 적용은 제안대로 간다
ok 1393 - proposalSentence — 적용은 제안대로 간다
  ---
  duration_ms: 0.3177
  ...
# Subtest: proposalSentence — 거절은 반대 주장이 아니라 현재 상태 유지다
ok 1394 - proposalSentence — 거절은 반대 주장이 아니라 현재 상태 유지다
  ---
  duration_ms: 0.5418
  ...
# Subtest: proposalSentence — 건너뛰기는 아무것도 보내지 않는다(침묵을 답으로 굳히지 않는다)
ok 1395 - proposalSentence — 건너뛰기는 아무것도 보내지 않는다(침묵을 답으로 굳히지 않는다)
  ---
  duration_ms: 0.7827
  ...
# Subtest: CHOICES — 되물을 것들 카드와 같은 키 힌트를 쓴다
ok 1396 - CHOICES — 되물을 것들 카드와 같은 키 힌트를 쓴다
  ---
  duration_ms: 4.4346
  ...
# Subtest: normalizeProposal — relationId를 싣는다
ok 1397 - normalizeProposal — relationId를 싣는다
  ---
  duration_ms: 0.2093
  ...
# Subtest: normalizeProposal — relationId가 없거나 비면 null이다(예전 경로로 떨어진다)
ok 1398 - normalizeProposal — relationId가 없거나 비면 null이다(예전 경로로 떨어진다)
  ---
  duration_ms: 0.2024
  ...
# Subtest: normalizeProposal — subjectId·objectId를 싣는다
ok 1399 - normalizeProposal — subjectId·objectId를 싣는다
  ---
  duration_ms: 0.1671
  ...
# Subtest: normalizeProposal — id가 하나만 오면 그것만 남고 다른 쪽은 null이다
ok 1400 - normalizeProposal — id가 하나만 오면 그것만 남고 다른 쪽은 null이다
  ---
  duration_ms: 0.146
  ...
# Subtest: 모르는 값은 기본값으로 접힌다(설정 하나가 깨져도 화면은 열린다)
ok 1401 - 모르는 값은 기본값으로 접힌다(설정 하나가 깨져도 화면은 열린다)
  ---
  duration_ms: 2.1584
  ...
# Subtest: 보강 순은 백엔드 순서를 그대로 둔다
ok 1402 - 보강 순은 백엔드 순서를 그대로 둔다
  ---
  duration_ms: 1.7794
  ...
# Subtest: 최근 순은 관측 시각 내림차순이다
ok 1403 - 최근 순은 관측 시각 내림차순이다
  ---
  duration_ms: 0.4173
  ...
# Subtest: 시각을 못 읽는 항목은 맨 뒤로 간다(모르는 것을 최신으로 올리지 않는다)
ok 1404 - 시각을 못 읽는 항목은 맨 뒤로 간다(모르는 것을 최신으로 올리지 않는다)
  ---
  duration_ms: 0.2156
  ...
# Subtest: 원본 배열을 건드리지 않는다
ok 1405 - 원본 배열을 건드리지 않는다
  ---
  duration_ms: 1.1101
  ...
# Subtest: 기간 밖 엣지와 그 때문에 고립된 노드가 사라진다
ok 1406 - 기간 밖 엣지와 그 때문에 고립된 노드가 사라진다
  ---
  duration_ms: 0.8528
  ...
# Subtest: 기간이 넓어지면 오래된 연결이 돌아온다
ok 1407 - 기간이 넓어지면 오래된 연결이 돌아온다
  ---
  duration_ms: 0.3506
  ...
# Subtest: 차수는 걸러진 뒤 다시 센다(백엔드의 전체 기간 degree를 그대로 두지 않는다)
ok 1408 - 차수는 걸러진 뒤 다시 센다(백엔드의 전체 기간 degree를 그대로 두지 않는다)
  ---
  duration_ms: 0.2758
  ...
# Subtest: 최소 연결 수는 연쇄가 멈출 때까지 반복 적용된다
ok 1409 - 최소 연결 수는 연쇄가 멈출 때까지 반복 적용된다
  ---
  duration_ms: 0.6055
  ...
# Subtest: observed_at이 없는 엣지(구버전 backend)는 창 밖이라고 단정하지 않는다
ok 1410 - observed_at이 없는 엣지(구버전 backend)는 창 밖이라고 단정하지 않는다
  ---
  duration_ms: 0.5817
  ...
# Subtest: 빈 그래프는 그대로 돌려준다
ok 1411 - 빈 그래프는 그대로 돌려준다
  ---
  duration_ms: 0.2453
  ...
# Subtest: edge_details도 사라진 노드에 맞춰 걸러진다(패널 관계 목록이 유령 행을 안 만든다)
ok 1412 - edge_details도 사라진 노드에 맞춰 걸러진다(패널 관계 목록이 유령 행을 안 만든다)
  ---
  duration_ms: 0.2944
  ...
# Subtest: 칩 라벨이 Paper 문구 그대로다 — 연결 수 칩만 예외다
ok 1413 - 칩 라벨이 Paper 문구 그대로다 — 연결 수 칩만 예외다
  ---
  duration_ms: 0.1633
  ...
# Subtest: graph-mode-prefs가 허용하는 값과 여기 선택지가 정확히 같다
ok 1414 - graph-mode-prefs가 허용하는 값과 여기 선택지가 정확히 같다
  ---
  duration_ms: 1.7636
  ...
# Subtest: 저장소가 비어 있으면 기본값
ok 1415 - 저장소가 비어 있으면 기본값
  ---
  duration_ms: 3.8177
  ...
# Subtest: 저장소가 아예 없어도 터지지 않는다
ok 1416 - 저장소가 아예 없어도 터지지 않는다
  ---
  duration_ms: 0.4478
  ...
# Subtest: 저장한 값이 돌아온다
ok 1417 - 저장한 값이 돌아온다
  ---
  duration_ms: 2.3125
  ...
# Subtest: 깨진 JSON은 기본값으로 물러선다
ok 1418 - 깨진 JSON은 기본값으로 물러선다
  ---
  duration_ms: 0.391
  ...
# Subtest: 모르는 화면 이름은 거부된다
ok 1419 - 모르는 화면 이름은 거부된다
  ---
  duration_ms: 0.2411
  ...
# Subtest: 이름표 임계가 범위 안으로 접힌다
ok 1420 - 이름표 임계가 범위 안으로 접힌다
  ---
  duration_ms: 0.3371
  ...
# Subtest: 불리언이 아닌 강조 설정은 기본값
ok 1421 - 불리언이 아닌 강조 설정은 기본값
  ---
  duration_ms: 1.3785
  ...
# Subtest: 저장이 실패해도 이번 세션 값은 돌려준다
ok 1422 - 저장이 실패해도 이번 세션 값은 돌려준다
  ---
  duration_ms: 0.3124
  ...
# Subtest: 이름표는 노드가 임계 이하일 때만 붙는다
ok 1423 - 이름표는 노드가 임계 이하일 때만 붙는다
  ---
  duration_ms: 0.6614
  ...
# Subtest: 처음에는 요약 화면, 1단계다
ok 1424 - 처음에는 요약 화면, 1단계다
  ---
  duration_ms: 2.0177
  ...
# Subtest: 요약⇄그래프 토글
ok 1425 - 요약⇄그래프 토글
  ---
  duration_ms: 1.8156
  ...
# Subtest: 요약으로 나가면 펼침과 선택을 버린다
ok 1426 - 요약으로 나가면 펼침과 선택을 버린다
  ---
  duration_ms: 0.4405
  ...
# Subtest: 요약 화면에서는 펼칠 수 없다
ok 1427 - 요약 화면에서는 펼칠 수 없다
  ---
  duration_ms: 0.3214
  ...
# Subtest: 펼치고 접기
ok 1428 - 펼치고 접기
  ---
  duration_ms: 0.2138
  ...
# Subtest: 정수가 아닌 군집 번호는 무시한다
ok 1429 - 정수가 아닌 군집 번호는 무시한다
  ---
  duration_ms: 0.1735
  ...
# Subtest: 공통 패널은 단계와 무관하게 같은 방식으로 열린다
ok 1430 - 공통 패널은 단계와 무관하게 같은 방식으로 열린다
  ---
  duration_ms: 0.2876
  ...
# Subtest: 리비전이 바뀌면 펼침을 접는다
ok 1431 - 리비전이 바뀌면 펼침을 접는다
  ---
  duration_ms: 0.3341
  ...
# Subtest: 리비전이 그대로면 아무것도 버리지 않는다
ok 1432 - 리비전이 그대로면 아무것도 버리지 않는다
  ---
  duration_ms: 0.5968
  ...
# Subtest: 서브뷰는 요약·지도·수집노출 셋뿐이고 모르는 값은 무시된다(보드 05)
ok 1433 - 서브뷰는 요약·지도·수집노출 셋뿐이고 모르는 값은 무시된다(보드 05)
  ---
  duration_ms: 1.4783
  ...
# Subtest: 서브뷰 전환은 펼침·선택을 건드리지 않는다(같은 그래프를 다르게 보는 것뿐)
ok 1434 - 서브뷰 전환은 펼침·선택을 건드리지 않는다(같은 그래프를 다르게 보는 것뿐)
  ---
  duration_ms: 0.2915
  ...
# Subtest: 빈 배치에서도 보이는 것 계산이 터지지 않는다
ok 1435 - 빈 배치에서도 보이는 것 계산이 터지지 않는다
  ---
  duration_ms: 0.2744
  ...
# Subtest: setView(state, "agent")는 실제로 agent로 전이한다
ok 1436 - setView(state, "agent")는 실제로 agent로 전이한다
  ---
  duration_ms: 0.1497
  ...
# Subtest: VIEW_PLUGIN을 export하고 setView(state, "plugin")은 plugin으로 전이한다
ok 1437 - VIEW_PLUGIN을 export하고 setView(state, "plugin")은 plugin으로 전이한다
  ---
  duration_ms: 0.0908
  ...
# Subtest: VIEW_BACKTEST를 export하고 setView(state, "backtest")는 backtest로 전이한다(D4, 5번째 모드)
ok 1438 - VIEW_BACKTEST를 export하고 setView(state, "backtest")는 backtest로 전이한다(D4, 5번째 모드)
  ---
  duration_ms: 0.0778
  ...
# Subtest: setView는 summary⇄agent⇄graph 어느 방향으로도 직접 전이한다
ok 1439 - setView는 summary⇄agent⇄graph 어느 방향으로도 직접 전이한다
  ---
  duration_ms: 0.0918
  ...
# Subtest: setView는 그래프를 떠날 때(목적지가 agent여도) 펼침·선택을 버린다
ok 1440 - setView는 그래프를 떠날 때(목적지가 agent여도) 펼침·선택을 버린다
  ---
  duration_ms: 0.1155
  ...
# Subtest: setView는 모르는 view 값을 무시하고 같은 상태를 돌려준다
ok 1441 - setView는 모르는 view 값을 무시하고 같은 상태를 돌려준다
  ---
  duration_ms: 0.0807
  ...
# Subtest: setView는 같은 view로 부르면 같은 객체를 돌려준다(헛된 다시 그리기 없음)
ok 1442 - setView는 같은 view로 부르면 같은 객체를 돌려준다(헛된 다시 그리기 없음)
  ---
  duration_ms: 0.0689
  ...
# Subtest: toggleView는 agent 상태에서 no-op이다(agent에서 요약·그래프로 토글할 근거가 없다)
ok 1443 - toggleView는 agent 상태에서 no-op이다(agent에서 요약·그래프로 토글할 근거가 없다)
  ---
  duration_ms: 0.0688
  ...
# Subtest: toggleView는 plugin 상태에서도 no-op이다
ok 1444 - toggleView는 plugin 상태에서도 no-op이다
  ---
  duration_ms: 0.0641
  ...
# Subtest: toggleView는 agent가 추가된 뒤에도 여전히 summary⇄graph 2값만 순환한다
ok 1445 - toggleView는 agent가 추가된 뒤에도 여전히 summary⇄graph 2값만 순환한다
  ---
  duration_ms: 0.0766
  ...
# Subtest: renderHiddenLinks — 개체명 쌍과 kinds 조인 텍스트를 그린다
ok 1446 - renderHiddenLinks — 개체명 쌍과 kinds 조인 텍스트를 그린다
  ---
  duration_ms: 6.009
  ...
# Subtest: renderHiddenLinks — 배지는 자리 순위이고 점수 숫자가 아니다
ok 1447 - renderHiddenLinks — 배지는 자리 순위이고 점수 숫자가 아니다
  ---
  duration_ms: 0.9788
  ...
# Subtest: renderHiddenLinks — 순위는 surprise_score가 없어도 붙는다
ok 1448 - renderHiddenLinks — 순위는 surprise_score가 없어도 붙는다
  ---
  duration_ms: 2.0164
  ...
# Subtest: renderHiddenLinks — 관계명을 한글 사전으로 바꿔 적는다
ok 1449 - renderHiddenLinks — 관계명을 한글 사전으로 바꿔 적는다
  ---
  duration_ms: 0.9179
  ...
# Subtest: renderHiddenLinks — 사전을 안 주면 원문을 그대로 둔다
ok 1450 - renderHiddenLinks — 사전을 안 주면 원문을 그대로 둔다
  ---
  duration_ms: 0.4453
  ...
# Subtest: renderHiddenLinks — 잘렸으면 모수를 밝히고, 안 잘렸으면 안 밝힌다
ok 1451 - renderHiddenLinks — 잘렸으면 모수를 밝히고, 안 잘렸으면 안 밝힌다
  ---
  duration_ms: 1.477
  ...
# Subtest: renderHiddenLinks — name이 없으면 entity_id로 대체한다
ok 1452 - renderHiddenLinks — name이 없으면 entity_id로 대체한다
  ---
  duration_ms: 0.3596
  ...
# Subtest: renderHiddenLinks — kinds가 없으면(빈 배열) 설명 칸은 빈 문자열(지어내지 않는다)
ok 1453 - renderHiddenLinks — kinds가 없으면(빈 배열) 설명 칸은 빈 문자열(지어내지 않는다)
  ---
  duration_ms: 0.4973
  ...
# Subtest: renderHiddenLinks — 헤더("숨은 연관"+부제)가 붙는다
ok 1454 - renderHiddenLinks — 헤더("숨은 연관"+부제)가 붙는다
  ---
  duration_ms: 0.7309
  ...
# Subtest: renderHiddenLinks — limit을 넘는 항목은 안 그린다(기본 3개)
ok 1455 - renderHiddenLinks — limit을 넘는 항목은 안 그린다(기본 3개)
  ---
  duration_ms: 0.5706
  ...
# Subtest: renderHiddenLinks — 항목이 없으면 아예 안 그린다(§0 정직한 빈 데이터)
ok 1456 - renderHiddenLinks — 항목이 없으면 아예 안 그린다(§0 정직한 빈 데이터)
  ---
  duration_ms: 0.2311
  ...
# Subtest: renderHiddenLinks — 컨테이너가 없으면 조용히 넘어간다
ok 1457 - renderHiddenLinks — 컨테이너가 없으면 조용히 넘어간다
  ---
  duration_ms: 0.2139
  ...
# Subtest: renderHiddenLinks — 다시 그리면 이전 내용을 지운다
ok 1458 - renderHiddenLinks — 다시 그리면 이전 내용을 지운다
  ---
  duration_ms: 0.465
  ...
# Subtest: 핑크 점선은 숨은 연관 상위 3쌍에만 붙는다
ok 1459 - 핑크 점선은 숨은 연관 상위 3쌍에만 붙는다
  ---
  duration_ms: 3.7394
  ...
# Subtest: 군집을 넘어도 상위 3건 밖이면 확정성 색이다
ok 1460 - 군집을 넘어도 상위 3건 밖이면 확정성 색이다
  ---
  duration_ms: 0.6268
  ...
# Subtest: 툴팁의 · 숨은 연관도 같은 셋에만 붙는다
ok 1461 - 툴팁의 · 숨은 연관도 같은 셋에만 붙는다
  ---
  duration_ms: 0.3513
  ...
# Subtest: 넘겨준 쌍이 없으면 강조가 하나도 없다 — 숨은 연관을 아직 못 받은 상태
ok 1462 - 넘겨준 쌍이 없으면 강조가 하나도 없다 — 숨은 연관을 아직 못 받은 상태
  ---
  duration_ms: 2.9918
  ...
# Subtest: 쌍의 방향은 가리지 않는다 — 요약이 반대로 준 쌍도 같은 엣지를 가리킨다
ok 1463 - 쌍의 방향은 가리지 않는다 — 요약이 반대로 준 쌍도 같은 엣지를 가리킨다
  ---
  duration_ms: 0.7807
  ...
# Subtest: nodeFill — 사실은 군집색으로 채운다
ok 1464 - nodeFill — 사실은 군집색으로 채운다
  ---
  duration_ms: 0.3598
  ...
# Subtest: nodeFill — 불확실은 군집색을 지키고 주황 테두리로 말한다
ok 1465 - nodeFill — 불확실은 군집색을 지키고 주황 테두리로 말한다
  ---
  duration_ms: 0.412
  ...
# Subtest: nodeFill — 모름은 채우지 않는다, 군집색은 테두리에 남는다
ok 1466 - nodeFill — 모름은 채우지 않는다, 군집색은 테두리에 남는다
  ---
  duration_ms: 0.191
  ...
# Subtest: signatureOf — 티어가 바뀌면 지도를 다시 그린다
ok 1467 - signatureOf — 티어가 바뀌면 지도를 다시 그린다
  ---
  duration_ms: 1.1146
  ...
# Subtest: certaintyOfEntry — 체결·잔고발 사실만 사실이다
ok 1468 - certaintyOfEntry — 체결·잔고발 사실만 사실이다
  ---
  duration_ms: 4.8377
  ...
# Subtest: certaintyOfEntry — 애매하다고 기록된 것은 불확실이다
ok 1469 - certaintyOfEntry — 애매하다고 기록된 것은 불확실이다
  ---
  duration_ms: 0.8964
  ...
# Subtest: certaintyOfEntry — 신호가 없으면 모름이다
ok 1470 - certaintyOfEntry — 신호가 없으면 모름이다
  ---
  duration_ms: 1.6029
  ...
# Subtest: certaintyByEntity — 한 엔티티에 여러 줄이면 불확실이 이긴다
ok 1471 - certaintyByEntity — 한 엔티티에 여러 줄이면 불확실이 이긴다
  ---
  duration_ms: 0.8748
  ...
# Subtest: certaintyByEntity — 신호에 없는 노드는 지도가 모름으로 읽는다
ok 1472 - certaintyByEntity — 신호에 없는 노드는 지도가 모름으로 읽는다
  ---
  duration_ms: 0.2923
  ...
# Subtest: renderMapLegend — 보드 03·04의 여섯 줄과 보드 07의 채움 세 칸을 그린다
ok 1473 - renderMapLegend — 보드 03·04의 여섯 줄과 보드 07의 채움 세 칸을 그린다
  ---
  duration_ms: 4.0566
  ...
# Subtest: renderMapLegend — 군집 색 표식은 지도가 쓴 군집 수만큼이다
ok 1474 - renderMapLegend — 군집 색 표식은 지도가 쓴 군집 수만큼이다
  ---
  duration_ms: 1.7558
  ...
# Subtest: renderMapLegend — 확정 이름이 아니면 캡션이 한 번만 붙는다
ok 1475 - renderMapLegend — 확정 이름이 아니면 캡션이 한 번만 붙는다
  ---
  duration_ms: 0.4314
  ...
# Subtest: renderMapLegend — 확정 이름이면 캡션이 없다
ok 1476 - renderMapLegend — 확정 이름이면 캡션이 없다
  ---
  duration_ms: 0.6206
  ...
# Subtest: renderMapLegend — 다시 그려도 쌓이지 않는다
ok 1477 - renderMapLegend — 다시 그려도 쌓이지 않는다
  ---
  duration_ms: 0.8688
  ...
# Subtest: 표를 두 번 load()해도 \#graphPanel이 부모(\#graphSummaryBody)에서 안 떨어진다
ok 1478 - 표를 두 번 load()해도 \#graphPanel이 부모(\#graphSummaryBody)에서 안 떨어진다
  ---
  duration_ms: 10.3391
  ...
# Subtest: 행 선택 후 표를 리로드해도 패널 선택 상태가 유지된다
ok 1479 - 행 선택 후 표를 리로드해도 패널 선택 상태가 유지된다
  ---
  duration_ms: 4.2289
  ...
# Subtest: 행마다 대상·관계·근거·보강이 그려진다
ok 1480 - 행마다 대상·관계·근거·보강이 그려진다
  ---
  duration_ms: 6.5615
  ...
# Subtest: entity_id가 없는 항목은 건너뛴다
ok 1481 - entity_id가 없는 항목은 건너뛴다
  ---
  duration_ms: 4.9561
  ...
# Subtest: 근거(rationale)가 null이면 빈 칸이지 지어낸 문구가 아니다
ok 1482 - 근거(rationale)가 null이면 빈 칸이지 지어낸 문구가 아니다
  ---
  duration_ms: 3.0507
  ...
# Subtest: 보강 수는 그대로 문자열로 나온다
ok 1483 - 보강 수는 그대로 문자열로 나온다
  ---
  duration_ms: 1.1275
  ...
# Subtest: 다시 그리면 이전 내용을 지운다
ok 1484 - 다시 그리면 이전 내용을 지운다
  ---
  duration_ms: 1.1659
  ...
# Subtest: 빈 목록도 터지지 않는다 — 표 대신 성향 축적 히어로가 선다
ok 1485 - 빈 목록도 터지지 않는다 — 표 대신 성향 축적 히어로가 선다
  ---
  duration_ms: 1.748
  ...
# Subtest: 컨테이너가 없으면 조용히 넘어간다
ok 1486 - 컨테이너가 없으면 조용히 넘어간다
  ---
  duration_ms: 0.412
  ...
# Subtest: 접근성 요약이 붙는다
ok 1487 - 접근성 요약이 붙는다
  ---
  duration_ms: 1.4443
  ...
# Subtest: dotClass — 사실+체결기반(EXTRACTED+deterministic)만 채움 검정
ok 1488 - dotClass — 사실+체결기반(EXTRACTED+deterministic)만 채움 검정
  ---
  duration_ms: 0.3939
  ...
# Subtest: dotClass — 불확실(AMBIGUOUS)은 tier와 무관하게 채움 주황
ok 1489 - dotClass — 불확실(AMBIGUOUS)은 tier와 무관하게 채움 주황
  ---
  duration_ms: 0.369
  ...
# Subtest: dotClass — 나머지(추론, 또는 사실이지만 대화 출처)는 테두리만
ok 1490 - dotClass — 나머지(추론, 또는 사실이지만 대화 출처)는 테두리만
  ---
  duration_ms: 0.2155
  ...
# Subtest: renderRow — 출처 열은 tier를 한글로 번역한다(entry.source 필드가 없어도)
ok 1491 - renderRow — 출처 열은 tier를 한글로 번역한다(entry.source 필드가 없어도)
  ---
  duration_ms: 0.5814
  ...
# Subtest: relativeDaysText — 일/주 단위로 상대 시간을 낸다
ok 1492 - relativeDaysText — 일/주 단위로 상대 시간을 낸다
  ---
  duration_ms: 0.2894
  ...
# Subtest: relativeDaysText — 파싱 불가면 빈 문자열
ok 1493 - relativeDaysText — 파싱 불가면 빈 문자열
  ---
  duration_ms: 0.1972
  ...
# Subtest: renderSummaryTable — 열 머리글 행(아이콘+6열)이 붙는다
ok 1494 - renderSummaryTable — 열 머리글 행(아이콘+6열)이 붙는다
  ---
  duration_ms: 1.1863
  ...
# Subtest: renderSummaryTable — 섹션 헤더("성향 신호"+"상위 N")가 붙고 "전체 M개"는 없다(총건수 필드가 없다)
ok 1495 - renderSummaryTable — 섹션 헤더("성향 신호"+"상위 N")가 붙고 "전체 M개"는 없다(총건수 필드가 없다)
  ---
  duration_ms: 0.7386
  ...
# Subtest: computeConfidenceBreakdown — confidence 3종 카운트를 %로 반올림한다
ok 1496 - computeConfidenceBreakdown — confidence 3종 카운트를 %로 반올림한다
  ---
  duration_ms: 0.4428
  ...
# Subtest: computeConfidenceBreakdown — 빈 목록·인식 못 하는 confidence는 total 0
ok 1497 - computeConfidenceBreakdown — 빈 목록·인식 못 하는 confidence는 total 0
  ---
  duration_ms: 0.38
  ...
# Subtest: renderSummaryHero — entries가 있으면 라벨과 %를 그린다
ok 1498 - renderSummaryHero — entries가 있으면 라벨과 %를 그린다
  ---
  duration_ms: 0.5805
  ...
# Subtest: renderSummaryHero — scope를 주면 "테마 군집 N개 · 성향 신호 M개" 부제가 붙는다(보드 01)
ok 1499 - renderSummaryHero — scope를 주면 "테마 군집 N개 · 성향 신호 M개" 부제가 붙는다(보드 01)
  ---
  duration_ms: 0.3834
  ...
# Subtest: renderSummaryHero — 셀 수 없는 절은 빠지고, 둘 다 없으면 부제 자체가 없다(§0 정책)
ok 1500 - renderSummaryHero — 셀 수 없는 절은 빠지고, 둘 다 없으면 부제 자체가 없다(§0 정책)
  ---
  duration_ms: 0.4997
  ...
# Subtest: renderSummaryHero — confidence_counts가 오면 창 전체 분포를 쓴다(상위 N 표본이 아니다)
ok 1501 - renderSummaryHero — confidence_counts가 오면 창 전체 분포를 쓴다(상위 N 표본이 아니다)
  ---
  duration_ms: 1.2834
  ...
# Subtest: renderSummaryHero — 항목이 없으면 아예 안 그린다(§0 정직한 빈 데이터)
ok 1502 - renderSummaryHero — 항목이 없으면 아예 안 그린다(§0 정직한 빈 데이터)
  ---
  duration_ms: 0.3672
  ...
# Subtest: renderSummaryHero — 다시 부르면 이전 내용을 지운다
ok 1503 - renderSummaryHero — 다시 부르면 이전 내용을 지운다
  ---
  duration_ms: 0.3177
  ...
# Subtest: renderConfirmBanner — 개수가 있으면 그리고 hidden을 푼다
ok 1504 - renderConfirmBanner — 개수가 있으면 그리고 hidden을 푼다
  ---
  duration_ms: 0.58
  ...
# Subtest: renderConfirmBanner — CTA 클릭이 건수를 함께 넘긴다
ok 1505 - renderConfirmBanner — CTA 클릭이 건수를 함께 넘긴다
  ---
  duration_ms: 0.8028
  ...
# Subtest: renderConfirmBanner — 0/null/undefined면 배너를 숨긴다("0건"은 모순)
ok 1506 - renderConfirmBanner — 0/null/undefined면 배너를 숨긴다("0건"은 모순)
  ---
  duration_ms: 0.3268
  ...
# Subtest: load()가 성향 신호를 그린다
ok 1507 - load()가 성향 신호를 그린다
  ---
  duration_ms: 1.1788
  ...
# Subtest: limit이 fetchProfileSummary로 그대로 전달된다(필터 미주입이면 windowDays는 안 정한다)
ok 1508 - limit이 fetchProfileSummary로 그대로 전달된다(필터 미주입이면 windowDays는 안 정한다)
  ---
  duration_ms: 1.4173
  ...
# Subtest: 필터가 주입되면 기간이 백엔드 요청에 실리고 정렬이 표에 적용된다(보드 01 필터 칩)
ok 1509 - 필터가 주입되면 기간이 백엔드 요청에 실리고 정렬이 표에 적용된다(보드 01 필터 칩)
  ---
  duration_ms: 2.9615
  ...
# Subtest: 보강 순이면 백엔드가 준 순서를 그대로 둔다(같은 값을 두 번 정렬하지 않는다)
ok 1510 - 보강 순이면 백엔드가 준 순서를 그대로 둔다(같은 값을 두 번 정렬하지 않는다)
  ---
  duration_ms: 0.7101
  ...
# Subtest: 응답에 total이 있으면 "전체 N개"가 붙고, 없으면 안 붙는다(§0 정책)
ok 1511 - 응답에 total이 있으면 "전체 N개"가 붙고, 없으면 안 붙는다(§0 정책)
  ---
  duration_ms: 0.7851
  ...
# Subtest: total이 보이는 행 수와 같으면 "전체 N개"를 안 붙인다(같은 수를 두 번 말하지 않는다)
ok 1512 - total이 보이는 행 수와 같으면 "전체 N개"를 안 붙인다(같은 수를 두 번 말하지 않는다)
  ---
  duration_ms: 1.1824
  ...
# Subtest: 행을 클릭하면 selectEntity가 실재 필드로만 채운 panelData로 불린다
ok 1513 - 행을 클릭하면 selectEntity가 실재 필드로만 채운 panelData로 불린다
  ---
  duration_ms: 1.0137
  ...
# Subtest: 같은 엔티티에 출처가 둘이면 panelData.sources가 둘 다 싣는다(보드 02 티어 대조)
ok 1514 - 같은 엔티티에 출처가 둘이면 panelData.sources가 둘 다 싣는다(보드 02 티어 대조)
  ---
  duration_ms: 0.8173
  ...
# Subtest: 보강이 최대가 아니면 isStrongest가 false다(없는 최상급을 붙이지 않는다)
ok 1515 - 보강이 최대가 아니면 isStrongest가 false다(없는 최상급을 붙이지 않는다)
  ---
  duration_ms: 1.0953
  ...
# Subtest: getEntries()는 load() 전엔 빈 배열, 후엔 같은 entries를 그대로 돌려준다(스텝14, controller.js 재사용용)
ok 1516 - getEntries()는 load() 전엔 빈 배열, 후엔 같은 entries를 그대로 돌려준다(스텝14, controller.js 재사용용)
  ---
  duration_ms: 1.1027
  ...
# Subtest: 백엔드가 죽으면 빈 표를 그리고 오류를 삼키지 않는다
ok 1517 - 백엔드가 죽으면 빈 표를 그리고 오류를 삼키지 않는다
  ---
  duration_ms: 0.4112
  ...
# Subtest: ok:false 응답도 오류로 다룬다
ok 1518 - ok:false 응답도 오류로 다룬다
  ---
  duration_ms: 0.2623
  ...
# Subtest: 다시 load()하면 표가 새로 그려진다(쌓이지 않는다)
ok 1519 - 다시 load()하면 표가 새로 그려진다(쌓이지 않는다)
  ---
  duration_ms: 0.5448
  ...
# Subtest: load()가 같은 entries로 히어로도 채운다
ok 1520 - load()가 같은 entries로 히어로도 채운다
  ---
  duration_ms: 0.5238
  ...
# Subtest: load()가 fetchSuggestedQuestions로 확인 필요 배너를 채운다
ok 1521 - load()가 fetchSuggestedQuestions로 확인 필요 배너를 채운다
  ---
  duration_ms: 0.4923
  ...
# Subtest: fetchSuggestedQuestions가 없거나 실패해도 표 렌더 자체는 안 막힌다
ok 1522 - fetchSuggestedQuestions가 없거나 실패해도 표 렌더 자체는 안 막힌다
  ---
  duration_ms: 0.5763
  ...
# Subtest: 백엔드가 죽어도 히어로는 빈 데이터로 정리된다(잔재 없음)
ok 1523 - 백엔드가 죽어도 히어로는 빈 데이터로 정리된다(잔재 없음)
  ---
  duration_ms: 0.5094
  ...
# Subtest: 요약 표가 0건이면 성향 축적 히어로를 그린다 — 백지로 두지 않는다
ok 1524 - 요약 표가 0건이면 성향 축적 히어로를 그린다 — 백지로 두지 않는다
  ---
  duration_ms: 0.5398
  ...
# Subtest: 요약 표가 1건 이상이면 히어로 대신 표가 선다
ok 1525 - 요약 표가 1건 이상이면 히어로 대신 표가 선다
  ---
  duration_ms: 0.3649
  ...
# Subtest: 히어로 수치는 실측이 있을 때만 붙는다 — 0을 지어내지 않는다
ok 1526 - 히어로 수치는 실측이 있을 때만 붙는다 — 0을 지어내지 않는다
  ---
  duration_ms: 0.4576
  ...
# Subtest: 표를 불러오지 못하면 히어로 대신 실패 안내가 선다 — 없는 것과 못 읽은 것은 다르다
ok 1527 - 표를 불러오지 못하면 히어로 대신 실패 안내가 선다 — 없는 것과 못 읽은 것은 다르다
  ---
  duration_ms: 0.466
  ...
# Subtest: groupThemeClusters — 군집별 size가 projectPayload와 일치한다
ok 1528 - groupThemeClusters — 군집별 size가 projectPayload와 일치한다
  ---
  duration_ms: 21.1921
  ...
# Subtest: groupThemeClusters — 이름은 항상 null이다(§0 발견1, 이름 파이프라인 없음)
ok 1529 - groupThemeClusters — 이름은 항상 null이다(§0 발견1, 이름 파이프라인 없음)
  ---
  duration_ms: 0.6006
  ...
# Subtest: groupThemeClusters — -1(미분류)은 테마 군집이 아니라 제외한다
ok 1530 - groupThemeClusters — -1(미분류)은 테마 군집이 아니라 제외한다
  ---
  duration_ms: 0.8865
  ...
# Subtest: groupThemeClusters — 노드가 없으면 빈 배열
ok 1531 - groupThemeClusters — 노드가 없으면 빈 배열
  ---
  duration_ms: 1.4091
  ...
# Subtest: groupThemeClusters — cluster_cohesion이 있으면 통과시키고, 없으면 undefined
ok 1532 - groupThemeClusters — cluster_cohesion이 있으면 통과시키고, 없으면 undefined
  ---
  duration_ms: 0.6
  ...
# Subtest: groupThemeClusters — 대표는 지도와 같은 규칙(최대 차수)으로 고른 멤버 이름이다
ok 1533 - groupThemeClusters — 대표는 지도와 같은 규칙(최대 차수)으로 고른 멤버 이름이다
  ---
  duration_ms: 0.3742
  ...
# Subtest: groupThemeClusters — representative가 있어도 name은 여전히 null이다(§0 발견1, 별도 필드)
ok 1534 - groupThemeClusters — representative가 있어도 name은 여전히 null이다(§0 발견1, 별도 필드)
  ---
  duration_ms: 10.9997
  ...
# Subtest: shouldWarnUnnamed — 0/N(전부 무명)이면 경고 미적용
ok 1535 - shouldWarnUnnamed — 0/N(전부 무명)이면 경고 미적용
  ---
  duration_ms: 0.928
  ...
# Subtest: shouldWarnUnnamed — N/N(전부 유명)이면 경고 미적용
ok 1536 - shouldWarnUnnamed — N/N(전부 유명)이면 경고 미적용
  ---
  duration_ms: 0.5108
  ...
# Subtest: shouldWarnUnnamed — 0 < named < total(부분 무명)이면 경고 적용
ok 1537 - shouldWarnUnnamed — 0 < named < total(부분 무명)이면 경고 적용
  ---
  duration_ms: 0.6387
  ...
# Subtest: renderThemeClusters — 단서가 하나도 없으면 "이름 없는 군집"으로 떨어지고 종목수를 그린다
ok 1538 - renderThemeClusters — 단서가 하나도 없으면 "이름 없는 군집"으로 떨어지고 종목수를 그린다
  ---
  duration_ms: 2.1055
  ...
# Subtest: renderThemeClusters — 항목이 없으면 아예 안 그린다(§0 정직한 빈 데이터)
ok 1539 - renderThemeClusters — 항목이 없으면 아예 안 그린다(§0 정직한 빈 데이터)
  ---
  duration_ms: 0.2985
  ...
# Subtest: renderThemeClusters — 헤더가 "N개 중 가장 큰 M개"라고 밝힌다(limit 적용)
ok 1540 - renderThemeClusters — 헤더가 "N개 중 가장 큰 M개"라고 밝힌다(limit 적용)
  ---
  duration_ms: 0.4322
  ...
# Subtest: renderThemeClusters — 큰 군집부터 남는다(id 순이 아니다)
ok 1541 - renderThemeClusters — 큰 군집부터 남는다(id 순이 아니다)
  ---
  duration_ms: 2.8519
  ...
# Subtest: renderThemeClusters — 크기가 같으면 군집 id 순으로 결정적이다
ok 1542 - renderThemeClusters — 크기가 같으면 군집 id 순으로 결정적이다
  ---
  duration_ms: 0.6739
  ...
# Subtest: renderThemeClusters — cohesion이 있으면 진행바·수치를 그린다
ok 1543 - renderThemeClusters — cohesion이 있으면 진행바·수치를 그린다
  ---
  duration_ms: 0.6772
  ...
# Subtest: renderThemeClusters — cohesion이 없으면(undefined) 진행바·수치를 생략한다
ok 1544 - renderThemeClusters — cohesion이 없으면(undefined) 진행바·수치를 생략한다
  ---
  duration_ms: 0.4187
  ...
# Subtest: renderThemeClusters — 이름이 없으면 대표 이름이 제목이 되고 톤으로 추정임을 신호한다
ok 1545 - renderThemeClusters — 이름이 없으면 대표 이름이 제목이 되고 톤으로 추정임을 신호한다
  ---
  duration_ms: 2.12
  ...
# Subtest: renderThemeClusters — representative가 없으면(undefined, 구버전 backend) 서브텍스트를 생략한다
ok 1546 - renderThemeClusters — representative가 없으면(undefined, 구버전 backend) 서브텍스트를 생략한다
  ---
  duration_ms: 0.4093
  ...
# Subtest: renderThemeClusters — 대표 이름을 써도 경고 판정은 여전히 name 유무로만 갈린다
ok 1547 - renderThemeClusters — 대표 이름을 써도 경고 판정은 여전히 name 유무로만 갈린다
  ---
  duration_ms: 0.3857
  ...
# Subtest: renderThemeClusters — 0/N(전부 무명)이면 경고 클래스가 안 붙는다
ok 1548 - renderThemeClusters — 0/N(전부 무명)이면 경고 클래스가 안 붙는다
  ---
  duration_ms: 0.3982
  ...
# Subtest: renderThemeClusters — 부분 무명(모의 데이터)이면 무명 카드에만 경고 클래스가 붙는다
ok 1549 - renderThemeClusters — 부분 무명(모의 데이터)이면 무명 카드에만 경고 클래스가 붙는다
  ---
  duration_ms: 0.4022
  ...
# Subtest: renderThemeClusters — 컨테이너가 없으면 조용히 넘어간다
ok 1550 - renderThemeClusters — 컨테이너가 없으면 조용히 넘어간다
  ---
  duration_ms: 0.3307
  ...
# Subtest: renderThemeClusters — 다시 그리면 이전 내용을 지운다
ok 1551 - renderThemeClusters — 다시 그리면 이전 내용을 지운다
  ---
  duration_ms: 0.4294
  ...
# Subtest: groupThemeClusters — cluster_ai_labels가 있으면 aiLabel로 통과시키고, 없으면 undefined
ok 1552 - groupThemeClusters — cluster_ai_labels가 있으면 aiLabel로 통과시키고, 없으면 undefined
  ---
  duration_ms: 0.4406
  ...
# Subtest: renderThemeClusters — aiLabel이 대표 이름보다 앞선다(더 의미적인 단서다)
ok 1553 - renderThemeClusters — aiLabel이 대표 이름보다 앞선다(더 의미적인 단서다)
  ---
  duration_ms: 0.3958
  ...
# Subtest: renderThemeClusters — aiLabel이 있어도 확정 이름으로 승격되지 않는다
ok 1554 - renderThemeClusters — aiLabel이 있어도 확정 이름으로 승격되지 않는다
  ---
  duration_ms: 0.2968
  ...
# Subtest: renderThemeClusters — 확정 이름과 추정이 섞이면 추정 카드에만 배지가 붙는다
ok 1555 - renderThemeClusters — 확정 이름과 추정이 섞이면 추정 카드에만 배지가 붙는다
  ---
  duration_ms: 0.3461
  ...
# Subtest: guardValueText: 4필드 각각 사람이 읽는 문구로 바꾼다
ok 1556 - guardValueText: 4필드 각각 사람이 읽는 문구로 바꾼다
  ---
  duration_ms: 1.8093
  ...
# Subtest: guardValueText: 꺼진 값은 "끔"으로 정확히 반영한다(지어내지 않는다)
ok 1557 - guardValueText: 꺼진 값은 "끔"으로 정확히 반영한다(지어내지 않는다)
  ---
  duration_ms: 0.2719
  ...
# Subtest: mergeGuardSettings: proposed가 채운 필드만 덮어쓰고 나머지는 current를 유지한다
ok 1558 - mergeGuardSettings: proposed가 채운 필드만 덮어쓰고 나머지는 current를 유지한다
  ---
  duration_ms: 0.2309
  ...
# Subtest: mergeGuardSettings: quiet_hours는 필드별로 병합한다 — start만 바뀌어도 end가 안 날아간다
ok 1559 - mergeGuardSettings: quiet_hours는 필드별로 병합한다 — start만 바뀌어도 end가 안 날아간다
  ---
  duration_ms: 0.2627
  ...
# Subtest: diffGuardFields: proposed에 없는 필드는 바뀌지 않았으므로 목록에서 빠진다
ok 1560 - diffGuardFields: proposed에 없는 필드는 바뀌지 않았으므로 목록에서 빠진다
  ---
  duration_ms: 1.0386
  ...
# Subtest: diffGuardFields: proposed에 있어도 값이 실제로 같으면(재확인) 목록에서 빠진다
ok 1561 - diffGuardFields: proposed에 있어도 값이 실제로 같으면(재확인) 목록에서 빠진다
  ---
  duration_ms: 1.1527
  ...
# Subtest: diffGuardFields: 여러 필드가 동시에 바뀌면 전부 담는다
ok 1562 - diffGuardFields: 여러 필드가 동시에 바뀌면 전부 담는다
  ---
  duration_ms: 0.3557
  ...
# Subtest: guardConfirmBodyText: 필드 1개 변경 — "라벨 현재값 → 제안값로 바꿀까요?"
ok 1563 - guardConfirmBodyText: 필드 1개 변경 — "라벨 현재값 → 제안값로 바꿀까요?"
  ---
  duration_ms: 0.2351
  ...
# Subtest: guardConfirmBodyText: 필드 2개 변경 — " · "로 이어붙인다
ok 1564 - guardConfirmBodyText: 필드 2개 변경 — " · "로 이어붙인다
  ---
  duration_ms: 0.4281
  ...
# Subtest: guardConfirmBodyText: 실제로 값이 안 바뀌면 정직하게 "바뀌는 게 없다"고 말한다(P3)
ok 1565 - guardConfirmBodyText: 실제로 값이 안 바뀌면 정직하게 "바뀌는 게 없다"고 말한다(P3)
  ---
  duration_ms: 0.4877
  ...
# Subtest: guardConfirmRationale: 이 턴을 촉발한 사용자 문구를 그대로 인용한다(지어낸 통계 없음, P3)
ok 1566 - guardConfirmRationale: 이 턴을 촉발한 사용자 문구를 그대로 인용한다(지어낸 통계 없음, P3)
  ---
  duration_ms: 0.2591
  ...
# Subtest: guardConfirmRationale: 40자를 넘으면 잘라서 말줄임표를 붙인다
ok 1567 - guardConfirmRationale: 40자를 넘으면 잘라서 말줄임표를 붙인다
  ---
  duration_ms: 0.1872
  ...
# Subtest: guardConfirmRationale: 문구가 없으면 정직한 대체 문구를 쓴다(빈 인용부호를 보여주지 않는다)
ok 1568 - guardConfirmRationale: 문구가 없으면 정직한 대체 문구를 쓴다(빈 인용부호를 보여주지 않는다)
  ---
  duration_ms: 0.1142
  ...
# Subtest: appendSaveFailedBadge: 문서에 안 붙은 줄(isConnected:false)에는 아무것도 안 붙인다
ok 1569 - appendSaveFailedBadge: 문서에 안 붙은 줄(isConnected:false)에는 아무것도 안 붙인다
  ---
  duration_ms: 1.985
  ...
# Subtest: appendSaveFailedBadge: .turn-meta가 없으면 새로 만들고 배지를 그 안에 넣는다
ok 1570 - appendSaveFailedBadge: .turn-meta가 없으면 새로 만들고 배지를 그 안에 넣는다
  ---
  duration_ms: 0.4322
  ...
# Subtest: appendSaveFailedBadge: 이미 .turn-meta(트레이스 라인)가 있으면 그 안에 부속으로 붙인다 — 중복 meta 없음
ok 1571 - appendSaveFailedBadge: 이미 .turn-meta(트레이스 라인)가 있으면 그 안에 부속으로 붙인다 — 중복 meta 없음
  ---
  duration_ms: 1.2984
  ...
# Subtest: createSaveFailedRouter: role:user 실패는 startTurn에서 지정한 질문 줄에 바로 붙는다
ok 1572 - createSaveFailedRouter: role:user 실패는 startTurn에서 지정한 질문 줄에 바로 붙는다
  ---
  duration_ms: 0.7055
  ...
# Subtest: createSaveFailedRouter: role:assistant 실패가 setAssistantLine보다 먼저 오면 pending으로 흡수했다가 나중에 붙인다
ok 1573 - createSaveFailedRouter: role:assistant 실패가 setAssistantLine보다 먼저 오면 pending으로 흡수했다가 나중에 붙인다
  ---
  duration_ms: 0.2397
  ...
# Subtest: createSaveFailedRouter: role:assistant 실패가 setAssistantLine 이후에 오면 바로 그 줄에 붙는다
ok 1574 - createSaveFailedRouter: role:assistant 실패가 setAssistantLine 이후에 오면 바로 그 줄에 붙는다
  ---
  duration_ms: 0.3699
  ...
# Subtest: createSaveFailedRouter: startTurn이 새 턴을 시작하면 이전 턴의 pending/참조를 리셋한다
ok 1575 - createSaveFailedRouter: startTurn이 새 턴을 시작하면 이전 턴의 pending/참조를 리셋한다
  ---
  duration_ms: 0.4432
  ...
# Subtest: board selection distinguishes the no-override canonical run from explicit overrides
ok 1576 - board selection distinguishes the no-override canonical run from explicit overrides
  ---
  duration_ms: 3.0578
  ...
# Subtest: alternate runs are isolated under the canonical capture directory
ok 1577 - alternate runs are isolated under the canonical capture directory
  ---
  duration_ms: 0.4281
  ...
# Subtest: canonical output preparation creates a missing exact directory chain safely
ok 1578 - canonical output preparation creates a missing exact directory chain safely
  ---
  duration_ms: 7.2901
  ...
# Subtest: canonical output preparation rejects a redirected missing-root ancestor
ok 1579 - canonical output preparation rejects a redirected missing-root ancestor
  ---
  duration_ms: 4.591
  ...
# Subtest: diagnostic output preparation creates one real direct-child directory idempotently
ok 1580 - diagnostic output preparation creates one real direct-child directory idempotently
  ---
  duration_ms: 6.4484
  ...
# Subtest: diagnostic output preparation rejects a non-directory before replacing or writing it
ok 1581 - diagnostic output preparation rejects a non-directory before replacing or writing it
  ---
  duration_ms: 6.1581
  ...
# Subtest: diagnostic output preparation rejects a symlink or junction redirect
ok 1582 - diagnostic output preparation rejects a symlink or junction redirect
  ---
  duration_ms: 5.929
  ...
# Subtest: an alternate board selection cannot bypass an injected readability finding
ok 1583 - an alternate board selection cannot bypass an injected readability finding
  ---
  duration_ms: 0.7421
  ...
# Subtest: the frozen boards and viewport presets derive the exact canonical 24 PNG names
ok 1584 - the frozen boards and viewport presets derive the exact canonical 24 PNG names
  ---
  duration_ms: 2.1191
  ...
# Subtest: canonical cleanup dry-run identifies only explicitly allowlisted stale board PNGs
ok 1585 - canonical cleanup dry-run identifies only explicitly allowlisted stale board PNGs
  ---
  duration_ms: 14.7059
  ...
# Subtest: canonical cleanup deletes only allowlisted direct PNGs and remains idempotent
ok 1586 - canonical cleanup deletes only allowlisted direct PNGs and remains idempotent
  ---
  duration_ms: 10.8483
  ...
# Subtest: unknown or nonregular board PNG entries fail before any allowlisted stale file is deleted
ok 1587 - unknown or nonregular board PNG entries fail before any allowlisted stale file is deleted
  ---
  duration_ms: 11.1744
  ...
# Subtest: canonical cleanup refuses any directory other than the exact canonical capture root
ok 1588 - canonical cleanup refuses any directory other than the exact canonical capture root
  ---
  duration_ms: 3.524
  ...
# Subtest: canonical cleanup refuses a symlink or reparse-point capture root
ok 1589 - canonical cleanup refuses a symlink or reparse-point capture root
  ---
  duration_ms: 3.8573
  ...
# Subtest: post-run artifact verification binds each report reference to file hash and PNG dimensions
ok 1590 - post-run artifact verification binds each report reference to file hash and PNG dimensions
  ---
  duration_ms: 9.2694
  ...
# Subtest: canonical taxonomy has exactly six root surfaces
ok 1591 - canonical taxonomy has exactly six root surfaces
  ---
  duration_ms: 3.2198
  ...
# Subtest: instance key is card plus normalized account or target
ok 1592 - instance key is card plus normalized account or target
  ---
  duration_ms: 0.5832
  ...
# Subtest: view instance identity wins while legacy card and target fallback remains stable
ok 1593 - view instance identity wins while legacy card and target fallback remains stable
  ---
  duration_ms: 0.2512
  ...
# Subtest: board surface roots are recognized by the card root mark alone
ok 1594 - board surface roots are recognized by the card root mark alone
  ---
  duration_ms: 0.2779
  ...
# Subtest: kind mismatch and legacy card ids fail closed
ok 1595 - kind mismatch and legacy card ids fail closed
  ---
  duration_ms: 0.1569
  ...
# Subtest: mode and section form an internal panel key, never another card id
ok 1596 - mode and section form an internal panel key, never another card id
  ---
  duration_ms: 0.1802
  ...
# Subtest: ranking mode keeps one panel while its axis operations rotate
ok 1597 - ranking mode keeps one panel while its axis operations rotate
  ---
  duration_ms: 0.3935
  ...
# Subtest: internal fundamentals taxonomy is presented as an investor-facing Korean tab label
ok 1598 - internal fundamentals taxonomy is presented as an investor-facing Korean tab label
  ---
  duration_ms: 0.3258
  ...
# Subtest: internal panel taxonomy and operation refs never become tab copy
ok 1599 - internal panel taxonomy and operation refs never become tab copy
  ---
  duration_ms: 0.5721
  ...
# Subtest: order routing and state tokens are localized before reaching product text
ok 1600 - order routing and state tokens are localized before reaching product text
  ---
  duration_ms: 0.6895
  ...
# Subtest: websocket lifecycle tokens use allowlisted investor-facing Korean states
ok 1601 - websocket lifecycle tokens use allowlisted investor-facing Korean states
  ---
  duration_ms: 0.2776
  ...
# Subtest: renderer passes the production verifiedOperationRefs key without suppressing query refs
ok 1602 - renderer passes the production verifiedOperationRefs key without suppressing query refs
  ---
  duration_ms: 0.1937
  ...
# Subtest: integrated chart root keeps independent A then B sessions and returns A without duplication
ok 1603 - integrated chart root keeps independent A then B sessions and returns A without duplication
  ---
  duration_ms: 0.4339
  ...
# Subtest: clear detaches a dying root before immediate same-card render and clears old sessions
ok 1604 - clear detaches a dying root before immediate same-card render and clears old sessions
  ---
  duration_ms: 0.3381
  ...
# Subtest: integrated root preserves specialized chart/orderbook class contracts
ok 1605 - integrated root preserves specialized chart/orderbook class contracts
  ---
  duration_ms: 1.0682
  ...
# Subtest: realtime tick reducer gate uses opaque lease identity and both generations
ok 1606 - realtime tick reducer gate uses opaque lease identity and both generations
  ---
  duration_ms: 0.2283
  ...
# Subtest: mount or update rejection stays a visible retryable error path
ok 1607 - mount or update rejection stays a visible retryable error path
  ---
  duration_ms: 0.5766
  ...
# Subtest: shell loads integrated CSS and both libraries before canvas runtime
ok 1608 - shell loads integrated CSS and both libraries before canvas runtime
  ---
  duration_ms: 0.8895
  ...
# Subtest: canvas routes canonical envelopes through one integrated root and semantic workspace
ok 1609 - canvas routes canonical envelopes through one integrated root and semantic workspace
  ---
  duration_ms: 5.3365
  ...
# Subtest: account panel tabs use mode/section Korean labels instead of collapsing to summary
ok 1610 - account panel tabs use mode/section Korean labels instead of collapsing to summary
  ---
  duration_ms: 0.3987
  ...
# Subtest: 사용자 취소는 이미 받은 결과를 유지한다
ok 1611 - 사용자 취소는 이미 받은 결과를 유지한다
  ---
  duration_ms: 0.2316
  ...
# Subtest: 부분 결과가 하나도 없을 때만 빈 취소 카드다
ok 1612 - 부분 결과가 하나도 없을 때만 빈 취소 카드다
  ---
  duration_ms: 0.1795
  ...
# Subtest: 인증 만료는 이전 값을 읽기 전용으로 남기고 계좌 다시 연결을 준다
ok 1613 - 인증 만료는 이전 값을 읽기 전용으로 남기고 계좌 다시 연결을 준다
  ---
  duration_ms: 0.2176
  ...
# Subtest: 인증 만료가 이미 그려진 값을 지우지 않는다
ok 1614 - 인증 만료가 이미 그려진 값을 지우지 않는다
  ---
  duration_ms: 0.2807
  ...
# Subtest: 인증 만료는 재시도 상태가 아니다 — 다시 시도 버튼이 붙는 상태 집합에 없다
ok 1615 - 인증 만료는 재시도 상태가 아니다 — 다시 시도 버튼이 붙는 상태 집합에 없다
  ---
  duration_ms: 2.6588
  ...
# Subtest: 키우미 얼굴은 정확히 하나다 — 모드별 얼굴은 없다
ok 1616 - 키우미 얼굴은 정확히 하나다 — 모드별 얼굴은 없다
  ---
  duration_ms: 3.9389
  ...
# Subtest: 얼굴 도형은 이모지가 아니고 바이저색을 상속한다
ok 1617 - 얼굴 도형은 이모지가 아니고 바이저색을 상속한다
  ---
  duration_ms: 0.5361
  ...
# Subtest: 얼굴은 모드와 무관하게 항상 보인다
ok 1618 - 얼굴은 모드와 무관하게 항상 보인다
  ---
  duration_ms: 0.2947
  ...
# Subtest: 키우미는 산다 — 눈 깜빡임이 배선돼 있다
ok 1619 - 키우미는 산다 — 눈 깜빡임이 배선돼 있다
  ---
  duration_ms: 0.2062
  ...
# Subtest: A11Y: 모션 감소에서는 움직임만 멈추고 도형은 남는다
ok 1620 - A11Y: 모션 감소에서는 움직임만 멈추고 도형은 남는다
  ---
  duration_ms: 0.3601
  ...
# Subtest: 보드 02/03: 오브에는 배선되지 않은 표정 선택자가 남아 있지 않다
ok 1621 - 보드 02/03: 오브에는 배선되지 않은 표정 선택자가 남아 있지 않다
  ---
  duration_ms: 0.1634
  ...
# Subtest: live-full catalog locks five modes to shell.html nav and canvas ids
ok 1622 - live-full catalog locks five modes to shell.html nav and canvas ids
  ---
  duration_ms: 2.5413
  ...
# Subtest: live-full catalog paper chrome matches controller CHAT_HEAD_COPY and chat.css empty copy
ok 1623 - live-full catalog paper chrome matches controller CHAT_HEAD_COPY and chat.css empty copy
  ---
  duration_ms: 1.8648
  ...
# Subtest: live-full catalog settings nav fourth item is 성향・이력
ok 1624 - live-full catalog settings nav fourth item is 성향・이력
  ---
  duration_ms: 2.6279
  ...
# Subtest: live-full catalog locked clicks cover real orders and kiumi five faces
ok 1625 - live-full catalog locked clicks cover real orders and kiumi five faces
  ---
  duration_ms: 0.5011
  ...
# Subtest: order lock does not treat 과매도 or 과매수 technique copy as a live order
ok 1626 - order lock does not treat 과매도 or 과매수 technique copy as a live order
  ---
  duration_ms: 0.4854
  ...
# Subtest: verify suite lists live-full and the official verify script with budgets
ok 1627 - verify suite lists live-full and the official verify script with budgets
  ---
  duration_ms: 3.1339
  ...
# Subtest: 기본 스위트는 Paper 정적 게이트 3종을 매니페스트부터 순서대로 담는다
ok 1628 - 기본 스위트는 Paper 정적 게이트 3종을 매니페스트부터 순서대로 담는다
  ---
  duration_ms: 0.2803
  ...
# Subtest: paper 스위트도 예산과 실재하는 npm 스크립트를 단언한다
ok 1629 - paper 스위트도 예산과 실재하는 npm 스크립트를 단언한다
  ---
  duration_ms: 0.6144
  ...
# Subtest: paper 스위트의 electron 항목은 기본 스위트에 못 들어간다
ok 1630 - paper 스위트의 electron 항목은 기본 스위트에 못 들어간다
  ---
  duration_ms: 1.2328
  ...
# Subtest: 둘 다 idle — 잠금 없음
ok 1631 - 둘 다 idle — 잠금 없음
  ---
  duration_ms: 2.1622
  ...
# Subtest: 오브 자신의 질의 진행 중 — "답변 중…"
ok 1632 - 오브 자신의 질의 진행 중 — "답변 중…"
  ---
  duration_ms: 0.206
  ...
# Subtest: 셸 질의 진행 중(원격) — "셸 질의 진행 중"
ok 1633 - 셸 질의 진행 중(원격) — "셸 질의 진행 중"
  ---
  duration_ms: 0.1487
  ...
# Subtest: 둘 다 true — 오브 자신이 우선한다(원격 문구로 안 덮인다)
ok 1634 - 둘 다 true — 오브 자신이 우선한다(원격 문구로 안 덮인다)
  ---
  duration_ms: 0.1318
  ...
# Subtest: 세션 기반은 이미 착륙해 있다 — conversations.js가 mode를 정규화한다
ok 1635 - 세션 기반은 이미 착륙해 있다 — conversations.js가 mode를 정규화한다
  ---
  duration_ms: 1.0268
  ...
# Subtest: 활성 대화가 에이전트 모드면 그 id를 돌려준다
ok 1636 - 활성 대화가 에이전트 모드면 그 id를 돌려준다
  ---
  duration_ms: 0.3263
  ...
# Subtest: 활성 대화가 에이전트 모드가 아니면 null이다
ok 1637 - 활성 대화가 에이전트 모드가 아니면 null이다
  ---
  duration_ms: 0.1775
  ...
# Subtest: 에이전트 대화가 둘이어도 활성 아닌 쪽은 고르지 않는다
ok 1638 - 에이전트 대화가 둘이어도 활성 아닌 쪽은 고르지 않는다
  ---
  duration_ms: 0.1755
  ...
# Subtest: delivers directly to a waiting consumer without occupying bounded capacity
ok 1639 - delivers directly to a waiting consumer without occupying bounded capacity
  ---
  duration_ms: 2.2811
  ...
# Subtest: rejects a producer when pending capacity is full
ok 1640 - rejects a producer when pending capacity is full
  ---
  duration_ms: 0.5883
  ...
# Subtest: normal close drains queued values and then ends iteration
ok 1641 - normal close drains queued values and then ends iteration
  ---
  duration_ms: 0.3301
  ...
# Subtest: error close rejects waiting and future consumers
ok 1642 - error close rejects waiting and future consumers
  ---
  duration_ms: 0.329
  ...
# Subtest: error close discards queued values instead of delivering stale input
ok 1643 - error close discards queued values instead of delivering stale input
  ---
  duration_ms: 0.3377
  ...
# Subtest: validates maxPending and implements AsyncIterable
ok 1644 - validates maxPending and implements AsyncIterable
  ---
  duration_ms: 0.1846
  ...
# Subtest: HEALTH_URL: 실행법과 같은 host:port(127.0.0.1:8010), llm/manifest 부트스트랩 경로
ok 1645 - HEALTH_URL: 실행법과 같은 host:port(127.0.0.1:8010), llm/manifest 부트스트랩 경로
  ---
  duration_ms: 1.7139
  ...
# Subtest: buildUvicornArgs: 실행법과 문자 그대로 일치 — host/port/workers=1
ok 1646 - buildUvicornArgs: 실행법과 문자 그대로 일치 — host/port/workers=1
  ---
  duration_ms: 0.9517
  ...
# Subtest: buildUvicornArgs: 매 호출 새 배열 — 호출자가 변형해도 다음 호출에 영향 없다
ok 1647 - buildUvicornArgs: 매 호출 새 배열 — 호출자가 변형해도 다음 호출에 영향 없다
  ---
  duration_ms: 0.1759
  ...
# Subtest: buildBackendEnv: Electron이 스폰한 제품 백엔드는 brain/routines를 기본 활성화한다
ok 1648 - buildBackendEnv: Electron이 스폰한 제품 백엔드는 brain/routines를 기본 활성화한다
  ---
  duration_ms: 0.2755
  ...
# Subtest: buildBackendEnv: 명시적인 프로세스 override는 true/false 모두 그대로 보존한다
ok 1649 - buildBackendEnv: 명시적인 프로세스 override는 true/false 모두 그대로 보존한다
  ---
  duration_ms: 0.3403
  ...
# Subtest: buildBackendEnv: custom extraction argv가 있으면 Claude CLI 기본 opt-in을 추가하지 않는다
ok 1650 - buildBackendEnv: custom extraction argv가 있으면 Claude CLI 기본 opt-in을 추가하지 않는다
  ---
  duration_ms: 0.1719
  ...
# Subtest: decideAction: 헬스체크 성공이면 venv 여부와 무관하게 already-running — 중복 스폰 금지
ok 1651 - decideAction: 헬스체크 성공이면 venv 여부와 무관하게 already-running — 중복 스폰 금지
  ---
  duration_ms: 0.2836
  ...
# Subtest: decideAction: 헬스체크 실패 + venv 없음 → no-venv(조용히 스킵, 실패로 취급 안 함)
ok 1652 - decideAction: 헬스체크 실패 + venv 없음 → no-venv(조용히 스킵, 실패로 취급 안 함)
  ---
  duration_ms: 1.1638
  ...
# Subtest: decideAction: 헬스체크 실패 + venv 있음 → spawn
ok 1653 - decideAction: 헬스체크 실패 + venv 있음 → spawn
  ---
  duration_ms: 0.5661
  ...
# Subtest: hasSpawnedChild: ensureBackend를 부르기 전에는 false — 아직 아무것도 스폰하지 않았다
ok 1654 - hasSpawnedChild: ensureBackend를 부르기 전에는 false — 아직 아무것도 스폰하지 않았다
  ---
  duration_ms: 0.5355
  ...
# Subtest: ensureBackendReady: 빠른 readiness 예산 뒤에도 hard deadline 안에서 같은 backend를 기다린다
ok 1655 - ensureBackendReady: 빠른 readiness 예산 뒤에도 hard deadline 안에서 같은 backend를 기다린다
  ---
  duration_ms: 0.7336
  ...
# Subtest: ensureBackendReady: hard deadline까지 준비되지 않으면 terminal failure를 반환한다
ok 1656 - ensureBackendReady: hard deadline까지 준비되지 않으면 terminal failure를 반환한다
  ---
  duration_ms: 0.3373
  ...
# Subtest: ensureBackend: readiness 예산을 넘겨도 self-spawn child를 유지하고 중복 스폰하지 않는다
ok 1657 - ensureBackend: readiness 예산을 넘겨도 self-spawn child를 유지하고 중복 스폰하지 않는다
  ---
  duration_ms: 1.7157
  ...
# Subtest: ensureBackend: self-spawn child exit은 소유 상태를 정리한다
ok 1658 - ensureBackend: self-spawn child exit은 소유 상태를 정리한다
  ---
  duration_ms: 0.7834
  ...
# Subtest: ensureBackend: spawn error도 소유 상태를 정리해 이후 재시도를 막지 않는다
ok 1659 - ensureBackend: spawn error도 소유 상태를 정리해 이후 재시도를 막지 않는다
  ---
  duration_ms: 0.8022
  ...
# Subtest: ensureBackend: 31초 eventual readiness는 hard deadline을 취소하고 child를 유지한다
ok 1660 - ensureBackend: 31초 eventual readiness는 hard deadline을 취소하고 child를 유지한다
  ---
  duration_ms: 1.5883
  ...
# Subtest: ensureBackend: 60초까지 hung이면 그 child만 retire하고 다음 ensure가 재스폰할 수 있다
ok 1661 - ensureBackend: 60초까지 hung이면 그 child만 retire하고 다음 ensure가 재스폰할 수 있다
  ---
  duration_ms: 3.2698
  ...
# Subtest: ensureBackend: exit/error가 hard deadline보다 먼저 오면 watcher를 취소한다
ok 1662 - ensureBackend: exit/error가 hard deadline보다 먼저 오면 watcher를 취소한다
  ---
  duration_ms: 1.4619
  ...
# Subtest: shutdownBackend: hard watcher를 취소해 deadline 중복 kill을 막는다
ok 1663 - shutdownBackend: hard watcher를 취소해 deadline 중복 kill을 막는다
  ---
  duration_ms: 0.5277
  ...
# Subtest: ensureBackend: 59.9초 ready 재확인은 60초 hard timer를 취소해 child를 보존한다
ok 1664 - ensureBackend: 59.9초 ready 재확인은 60초 hard timer를 취소해 child를 보존한다
  ---
  duration_ms: 1.5456
  ...
# Subtest: hard deadline final health await 중 exit/replacement가 생기면 이전 child를 kill하지 않는다
ok 1665 - hard deadline final health await 중 exit/replacement가 생기면 이전 child를 kill하지 않는다
  ---
  duration_ms: 1.4317
  ...
# Subtest: awaitChildExit: child가 없으면 즉시 false — 기다릴 것도 없다
ok 1666 - awaitChildExit: child가 없으면 즉시 false — 기다릴 것도 없다
  ---
  duration_ms: 0.2128
  ...
# Subtest: awaitChildExit: child가 exit을 emit하면 true로 resolve
ok 1667 - awaitChildExit: child가 exit을 emit하면 true로 resolve
  ---
  duration_ms: 0.2918
  ...
# Subtest: restartAfterReset: 비자가스폰(backendChild 없음) — ensureBackend를 부르지 않고 수동 재시작 안내
ok 1668 - restartAfterReset: 비자가스폰(backendChild 없음) — ensureBackend를 부르지 않고 수동 재시작 안내
  ---
  duration_ms: 0.3252
  ...
# Subtest: restartAfterReset: 자가스폰 — exit을 1회성으로 기다린 뒤에만 ensureBackend를 명시적으로 재호출
ok 1669 - restartAfterReset: 자가스폰 — exit을 1회성으로 기다린 뒤에만 ensureBackend를 명시적으로 재호출
  ---
  duration_ms: 20.6743
  ...
# Subtest: restartAfterReset: 자가스폰이지만 재기동 실패(ensureBackend ok:false) — restarted:false로 정직하게 보고
ok 1670 - restartAfterReset: 자가스폰이지만 재기동 실패(ensureBackend ok:false) — restarted:false로 정직하게 보고
  ---
  duration_ms: 1.6773
  ...
# Subtest: readLocalBearerToken: backend/.env에서 토큰을 읽는다 (따옴표 벗김)
ok 1671 - readLocalBearerToken: backend/.env에서 토큰을 읽는다 (따옴표 벗김)
  ---
  duration_ms: 7.6996
  ...
# Subtest: readLocalBearerToken: .env 없음/키 없음이면 null — 루프백 게이트 배포
ok 1672 - readLocalBearerToken: .env 없음/키 없음이면 null — 루프백 게이트 배포
  ---
  duration_ms: 11.725
  ...
# Subtest: show succeeds once, then durable marker blocks this run
ok 1673 - show succeeds once, then durable marker blocks this run
  ---
  duration_ms: 20.8473
  ...
# Subtest: new app controller respects durable marker
ok 1674 - new app controller respects durable marker
  ---
  duration_ms: 16.701
  ...
# Subtest: unsupported does not consume or persist
ok 1675 - unsupported does not consume or persist
  ---
  duration_ms: 1.3401
  ...
# Subtest: show failure releases memory and leaves no marker
ok 1676 - show failure releases memory and leaves no marker
  ---
  duration_ms: 2.1099
  ...
# Subtest: fsync failure removes partial marker and memory prevents duplicate in-run show
ok 1677 - fsync failure removes partial marker and memory prevents duplicate in-run show
  ---
  duration_ms: 7.2112
  ...
# Subtest: fsync plus temp-unlink failure preserves cleanup evidence and never creates final marker
ok 1678 - fsync plus temp-unlink failure preserves cleanup evidence and never creates final marker
  ---
  duration_ms: 4.449
  ...
# Subtest: zero-byte final marker is not durable and is atomically replaced after a successful show
ok 1679 - zero-byte final marker is not durable and is atomically replaced after a successful show
  ---
  duration_ms: 22.366
  ...
# Subtest: tray failure cannot block Alt+F4 background entry
ok 1680 - tray failure cannot block Alt+F4 background entry
  ---
  duration_ms: 1.3034
  ...
# Subtest: tray failure cannot block x-button background entry
ok 1681 - tray failure cannot block x-button background entry
  ---
  duration_ms: 0.4696
  ...
# Subtest: fetchPresets: 200 → {ok:true, data}
ok 1682 - fetchPresets: 200 → {ok:true, data}
  ---
  duration_ms: 2.6702
  ...
# Subtest: fetchPresets: 네트워크 예외 → {ok:false, status:0, error}
ok 1683 - fetchPresets: 네트워크 예외 → {ok:false, status:0, error}
  ---
  duration_ms: 0.5024
  ...
# Subtest: runBacktest: 202 → {ok:true, data:{run_id}}
ok 1684 - runBacktest: 202 → {ok:true, data:{run_id}}
  ---
  duration_ms: 0.5304
  ...
# Subtest: runBacktest: 409(캐시 부족) → ok:false지만 detail(needed_pages/est_seconds)을 싣는다
ok 1685 - runBacktest: 409(캐시 부족) → ok:false지만 detail(needed_pages/est_seconds)을 싣는다
  ---
  duration_ms: 0.2928
  ...
# Subtest: runBacktest: 일반 오류(500, 문자열 detail)는 detail 없이 error 메시지만 싣는다
ok 1686 - runBacktest: 일반 오류(500, 문자열 detail)는 detail 없이 error 메시지만 싣는다
  ---
  duration_ms: 0.2472
  ...
# Subtest: planBacktest/backfillBacktest: backendBase/fetchImpl을 제외한 나머지 필드를 몸체로 그대로 보낸다
ok 1687 - planBacktest/backfillBacktest: backendBase/fetchImpl을 제외한 나머지 필드를 몸체로 그대로 보낸다
  ---
  duration_ms: 0.5683
  ...
# Subtest: fetchJobStatus/fetchRunResult/fetchRunTrades: id를 경로에 인코딩해서 부른다
ok 1688 - fetchJobStatus/fetchRunResult/fetchRunTrades: id를 경로에 인코딩해서 부른다
  ---
  duration_ms: 0.5088
  ...
# Subtest: cancelJob: DELETE /api/v1/backtest/jobs/{id} — 수집 「중단」의 통로다
ok 1689 - cancelJob: DELETE /api/v1/backtest/jobs/{id} — 수집 「중단」의 통로다
  ---
  duration_ms: 0.2948
  ...
# Subtest: fetchRuns: GET /api/v1/backtest/runs
ok 1690 - fetchRuns: GET /api/v1/backtest/runs
  ---
  duration_ms: 0.5841
  ...
# Subtest: 프로젝트 목록·생성·열기·등록 해제: 경로와 몸체가 계약 그대로다
ok 1691 - 프로젝트 목록·생성·열기·등록 해제: 경로와 몸체가 계약 그대로다
  ---
  duration_ms: 0.9155
  ...
# Subtest: 파일 읽기·지우기: path를 쿼리로, project_id는 경로에 인코딩한다
ok 1692 - 파일 읽기·지우기: path를 쿼리로, project_id는 경로에 인코딩한다
  ---
  duration_ms: 2.0339
  ...
# Subtest: 파일 쓰기·만들기·이름 바꾸기: project_id는 몸체에서 빠진다
ok 1693 - 파일 쓰기·만들기·이름 바꾸기: project_id는 몸체에서 빠진다
  ---
  duration_ms: 0.749
  ...
# Subtest: 프로젝트 라우트의 오류도 같은 봉투다 — 한국어 detail을 그대로 싣는다
ok 1694 - 프로젝트 라우트의 오류도 같은 봉투다 — 한국어 detail을 그대로 싣는다
  ---
  duration_ms: 0.2681
  ...
# Subtest: 내 전략 등록부: 목록·등록·해제의 메서드·경로·몸체가 계약 그대로다
ok 1695 - 내 전략 등록부: 목록·등록·해제의 메서드·경로·몸체가 계약 그대로다
  ---
  duration_ms: 1.0509
  ...
# Subtest: 등록 실패(422)도 같은 봉투다 — 백엔드의 한국어 사유를 그대로 싣는다
ok 1696 - 등록 실패(422)도 같은 봉투다 — 백엔드의 한국어 사유를 그대로 싣는다
  ---
  duration_ms: 0.4261
  ...
# Subtest: 가상환경: 조회는 GET, 만들기는 POST + packages 몸체다(project_id는 경로로 빠진다)
ok 1697 - 가상환경: 조회는 GET, 만들기는 POST + packages 몸체다(project_id는 경로로 빠진다)
  ---
  duration_ms: 0.4387
  ...
# Subtest: 가상환경 409(이미 도는 중)도 봉투를 지킨다 — 사유가 job_id를 품고 올라온다
ok 1698 - 가상환경 409(이미 도는 중)도 봉투를 지킨다 — 사유가 job_id를 품고 올라온다
  ---
  duration_ms: 0.2511
  ...
# Subtest: 흐름 지도: 폼이든 코드든 같은 라우트에 몸체를 그대로 보낸다
ok 1699 - 흐름 지도: 폼이든 코드든 같은 라우트에 몸체를 그대로 보낸다
  ---
  duration_ms: 0.3503
  ...
# Subtest: 출처→지도 잡 3종: 시작은 202+job_id, 폴링·멈추기는 그 id로 간다
ok 1700 - 출처→지도 잡 3종: 시작은 202+job_id, 폴링·멈추기는 그 id로 간다
  ---
  duration_ms: 0.375
  ...
# Subtest: 출처→지도 잡: 읽지 못한 출처의 한국어 이유가 봉투에 그대로 남는다
ok 1701 - 출처→지도 잡: 읽지 못한 출처의 한국어 이유가 봉투에 그대로 남는다
  ---
  duration_ms: 0.2524
  ...
# Subtest: 시각 라우트 6종: 메서드·경로·몸체가 계약 그대로다
ok 1702 - 시각 라우트 6종: 메서드·경로·몸체가 계약 그대로다
  ---
  duration_ms: 1.5044
  ...
# Subtest: saveVisualVersion: 기존 버전 라우트로 가고 strategy_id만 경로로 빠진다
ok 1703 - saveVisualVersion: 기존 버전 라우트로 가고 strategy_id만 경로로 빠진다
  ---
  duration_ms: 0.4014
  ...
# Subtest: 시각 patch 409(다른 수정이 먼저 저장됨)도 봉투를 지킨다 — detail을 잃지 않는다
ok 1704 - 시각 patch 409(다른 수정이 먼저 저장됨)도 봉투를 지킨다 — detail을 잃지 않는다
  ---
  duration_ms: 0.1977
  ...
# Subtest: 지도→코드 생성: 422(읽을 수 없는 yaml)도 봉투를 지킨다
ok 1705 - 지도→코드 생성: 422(읽을 수 없는 yaml)도 봉투를 지킨다
  ---
  duration_ms: 0.3412
  ...
# Subtest: 버전 상세: GET .../versions/{version_id} 하나로 bundle까지 펼쳐 받는다
ok 1706 - 버전 상세: GET .../versions/{version_id} 하나로 bundle까지 펼쳐 받는다
  ---
  duration_ms: 0.3868
  ...
# Subtest: 버전 상세 404(그 전략에 속한 버전이 아니다)도 같은 봉투다
ok 1707 - 버전 상세 404(그 전략에 속한 버전이 아니다)도 같은 봉투다
  ---
  duration_ms: 0.2314
  ...
# Subtest: 기법 노드·검사 2종: 메서드·경로·몸체가 계약 그대로다
ok 1708 - 기법 노드·검사 2종: 메서드·경로·몸체가 계약 그대로다
  ---
  duration_ms: 0.4014
  ...
# Subtest: 기법 검사 422(계약을 못 지킨 코드)도 같은 봉투다 — 한국어 사유를 그대로 싣는다
ok 1709 - 기법 검사 422(계약을 못 지킨 코드)도 같은 봉투다 — 한국어 사유를 그대로 싣는다
  ---
  duration_ms: 0.1746
  ...
# Subtest: 요청 몸체의 target은 manifest alias 가방이고 빈 값은 싣지 않는다
ok 1710 - 요청 몸체의 target은 manifest alias 가방이고 빈 값은 싣지 않는다
  ---
  duration_ms: 7.0779
  ...
# Subtest: slot_values는 목록으로 와도 표로 와도 같은 표가 된다
ok 1711 - slot_values는 목록으로 와도 표로 와도 같은 표가 된다
  ---
  duration_ms: 0.5199
  ...
# Subtest: operation 상태는 로딩 완료와 부분 실패를 판단할 최소 필드만 전달한다
ok 1712 - operation 상태는 로딩 완료와 부분 실패를 판단할 최소 필드만 전달한다
  ---
  duration_ms: 0.3646
  ...
# Subtest: 하이드레이션은 로컬 베어러를 싣고 surface_contract.slot_values를 읽는다
ok 1713 - 하이드레이션은 로컬 베어러를 싣고 surface_contract.slot_values를 읽는다
  ---
  duration_ms: 1.0664
  ...
# Subtest: 토큰이 없으면 빈 Authorization을 지어내지 않는다
ok 1714 - 토큰이 없으면 빈 Authorization을 지어내지 않는다
  ---
  duration_ms: 1.4592
  ...
# Subtest: 베어러가 거부되면 조용히 접지 않는다 — 설정 결함은 오류다
ok 1715 - 베어러가 거부되면 조용히 접지 않는다 — 설정 결함은 오류다
  ---
  duration_ms: 0.3583
  ...
# Subtest: 엔드포인트가 아직 없으면 unavailable을 돌려 renderer가 재시도할 수 있다
ok 1716 - 엔드포인트가 아직 없으면 unavailable을 돌려 renderer가 재시도할 수 있다
  ---
  duration_ms: 0.6117
  ...
# Subtest: 서버가 있는데 터진 것은 오류로 보고한다(조용히 접지 않는다)
ok 1717 - 서버가 있는데 터진 것은 오류로 보고한다(조용히 접지 않는다)
  ---
  duration_ms: 0.2064
  ...
# Subtest: board_id 없이 부르면 네트워크를 건드리지 않는다
ok 1718 - board_id 없이 부르면 네트워크를 건드리지 않는다
  ---
  duration_ms: 0.5378
  ...
# Subtest: 빈 응답은 채우지 않는다
ok 1719 - 빈 응답은 채우지 않는다
  ---
  duration_ms: 0.629
  ...
# Subtest: isEntityCall — 아테나 게이트웨이의 athena_brain action=entity만 받는다
ok 1720 - isEntityCall — 아테나 게이트웨이의 athena_brain action=entity만 받는다
  ---
  duration_ms: 2.9758
  ...
# Subtest: extractEntityDetail — 찾은 노드의 응답만 넘긴다
ok 1721 - extractEntityDetail — 찾은 노드의 응답만 넘긴다
  ---
  duration_ms: 1.2627
  ...
# Subtest: extractEntityDetail — 못 찾았거나 후보만 온 응답은 안 넘긴다(되묻는 것은 모델의 일)
ok 1722 - extractEntityDetail — 못 찾았거나 후보만 온 응답은 안 넘긴다(되묻는 것은 모델의 일)
  ---
  duration_ms: 0.2988
  ...
# Subtest: extractEntityDetail — JSON이 아니거나 다른 액션이면 조용히 버린다
ok 1723 - extractEntityDetail — JSON이 아니거나 다른 액션이면 조용히 버린다
  ---
  duration_ms: 0.2524
  ...
# Subtest: entityStepNote — 부제는 대상과 연결 수·이력 수다
ok 1724 - entityStepNote — 부제는 대상과 연결 수·이력 수다
  ---
  duration_ms: 0.3668
  ...
# Subtest: entityStepNote — 관계 수는 잘린 목록 길이가 아니라 연결 수다(패널 머리와 한 말)
ok 1725 - entityStepNote — 관계 수는 잘린 목록 길이가 아니라 연결 수다(패널 머리와 한 말)
  ---
  duration_ms: 0.1712
  ...
# Subtest: entityStepNote — 없는 개수는 지어내지 않고 그 절을 뺀다
ok 1726 - entityStepNote — 없는 개수는 지어내지 않고 그 절을 뺀다
  ---
  duration_ms: 0.3694
  ...
# Subtest: 감시형(mode!==scheduled) 발화는 no-op이다
ok 1727 - 감시형(mode!==scheduled) 발화는 no-op이다
  ---
  duration_ms: 1.7052
  ...
# Subtest: 같은 (routine_id, fired_at) 발화는 한 번만 실행된다(멱등성)
ok 1728 - 같은 (routine_id, fired_at) 발화는 한 번만 실행된다(멱등성)
  ---
  duration_ms: 2.039
  ...
# Subtest: 사용자 busy면 대기열에 들어가고, 한가해진 뒤 타이머 드레인으로 실행된다
ok 1729 - 사용자 busy면 대기열에 들어가고, 한가해진 뒤 타이머 드레인으로 실행된다
  ---
  duration_ms: 0.5109
  ...
# Subtest: busy 중 새 발화가 오면 이전 대기분을 대체한다(coalesce, 최대 1건)
ok 1730 - busy 중 새 발화가 오면 이전 대기분을 대체한다(coalesce, 최대 1건)
  ---
  duration_ms: 0.8806
  ...
# Subtest: 예산 소진이면 claude를 부르지 않고 보고도 없다(능동 턴 카드가 폴백)
ok 1731 - 예산 소진이면 claude를 부르지 않고 보고도 없다(능동 턴 카드가 폴백)
  ---
  duration_ms: 0.3433
  ...
# Subtest: 성공 시 reportResult payload — title/content/destination/모델 설정 전부 정확
ok 1732 - 성공 시 reportResult payload — title/content/destination/모델 설정 전부 정확
  ---
  duration_ms: 1.1338
  ...
# Subtest: onCanvasResult가 1회 이상 오면 destination은 canvas다
ok 1733 - onCanvasResult가 1회 이상 오면 destination은 canvas다
  ---
  duration_ms: 0.5736
  ...
# Subtest: 실패하면 예산을 재확인하고 남아 있으면 정확히 1회 재시도한다
ok 1734 - 실패하면 예산을 재확인하고 남아 있으면 정확히 1회 재시도한다
  ---
  duration_ms: 0.4247
  ...
# Subtest: 실패 후 재확인 예산이 소진이면 재시도 없이 즉시 실패 보고한다(P3)
ok 1735 - 실패 후 재확인 예산이 소진이면 재시도 없이 즉시 실패 보고한다(P3)
  ---
  duration_ms: 0.7739
  ...
# Subtest: 재시도까지 실패하면 failed로 보고한다
ok 1736 - 재시도까지 실패하면 failed로 보고한다
  ---
  duration_ms: 0.859
  ...
# Subtest: 사용자 선점으로 죽은(aborted) 브리핑은 재시도하지 않는다
ok 1737 - 사용자 선점으로 죽은(aborted) 브리핑은 재시도하지 않는다
  ---
  duration_ms: 0.9394
  ...
# Subtest: briefingBusy만 증감하고 사용자 카운터는 절대 건드리지 않는다(카운터 분리)
ok 1738 - briefingBusy만 증감하고 사용자 카운터는 절대 건드리지 않는다(카운터 분리)
  ---
  duration_ms: 0.4784
  ...
# Subtest: 진행 중 killInProgressBriefing()은 kill하고 true, 이후 재호출은 no-op false
ok 1739 - 진행 중 killInProgressBriefing()은 kill하고 true, 이후 재호출은 no-op false
  ---
  duration_ms: 0.367
  ...
# Subtest: 정상 종료는 핸들을 먼저 비운 뒤 보고한다 — 보고 중 kill은 no-op(레이스 계약)
ok 1740 - 정상 종료는 핸들을 먼저 비운 뒤 보고한다 — 보고 중 kill은 no-op(레이스 계약)
  ---
  duration_ms: 3.5052
  ...
# Subtest: 예산 왕복 중 사용자가 들어오면 스폰 없이 대기열로 양보한다(선점 창 1)
ok 1741 - 예산 왕복 중 사용자가 들어오면 스폰 없이 대기열로 양보한다(선점 창 1)
  ---
  duration_ms: 0.4423
  ...
# Subtest: 재시도 창(핸들 없음)에서 선점되면 재시도를 버리고 중단으로 보고한다(선점 창 2)
ok 1742 - 재시도 창(핸들 없음)에서 선점되면 재시도를 버리고 중단으로 보고한다(선점 창 2)
  ---
  duration_ms: 0.3185
  ...
# Subtest: 배지 신호는 결과를 명시한다 — 성공 {ok:true}, 선점 {ok:false, aborted:true}
ok 1743 - 배지 신호는 결과를 명시한다 — 성공 {ok:true}, 선점 {ok:false, aborted:true}
  ---
  duration_ms: 0.4613
  ...
# Subtest: 브리핑 실행 중 도착한 발화는 대기열로 밀리고 종료 후 드레인된다(직렬화)
ok 1744 - 브리핑 실행 중 도착한 발화는 대기열로 밀리고 종료 후 드레인된다(직렬화)
  ---
  duration_ms: 0.343
  ...
# Subtest: answers a falling-chart follow-up from the latest two candles without exposing identifiers
ok 1745 - answers a falling-chart follow-up from the latest two candles without exposing identifiers
  ---
  duration_ms: 25.0183
  ...
# Subtest: retains the user-facing stock name from the direct chart question when the envelope only has a symbol
ok 1746 - retains the user-facing stock name from the direct chart question when the envelope only has a symbol
  ---
  duration_ms: 1.3054
  ...
# Subtest: answers rising and flat follow-ups deterministically
ok 1747 - answers rising and flat follow-ups deterministically
  ---
  duration_ms: 1.5623
  ...
# Subtest: requires a successful matching stock day chart with two valid ascending candles
ok 1748 - requires a successful matching stock day chart with two valid ascending candles
  ---
  duration_ms: 0.6533
  ...
# Subtest: abstains from unrelated, other-symbol, cause, news, and order questions
ok 1749 - abstains from unrelated, other-symbol, cause, news, and order questions
  ---
  duration_ms: 1.2886
  ...
# Subtest: clear removes the captured chart context
ok 1750 - clear removes the captured chart context
  ---
  duration_ms: 0.3174
  ...
# Subtest: a newer chart request clears the previous stock context even when the newer chart fails
ok 1751 - a newer chart request clears the previous stock context even when the newer chart fails
  ---
  duration_ms: 0.4303
  ...
# Subtest: a chart query routed outside the direct lane invalidates the old direct chart context
ok 1752 - a chart query routed outside the direct lane invalidates the old direct chart context
  ---
  duration_ms: 0.4934
  ...
# Subtest: any intervening non-follow-up turn expires the chart context
ok 1753 - any intervening non-follow-up turn expires the chart context
  ---
  duration_ms: 0.4672
  ...
# Subtest: kstToEpochSec: KST 벽시계를 UTC epoch으로 바꾼다
ok 1754 - kstToEpochSec: KST 벽시계를 UTC epoch으로 바꾼다
  ---
  duration_ms: 1.626
  ...
# Subtest: kstToEpochSec: 형식이 틀리면 null이다 — 추측해 만들지 않는다
ok 1755 - kstToEpochSec: 형식이 틀리면 null이다 — 추측해 만들지 않는다
  ---
  duration_ms: 0.3393
  ...
# Subtest: kstTradingDate: UTC 자정 직후에도 KST 날짜를 준다
ok 1756 - kstTradingDate: UTC 자정 직후에도 KST 날짜를 준다
  ---
  duration_ms: 3.4424
  ...
# Subtest: parseRealTick: 0B 체결을 읽는다(등락 부호는 크기만 쓴다)
ok 1757 - parseRealTick: 0B 체결을 읽는다(등락 부호는 크기만 쓴다)
  ---
  duration_ms: 1.4502
  ...
# Subtest: parseRealTick: 등락율(12)은 부호를 보존하고, 누적거래량(13)은 크기만 쓴다
ok 1758 - parseRealTick: 등락율(12)은 부호를 보존하고, 누적거래량(13)은 크기만 쓴다
  ---
  duration_ms: 0.4857
  ...
# Subtest: parseRealTick: 0B가 아니거나 값이 모자라면 null이다
ok 1759 - parseRealTick: 0B가 아니거나 값이 모자라면 null이다
  ---
  duration_ms: 0.4102
  ...
# Subtest: parseRealFrame: REAL 프레임만 읽고 0B 아닌 행은 버린다
ok 1760 - parseRealFrame: REAL 프레임만 읽고 0B 아닌 행은 버린다
  ---
  duration_ms: 0.5576
  ...
# Subtest: parseRealFrame: REAL이 아니면 빈 배열이다
ok 1761 - parseRealFrame: REAL이 아니면 빈 배열이다
  ---
  duration_ms: 0.1909
  ...
# Subtest: buildRegisterBody: data[].type이 tr_id와 정확히 일치한다
ok 1762 - buildRegisterBody: data[].type이 tr_id와 정확히 일치한다
  ---
  duration_ms: 0.6222
  ...
# Subtest: buildRemoveBody: trnm만 REMOVE로 바뀌고 나머지는 REG와 같은 모양이다
ok 1763 - buildRemoveBody: trnm만 REMOVE로 바뀌고 나머지는 REG와 같은 모양이다
  ---
  duration_ms: 0.6136
  ...
# Subtest: acquire: 같은 종목은 한 번만 REG를 보낸다(REG는 리미터 소모)
ok 1764 - acquire: 같은 종목은 한 번만 REG를 보낸다(REG는 리미터 소모)
  ---
  duration_ms: 0.6898
  ...
# Subtest: acquire: 거부되면 등록으로 치지 않는다 — 다음에 다시 시도한다
ok 1765 - acquire: 거부되면 등록으로 치지 않는다 — 다음에 다시 시도한다
  ---
  duration_ms: 0.4633
  ...
# Subtest: acquire: 네트워크 실패도 조용히 성공으로 만들지 않는다
ok 1766 - acquire: 네트워크 실패도 조용히 성공으로 만들지 않는다
  ---
  duration_ms: 0.3449
  ...
# Subtest: acquire: 같은 종목이 REG 왕복 중에 겹쳐 들어와도 참조가 새지 않는다
ok 1767 - acquire: 같은 종목이 REG 왕복 중에 겹쳐 들어와도 참조가 새지 않는다
  ---
  duration_ms: 0.4434
  ...
# Subtest: release: 카드 2장 중 1장만 닫으면 참조가 남아 REMOVE를 안 보낸다
ok 1768 - release: 카드 2장 중 1장만 닫으면 참조가 남아 REMOVE를 안 보낸다
  ---
  duration_ms: 0.4316
  ...
# Subtest: release: 0→1→0 — 마지막 참조가 빠지는 순간에만 REMOVE를 보낸다
ok 1769 - release: 0→1→0 — 마지막 참조가 빠지는 순간에만 REMOVE를 보낸다
  ---
  duration_ms: 0.2876
  ...
# Subtest: release: 쥔 적 없는 종목의 release는 조용히 무시한다(REMOVE 안 보냄)
ok 1770 - release: 쥔 적 없는 종목의 release는 조용히 무시한다(REMOVE 안 보냄)
  ---
  duration_ms: 0.1509
  ...
# Subtest: createRealtimeRegistrar: trId를 넘기면 그 TR로 REG/REMOVE를 보낸다(task \#25 — 0D 재사용)
ok 1771 - createRealtimeRegistrar: trId를 넘기면 그 TR로 REG/REMOVE를 보낸다(task \#25 — 0D 재사용)
  ---
  duration_ms: 0.4307
  ...
# Subtest: createRealtimeRegistrar: 서로 다른 trId 인스턴스는 참조 계수를 공유하지 않는다
ok 1772 - createRealtimeRegistrar: 서로 다른 trId 인스턴스는 참조 계수를 공유하지 않는다
  ---
  duration_ms: 0.3386
  ...
# Subtest: release: REMOVE 실패를 호출자에게 전파하고 pending 참조를 재시도한다
ok 1773 - release: REMOVE 실패를 호출자에게 전파하고 pending 참조를 재시도한다
  ---
  duration_ms: 2.4051
  ...
# Subtest: period reload maps through authoritative AITS contract and preserves exact args/panel identity
ok 1774 - period reload maps through authoritative AITS contract and preserves exact args/panel identity
  ---
  duration_ms: 4.1795
  ...
# Subtest: intraday and adjusted reload produce fresh exact request arguments without accepting stale generation
ok 1775 - intraday and adjusted reload produce fresh exact request arguments without accepting stale generation
  ---
  duration_ms: 2.0063
  ...
# Subtest: gold generic reload group stays on ka50079/ka50080 and never crosses into today operations
ok 1776 - gold generic reload group stays on ka50079/ka50080 and never crosses into today operations
  ---
  duration_ms: 0.7354
  ...
# Subtest: gold today reload group stays on ka50091/ka50092 and never selects generic operations
ok 1777 - gold today reload group stays on ka50091/ka50092 and never selects generic operations
  ---
  duration_ms: 0.3892
  ...
# Subtest: ambiguous or cross-family signed reload metadata fails closed at registration
ok 1778 - ambiguous or cross-family signed reload metadata fails closed at registration
  ---
  duration_ms: 0.4606
  ...
# Subtest: only a real data chart session registers reload authority and exact result is required
ok 1779 - only a real data chart session registers reload authority and exact result is required
  ---
  duration_ms: 0.9569
  ...
# Subtest: an accepted toolbar reload mints a fresh one-use resolve token before render-plan
ok 1780 - an accepted toolbar reload mints a fresh one-use resolve token before render-plan
  ---
  duration_ms: 3.7455
  ...
# Subtest: destroyed panels lose reload authority and repeated registrations stay bounded
ok 1781 - destroyed panels lose reload authority and repeated registrations stay bounded
  ---
  duration_ms: 0.7026
  ...
# (node:11860) ExperimentalWarning: SQLite is an experimental feature and might change at any time
# (Use `node --trace-warnings ...` to show where the warning was created)
# Subtest: 대화 원문과 동기화 상태를 저장하고 재시작 뒤 다시 연다
ok 1782 - 대화 원문과 동기화 상태를 저장하고 재시작 뒤 다시 연다
  ---
  duration_ms: 61.6127
  ...
# Subtest: 같은 message_id는 기존 원문과 상태를 덮어쓰지 않는다
ok 1783 - 같은 message_id는 기존 원문과 상태를 덮어쓰지 않는다
  ---
  duration_ms: 28.8528
  ...
# Subtest: 1만 자를 넘는 장문도 축약 없이 pending 원문으로 보존한다
ok 1784 - 1만 자를 넘는 장문도 축약 없이 pending 원문으로 보존한다
  ---
  duration_ms: 2.0273
  ...
# Subtest: ACK 처리하면 pending 원문을 지우고 동기화 메타데이터만 남긴다
ok 1785 - ACK 처리하면 pending 원문을 지우고 동기화 메타데이터만 남긴다
  ---
  duration_ms: 0.6577
  ...
# Subtest: 수집 해제 시 pending 원문을 모두 purge한다
ok 1786 - 수집 해제 시 pending 원문을 모두 purge한다
  ---
  duration_ms: 0.7352
  ...
# Subtest: reuses one startup/WarmQuery.query/output pump across successful turns
ok 1787 - reuses one startup/WarmQuery.query/output pump across successful turns
  ---
  duration_ms: 19.0835
  ...
# Subtest: rotation start resumes exclusively from the supervisor committed generation-context checkpoint
ok 1788 - rotation start resumes exclusively from the supervisor committed generation-context checkpoint
  ---
  duration_ms: 1.8899
  ...
# Subtest: new-conversation generation context with both cursor fields null never resumes desired-state cursor fields
ok 1789 - new-conversation generation context with both cursor fields null never resumes desired-state cursor fields
  ---
  duration_ms: 1.0036
  ...
# Subtest: generation-context cursor validation rejects wrong providers, malformed hashes and inconsistent sessions before startup
ok 1790 - generation-context cursor validation rejects wrong providers, malformed hashes and inconsistent sessions before startup
  ---
  duration_ms: 1.4765
  ...
# Subtest: generation context must explicitly provide both initial cursor fields
ok 1791 - generation context must explicitly provide both initial cursor fields
  ---
  duration_ms: 0.4868
  ...
# Subtest: keeps success provisional until the matching persisted assistant UUID appears
ok 1792 - keeps success provisional until the matching persisted assistant UUID appears
  ---
  duration_ms: 30.6563
  ...
# Subtest: keeps a successful cursor provisional until supervisor commit and rolls back hidden transcript on rejection
ok 1793 - keeps a successful cursor provisional until supervisor commit and rolls back hidden transcript on rejection
  ---
  duration_ms: 2.878
  ...
# Subtest: matching supervisor acknowledgement atomically promotes the provisional Claude cursor
ok 1794 - matching supervisor acknowledgement atomically promotes the provisional Claude cursor
  ---
  duration_ms: 2.8354
  ...
# Subtest: commit compensator restores the previous durable checkpoint after later history failure
ok 1795 - commit compensator restores the previous durable checkpoint after later history failure
  ---
  duration_ms: 4.5687
  ...
# Subtest: an older commit compensator cannot roll back a newer acknowledged Claude cursor
ok 1796 - an older commit compensator cannot roll back a newer acknowledged Claude cursor
  ---
  duration_ms: 3.3055
  ...
# Subtest: fails closed when the persisted checkpoint never appears
ok 1797 - fails closed when the persisted checkpoint never appears
  ---
  duration_ms: 16.3028
  ...
# Subtest: forks the last durable assistant boundary before accepting another turn after failure
ok 1798 - forks the last durable assistant boundary before accepting another turn after failure
  ---
  duration_ms: 7.3772
  ...
# Subtest: fork failure emits one PROVIDER_CONTEXT_LOST terminal instead of publishing the earlier provider error
ok 1799 - fork failure emits one PROVIDER_CONTEXT_LOST terminal instead of publishing the earlier provider error
  ---
  duration_ms: 2.0211
  ...
# Subtest: uses exact SDK options and a generation-scoped PreToolUse fail-closed fence
ok 1800 - uses exact SDK options and a generation-scoped PreToolUse fail-closed fence
  ---
  duration_ms: 1.6079
  ...
# Subtest: interrupt waits for the SDK interrupt request and emits one interrupted terminal on result
ok 1801 - interrupt waits for the SDK interrupt request and emits one interrupted terminal on result
  ---
  duration_ms: 2.2486
  ...
# Subtest: a pre-aborted turn is terminal without writing its prompt to the persistent input queue
ok 1802 - a pre-aborted turn is terminal without writing its prompt to the persistent input queue
  ---
  duration_ms: 1.3344
  ...
# Subtest: structured frame cap terminates the turn without emitting late deltas
ok 1803 - structured frame cap terminates the turn without emitting late deltas
  ---
  duration_ms: 3.5014
  ...
# Subtest: turn and generation structured-byte limits are enforced independently
ok 1804 - turn and generation structured-byte limits are enforced independently
  ---
  duration_ms: 3.5915
  ...
# Subtest: raw stdout byte limit is independent from structured frame limits
ok 1805 - raw stdout byte limit is independent from structured frame limits
  ---
  duration_ms: 2.9355
  ...
# Subtest: active output iterator crash yields one typed terminal and restarts from the safe boundary
ok 1806 - active output iterator crash yields one typed terminal and restarts from the safe boundary
  ---
  duration_ms: 5.9912
  ...
# Subtest: result followed by iterator throw cannot create a second terminal
ok 1807 - result followed by iterator throw cannot create a second terminal
  ---
  duration_ms: 1.9835
  ...
# Subtest: normalizes partial text, thinking, tool start/progress/completion and Canvas result events
ok 1808 - normalizes partial text, thinking, tool start/progress/completion and Canvas result events
  ---
  duration_ms: 3.8512
  ...
# Subtest: generation-owned spawn asserts, builds fresh env, registers the child, and hides Windows shells
ok 1809 - generation-owned spawn asserts, builds fresh env, registers the child, and hides Windows shells
  ---
  duration_ms: 2.7757
  ...
# Subtest: exact MCP collection reads only snapshot.allowedTools and rejects non-Athena or non-exact names
ok 1810 - exact MCP collection reads only snapshot.allowedTools and rejects non-Athena or non-exact names
  ---
  duration_ms: 0.5635
  ...
# Subtest: stop checks every registered child result and surfaces one typed aggregate fence failure
ok 1811 - stop checks every registered child result and surfaces one typed aggregate fence failure
  ---
  duration_ms: 1.2278
  ...
# Subtest: stop retains failed process-fence registrations so a later stop can retry ownership
ok 1812 - stop retains failed process-fence registrations so a later stop can retry ownership
  ---
  duration_ms: 1.112
  ...
# Subtest: recovery preserves the typed process-fence failure instead of flattening it to context loss
ok 1813 - recovery preserves the typed process-fence failure instead of flattening it to context loss
  ---
  duration_ms: 3.8732
  ...
# Subtest: registerChild failure waits for tree-fence cleanup and cleanup failure overrides readiness with typed error
ok 1814 - registerChild failure waits for tree-fence cleanup and cleanup failure overrides readiness with typed error
  ---
  duration_ms: 4.2419
  ...
# Subtest: canonical persisted-message hash sorts object keys recursively and preserves arrays
ok 1815 - canonical persisted-message hash sorts object keys recursively and preserves arrays
  ---
  duration_ms: 0.3986
  ...
# Subtest: 명시 오버라이드는 존재를 확인하지 않고 그대로 돌려준다
ok 1816 - 명시 오버라이드는 존재를 확인하지 않고 그대로 돌려준다
  ---
  duration_ms: 1.5162
  ...
# Subtest: 오버라이드가 있으면 PATH를 조회조차 하지 않는다
ok 1817 - 오버라이드가 있으면 PATH를 조회조차 하지 않는다
  ---
  duration_ms: 0.7435
  ...
# Subtest: Windows에서 where가 준 .cmd/.ps1 래퍼는 건너뛰고 .exe를 고른다
ok 1818 - Windows에서 where가 준 .cmd/.ps1 래퍼는 건너뛰고 .exe를 고른다
  ---
  duration_ms: 0.7996
  ...
# Subtest: PATH가 비면 네이티브 설치 경로로 내려간다
ok 1819 - PATH가 비면 네이티브 설치 경로로 내려간다
  ---
  duration_ms: 0.424
  ...
# Subtest: 네이티브 경로는 homedir에서 유도한다 — 사용자명이 박히지 않는다
ok 1820 - 네이티브 경로는 homedir에서 유도한다 — 사용자명이 박히지 않는다
  ---
  duration_ms: 0.3277
  ...
# Subtest: posix는 확장자 없는 claude를 찾는다
ok 1821 - posix는 확장자 없는 claude를 찾는다
  ---
  duration_ms: 1.7232
  ...
# Subtest: 아무 후보도 없으면 기존 동작대로 bare claude로 떨어진다
ok 1822 - 아무 후보도 없으면 기존 동작대로 bare claude로 떨어진다
  ---
  duration_ms: 0.369
  ...
# Subtest: where/which 자체가 없어도 죽지 않고 다음 후보로 간다
ok 1823 - where/which 자체가 없어도 죽지 않고 다음 후보로 간다
  ---
  duration_ms: 0.3078
  ...
# Subtest: 후보 목록이 오류 메시지용으로 노출된다
ok 1824 - 후보 목록이 오류 메시지용으로 노출된다
  ---
  duration_ms: 0.7639
  ...
# Subtest: getClaudeBin은 오버라이드를 매번 다시 읽는다 (캐시하지 않는다)
ok 1825 - getClaudeBin은 오버라이드를 매번 다시 읽는다 (캐시하지 않는다)
  ---
  duration_ms: 0.7061
  ...
# Subtest: buildChatSessionArgs — 전체 옵션이 정확한 순서로 붙는다
ok 1826 - buildChatSessionArgs — 전체 옵션이 정확한 순서로 붙는다
  ---
  duration_ms: 2.4251
  ...
# Subtest: buildChatSessionArgs — 선택 옵션이 없으면 인자 자체가 빠진다
ok 1827 - buildChatSessionArgs — 선택 옵션이 없으면 인자 자체가 빠진다
  ---
  duration_ms: 0.3556
  ...
# Subtest: live-prompt 분리 — 레거시 buildLivePrompt는 규칙+턴의 합성과 바이트 동일
ok 1828 - live-prompt 분리 — 레거시 buildLivePrompt는 규칙+턴의 합성과 바이트 동일
  ---
  duration_ms: 0.2983
  ...
# Subtest: warm()은 1회만 스폰하고 env/옵션을 계약대로 넘긴다
ok 1829 - warm()은 1회만 스폰하고 env/옵션을 계약대로 넘긴다
  ---
  duration_ms: 249.398
  ...
# Subtest: run() — user 메시지 JSONL을 쓰고 result 이벤트로 resolve, 프로세스 재사용
ok 1830 - run() — user 메시지 JSONL을 쓰고 result 이벤트로 resolve, 프로세스 재사용
  ---
  duration_ms: 9.3358
  ...
# Subtest: quiet 창(잔여 조각 대기) 중 연속 질의도 같은 프로세스를 쓴다
ok 1831 - quiet 창(잔여 조각 대기) 중 연속 질의도 같은 프로세스를 쓴다
  ---
  duration_ms: 1.2956
  ...
# Subtest: 예열 없이 run()하면 즉시 스폰하고 resumeSessionId를 --resume으로 쓴다
ok 1832 - 예열 없이 run()하면 즉시 스폰하고 resumeSessionId를 --resume으로 쓴다
  ---
  duration_ms: 0.9609
  ...
# Subtest: onTextDelta·onCanvasResult·onEvent가 턴 스트림에서 전달된다
ok 1833 - onTextDelta·onCanvasResult·onEvent가 턴 스트림에서 전달된다
  ---
  duration_ms: 1.6296
  ...
# Subtest: kill 핸들 — aborted 즉시 resolve + 재예열은 완결 턴 커서로(중단 턴 포크 무시)
ok 1834 - kill 핸들 — aborted 즉시 resolve + 재예열은 완결 턴 커서로(중단 턴 포크 무시)
  ---
  duration_ms: 35.708
  ...
# Subtest: 재사용 게이트 — 호출자 커서와 프로세스 계보가 다르면 재사용하지 않는다
ok 1835 - 재사용 게이트 — 호출자 커서와 프로세스 계보가 다르면 재사용하지 않는다
  ---
  duration_ms: 30.5497
  ...
# Subtest: resumeSessionId 생략(undefined)은 재사용을 막지 않는다
ok 1836 - resumeSessionId 생략(undefined)은 재사용을 막지 않는다
  ---
  duration_ms: 14.2735
  ...
# Subtest: stdout 누적 상한 초과 — stdoutCapped:true + 프로세스 교체
ok 1837 - stdout 누적 상한 초과 — stdoutCapped:true + 프로세스 교체
  ---
  duration_ms: 14.6938
  ...
# Subtest: 스폰 실패 — runClaudeQuery와 같은 에러 형상으로 resolve한다
ok 1838 - 스폰 실패 — runClaudeQuery와 같은 에러 형상으로 resolve한다
  ---
  duration_ms: 1.0303
  ...
# Subtest: signal abort — aborted:true, reason 메시지 유지
ok 1839 - signal abort — aborted:true, reason 메시지 유지
  ---
  duration_ms: 0.7601
  ...
# Subtest: 턴 타임아웃 — timedOut:true, 프로세스 교체
ok 1840 - 턴 타임아웃 — timedOut:true, 프로세스 교체
  ---
  duration_ms: 13.4932
  ...
# Subtest: 턴 중 프로세스 close — exitCode 실은 실패 결과 + 재예열
ok 1841 - 턴 중 프로세스 close — exitCode 실은 실패 결과 + 재예열
  ---
  duration_ms: 15.3703
  ...
# Subtest: model/effort 변경 — 프로세스를 교체하고 --resume으로 문맥을 잇는다
ok 1842 - model/effort 변경 — 프로세스를 교체하고 --resume으로 문맥을 잇는다
  ---
  duration_ms: 15.2354
  ...
# Subtest: 선점 — busy 중 새 run()이 오면 이전 턴은 aborted, 새 프로세스에서 처리
ok 1843 - 선점 — busy 중 새 run()이 오면 이전 턴은 aborted, 새 프로세스에서 처리
  ---
  duration_ms: 1.2221
  ...
# Subtest: stop() — 진행 중 턴은 aborted, 이후 재예열도 run()도 없다
ok 1844 - stop() — 진행 중 턴은 aborted, 이후 재예열도 run()도 없다
  ---
  duration_ms: 14.1977
  ...
# Subtest: 빈 질의는 스폰 없이 거부한다
ok 1845 - 빈 질의는 스폰 없이 거부한다
  ---
  duration_ms: 0.4396
  ...
# Subtest: runClaudeQuery: stdout 누적 총량이 MAX_STDOUT_BYTES를 넘으면 프로세스 트리를 죽이고 stdoutCapped:true를 보고한다
ok 1846 - runClaudeQuery: stdout 누적 총량이 MAX_STDOUT_BYTES를 넘으면 프로세스 트리를 죽이고 stdoutCapped:true를 보고한다
  ---
  duration_ms: 968.4972
  ...
# Subtest: runClaudeQuery: stdout 누적 총량이 상한 아래면 stdoutCapped:false — 정상 종료를 방해하지 않는다
ok 1847 - runClaudeQuery: stdout 누적 총량이 상한 아래면 stdoutCapped:false — 정상 종료를 방해하지 않는다
  ---
  duration_ms: 1064.0266
  ...
# Subtest: runClaudeQuery: 부모 셸이 ENABLE_TOOL_SEARCH=1을 오염시켜도 자식 spawn env는 "0"으로 고정된다 (2026-08-26 카드 랜딩 결함)
ok 1848 - runClaudeQuery: 부모 셸이 ENABLE_TOOL_SEARCH=1을 오염시켜도 자식 spawn env는 "0"으로 고정된다 (2026-08-26 카드 랜딩 결함)
  ---
  duration_ms: 702.2053
  ...
# Subtest: buildArgs: RESULT.md §1 실왕복 커맨드와 동일한 인자 순서 · --setting-sources는 빈 문자열
ok 1849 - buildArgs: RESULT.md §1 실왕복 커맨드와 동일한 인자 순서 · --setting-sources는 빈 문자열
  ---
  duration_ms: 2.512
  ...
# Subtest: buildArgs: --disallowedTools가 항상 붙는다(2026-08-27, \#33) — allowedTools 값과 무관한 별도 안전망
ok 1850 - buildArgs: --disallowedTools가 항상 붙는다(2026-08-27, \#33) — allowedTools 값과 무관한 별도 안전망
  ---
  duration_ms: 0.3216
  ...
# Subtest: buildArgs: --include-partial-messages가 항상 붙는다(2026-08-26 S2 — 답변 텍스트 델타 스트리밍)
ok 1851 - buildArgs: --include-partial-messages가 항상 붙는다(2026-08-26 S2 — 답변 텍스트 델타 스트리밍)
  ---
  duration_ms: 0.154
  ...
# Subtest: buildArgs: --tools를 붙이지 않는다 — 표면 축소 실험 철회(E2E run1~5 실측, claude-runner.js 주석)
ok 1852 - buildArgs: --tools를 붙이지 않는다 — 표면 축소 실험 철회(E2E run1~5 실측, claude-runner.js 주석)
  ---
  duration_ms: 0.1338
  ...
# Subtest: buildArgs: classification-only 실행은 모든 툴을 닫고 MCP 허용 플래그를 싣지 않는다
ok 1853 - buildArgs: classification-only 실행은 모든 툴을 닫고 MCP 허용 플래그를 싣지 않는다
  ---
  duration_ms: 0.3034
  ...
# Subtest: buildArgs: --setting-sources 값은 항상 빈 문자열 하나뿐 — 콤마 값 등으로 오염되지 않는다
ok 1854 - buildArgs: --setting-sources 값은 항상 빈 문자열 하나뿐 — 콤마 값 등으로 오염되지 않는다
  ---
  duration_ms: 0.1441
  ...
# Subtest: buildArgs: resumeSessionId가 없으면 --resume이 붙지 않는다 — 첫 턴은 새 세션
ok 1855 - buildArgs: resumeSessionId가 없으면 --resume이 붙지 않는다 — 첫 턴은 새 세션
  ---
  duration_ms: 0.4117
  ...
# Subtest: buildArgs: resumeSessionId가 있으면 --resume <id>가 끝에 붙는다 — 멀티턴 재개
ok 1856 - buildArgs: resumeSessionId가 있으면 --resume <id>가 끝에 붙는다 — 멀티턴 재개
  ---
  duration_ms: 0.2735
  ...
# Subtest: buildArgs: model이 있으면 --model <model>이 --allowedTools 뒤·--resume 앞에 붙는다
ok 1857 - buildArgs: model이 있으면 --model <model>이 --allowedTools 뒤·--resume 앞에 붙는다
  ---
  duration_ms: 0.4562
  ...
# Subtest: buildArgs: model이 없으면(undefined) --model이 안 붙는다 — "기본"의 의미
ok 1858 - buildArgs: model이 없으면(undefined) --model이 안 붙는다 — "기본"의 의미
  ---
  duration_ms: 0.5616
  ...
# Subtest: buildArgs: effort가 있으면 --effort <effort>가 붙는다
ok 1859 - buildArgs: effort가 있으면 --effort <effort>가 붙는다
  ---
  duration_ms: 0.2868
  ...
# Subtest: buildArgs: effort가 없으면 --effort가 안 붙는다
ok 1860 - buildArgs: effort가 없으면 --effort가 안 붙는다
  ---
  duration_ms: 0.1342
  ...
# Subtest: buildArgs: model·effort·resumeSessionId가 모두 있으면 셋 다 붙고, model/effort가 --resume보다 앞이다
ok 1861 - buildArgs: model·effort·resumeSessionId가 모두 있으면 셋 다 붙고, model/effort가 --resume보다 앞이다
  ---
  duration_ms: 0.1394
  ...
# Subtest: RENDER_CANVAS_ALLOWED_TOOL: athena__가 두 번 나오는 실측 이름 그대로
ok 1862 - RENDER_CANVAS_ALLOWED_TOOL: athena__가 두 번 나오는 실측 이름 그대로
  ---
  duration_ms: 0.0742
  ...
# Subtest: GATEWAY_ALLOWED_TOOLS: 서버 단위 허용 — 업스트림 재노출 툴이 권한에서 죽지 않는다
ok 1863 - GATEWAY_ALLOWED_TOOLS: 서버 단위 허용 — 업스트림 재노출 툴이 권한에서 죽지 않는다
  ---
  duration_ms: 0.0896
  ...
# Subtest: DISALLOWED_EXECUTION_TOOLS: 실행류 빌트인 차단 — Read·Glob(첨부)·Agent(서브에이전트)는 의도적 제외
ok 1864 - DISALLOWED_EXECUTION_TOOLS: 실행류 빌트인 차단 — Read·Glob(첨부)·Agent(서브에이전트)는 의도적 제외
  ---
  duration_ms: 0.1195
  ...
# Subtest: DISABLE_TOOL_SEARCH_ENV: 항상 "0"으로 고정한다 — 부모 셸의 ENABLE_TOOL_SEARCH 상속을 덮는다
ok 1865 - DISABLE_TOOL_SEARCH_ENV: 항상 "0"으로 고정한다 — 부모 셸의 ENABLE_TOOL_SEARCH 상속을 덮는다
  ---
  duration_ms: 0.1136
  ...
# Subtest: default start spawns eight warming workers and promotes all eight only after warmup results
ok 1866 - default start spawns eight warming workers and promotes all eight only after warmup results
  ---
  duration_ms: 275.2829
  ...
# Subtest: worker args preserve stream JSON and complete tool/MCP isolation
ok 1867 - worker args preserve stream JSON and complete tool/MCP isolation
  ---
  duration_ms: 0.517
  ...
# Subtest: requests stay queued until a real warmup result makes a worker ready
ok 1868 - requests stay queued until a real warmup result makes a worker ready
  ---
  duration_ms: 18.3027
  ...
# Subtest: request timeout is absolute from enqueue and expires without any ready worker or assignment
ok 1869 - request timeout is absolute from enqueue and expires without any ready worker or assignment
  ---
  duration_ms: 14.4728
  ...
# Subtest: a warmed process is reused normally without another spawn
ok 1870 - a warmed process is reused normally without another spawn
  ---
  duration_ms: 29.9649
  ...
# Subtest: aborting one of four active turns resolves promptly without killing it and the next query uses a ready spare PID
ok 1871 - aborting one of four active turns resolves promptly without killing it and the next query uses a ready spare PID
  ---
  duration_ms: 15.9568
  ...
# Subtest: crash and timeout kill only the failed worker while queued work routes to an already-ready spare
ok 1872 - crash and timeout kill only the failed worker while queued work routes to an already-ready spare
  ---
  duration_ms: 47.3401
  ...
# Subtest: result resolves immediately but trailing events remain isolated until the quiet boundary
ok 1873 - result resolves immediately but trailing events remain isolated until the quiet boundary
  ---
  duration_ms: 80.2939
  ...
# Subtest: stdin error kills the old process exactly once and replaces it
ok 1874 - stdin error kills the old process exactly once and replaces it
  ---
  duration_ms: 28.1008
  ...
# Subtest: warmup error and warmup timeout both kill and replace the unready worker
ok 1875 - warmup error and warmup timeout both kill and replace the unready worker
  ---
  duration_ms: 14.0003
  ...
# Subtest: an is_error result is recycled only after a warmed replacement restores capacity
ok 1876 - an is_error result is recycled only after a warmed replacement restores capacity
  ---
  duration_ms: 30.4588
  ...
# Subtest: max user turns blue-green rotates only after replacement warmup succeeds
ok 1877 - max user turns blue-green rotates only after replacement warmup succeeds
  ---
  duration_ms: 48.2817
  ...
# Subtest: hot configuration retains the entire old generation until every new worker is warm
ok 1878 - hot configuration retains the entire old generation until every new worker is warm
  ---
  duration_ms: 46.2989
  ...
# Subtest: failed hot configuration keeps stale workers alive but never routes new prompts to them
ok 1879 - failed hot configuration keeps stale workers alive but never routes new prompts to them
  ---
  duration_ms: 33.2364
  ...
# Subtest: A to B to C before B warm drops the intermediate warming generation and keeps only A serving until C is ready
ok 1880 - A to B to C before B warm drops the intermediate warming generation and keeps only A serving until C is ready
  ---
  duration_ms: 27.385
  ...
# Subtest: warmup failure retries with bounded anti-spin backoff and stop prevents further respawn
ok 1881 - warmup failure retries with bounded anti-spin backoff and stop prevents further respawn
  ---
  duration_ms: 2.8643
  ...
# Subtest: tool policy: allowed/disallowed values preserve their exact UTF-8 bytes
ok 1882 - tool policy: allowed/disallowed values preserve their exact UTF-8 bytes
  ---
  duration_ms: 1.8684
  ...
# Subtest: cold runner: policy extraction preserves argv and tool-search env byte-for-byte
ok 1883 - cold runner: policy extraction preserves argv and tool-search env byte-for-byte
  ---
  duration_ms: 0.5104
  ...
# Subtest: list preserves the existing provider-grouped IPC shape and fixed order
ok 1884 - list preserves the existing provider-grouped IPC shape and fixed order
  ---
  duration_ms: 20.4288
  ...
# Subtest: list marks only the login the Claude CLI currently holds as current
ok 1885 - list marks only the login the Claude CLI currently holds as current
  ---
  duration_ms: 17.5441
  ...
# Subtest: remove drops a previous Claude login and hands active over to the current one
ok 1886 - remove drops a previous Claude login and hands active over to the current one
  ---
  duration_ms: 17.7152
  ...
# Subtest: remove refuses the login the Claude CLI currently holds and leaves state untouched
ok 1887 - remove refuses the login the Claude CLI currently holds and leaves state untouched
  ---
  duration_ms: 12.3019
  ...
# Subtest: remove on the Codex runtime account is the private-home logout
ok 1888 - remove on the Codex runtime account is the private-home logout
  ---
  duration_ms: 11.3977
  ...
# Subtest: remove of an unknown account fails without touching state
ok 1889 - remove of an unknown account fails without touching state
  ---
  duration_ms: 3.3755
  ...
# Subtest: global Codex state never counts and disconnected private status removes stale rows and active selection
ok 1890 - global Codex state never counts and disconnected private status removes stale rows and active selection
  ---
  duration_ms: 12.5294
  ...
# Subtest: spawn error and timeout are unavailable and clear an active Codex row fail-closed
ok 1891 - spawn error and timeout are unavailable and clear an active Codex row fail-closed
  ---
  duration_ms: 43.7163
  ...
# Subtest: concurrent reconciliations serialize and each mutex acquisition starts a fresh probe and one save
ok 1892 - concurrent reconciliations serialize and each mutex acquisition starts a fresh probe and one save
  ---
  duration_ms: 17.6336
  ...
# Subtest: list and getActiveAccount each perform a fresh reconciliation and never expose status output
ok 1893 - list and getActiveAccount each perform a fresh reconciliation and never expose status output
  ---
  duration_ms: 15.7203
  ...
# Subtest: production persistence writes a complete JSON snapshot and leaves no temporary file
ok 1894 - production persistence writes a complete JSON snapshot and leaves no temporary file
  ---
  duration_ms: 22.9707
  ...
# Subtest: Codex login uses the private runtime visible launcher and never mutates global home
ok 1895 - Codex login uses the private runtime visible launcher and never mutates global home
  ---
  duration_ms: 11.5039
  ...
# Subtest: Codex logout and follow-up status use the same private home and clear only the private runtime row
ok 1896 - Codex logout and follow-up status use the same private home and clear only the private runtime row
  ---
  duration_ms: 18.6128
  ...
# Subtest: Grok auth.json email becomes the only grok row and can be selected
ok 1897 - Grok auth.json email becomes the only grok row and can be selected
  ---
  duration_ms: 30.5889
  ...
# Subtest: login rejects unknown providers and accepts grok as a known provider
ok 1898 - login rejects unknown providers and accepts grok as a known provider
  ---
  duration_ms: 2.6417
  ...
# Subtest: request IDs correlate out of order and wire envelopes omit jsonrpc
ok 1899 - request IDs correlate out of order and wire envelopes omit jsonrpc
  ---
  duration_ms: 3.6508
  ...
# Subtest: notifications accept optional emittedAtMs as diagnostics and never as ordering
ok 1900 - notifications accept optional emittedAtMs as diagnostics and never as ordering
  ---
  duration_ms: 0.5083
  ...
# Subtest: jsonrpc field is a contract violation on input and output
ok 1901 - jsonrpc field is a contract violation on input and output
  ---
  duration_ms: 0.7755
  ...
# Subtest: EOF flushes a valid response without newline
ok 1902 - EOF flushes a valid response without newline
  ---
  duration_ms: 0.4496
  ...
# Subtest: malformed EOF carry, oversized carry, and unknown response IDs fail closed
ok 1903 - malformed EOF carry, oversized carry, and unknown response IDs fail closed
  ---
  duration_ms: 0.448
  ...
# Subtest: turn and generation output caps apply after terminal and stderr is a bounded ring
ok 1904 - turn and generation output caps apply after terminal and stderr is a bounded ring
  ---
  duration_ms: 1.7869
  ...
# Subtest: process exit rejects and clears all pending requests with safe diagnostics
ok 1905 - process exit rejects and clears all pending requests with safe diagnostics
  ---
  duration_ms: 0.619
  ...
# Subtest: one process owns two conversation threads and same-conversation turns stay FIFO
ok 1906 - one process owns two conversation threads and same-conversation turns stay FIFO
  ---
  duration_ms: 19.8256
  ...
# Subtest: existing cursor resumes with stable {threadId} params only
ok 1907 - existing cursor resumes with stable {threadId} params only
  ---
  duration_ms: 4.3083
  ...
# Subtest: failed turn recovers by forking at the last successful provider turn before next write
ok 1908 - failed turn recovers by forking at the last successful provider turn before next write
  ---
  duration_ms: 4.8444
  ...
# Subtest: turn/start overload retries only rejected requests and keeps FIFO ownership
ok 1909 - turn/start overload retries only rejected requests and keeps FIFO ownership
  ---
  duration_ms: 3.8427
  ...
# Subtest: non-overload rejection is not retried
ok 1910 - non-overload rejection is not retried
  ---
  duration_ms: 5.0159
  ...
# Subtest: overload received after turn/started is never retried
ok 1911 - overload received after turn/started is never retried
  ---
  duration_ms: 2.3511
  ...
# Subtest: interrupt acknowledgement is not terminal; interrupted completion resolves interrupt and turn
ok 1912 - interrupt acknowledgement is not terminal; interrupted completion resolves interrupt and turn
  ---
  duration_ms: 4.0587
  ...
# Subtest: stale generation fences writes and late notifications
ok 1913 - stale generation fences writes and late notifications
  ---
  duration_ms: 1.1889
  ...
# Subtest: late notifications from a fenced generation cannot reach the turn context
ok 1914 - late notifications from a fenced generation cannot reach the turn context
  ---
  duration_ms: 2.4102
  ...
# Subtest: thread-scoped MCP pagination exact-matches stable fields without requiring pluginId
ok 1915 - thread-scoped MCP pagination exact-matches stable fields without requiring pluginId
  ---
  duration_ms: 2.6301
  ...
# Subtest: process crash rejects active requests and marks cursors for stable resume on a fresh session
ok 1916 - process crash rejects active requests and marks cursors for stable resume on a fresh session
  ---
  duration_ms: 1.6982
  ...
# Subtest: stop terminates registered process and clears pending request correlations
ok 1917 - stop terminates registered process and clears pending request correlations
  ---
  duration_ms: 1.3571
  ...
# Subtest: codexHome/configPath: CODEX_HOME 환경변수를 그대로 따른다
ok 1918 - codexHome/configPath: CODEX_HOME 환경변수를 그대로 따른다
  ---
  duration_ms: 3.6996
  ...
# Subtest: readModelSettings: 파일이 없으면 model/effort null, exists:false
ok 1919 - readModelSettings: 파일이 없으면 model/effort null, exists:false
  ---
  duration_ms: 3.704
  ...
# Subtest: (a) writeModelSettings: 파일이 없으면 새로 만들고 두 키를 쓴다
ok 1920 - (a) writeModelSettings: 파일이 없으면 새로 만들고 두 키를 쓴다
  ---
  duration_ms: 9.1037
  ...
# Subtest: (b) writeModelSettings: 기존 최상위 키를 in-place 교체한다
ok 1921 - (b) writeModelSettings: 기존 최상위 키를 in-place 교체한다
  ---
  duration_ms: 17.0072
  ...
# Subtest: (c) writeModelSettings: 키가 없으면 주석 뒤에 새로 추가한다
ok 1922 - (c) writeModelSettings: 키가 없으면 주석 뒤에 새로 추가한다
  ---
  duration_ms: 15.0313
  ...
# Subtest: (c-2) writeModelSettings: 둘 다 새로 추가하면 model 다음에 effort가 나란히 온다
ok 1923 - (c-2) writeModelSettings: 둘 다 새로 추가하면 model 다음에 effort가 나란히 온다
  ---
  duration_ms: 7.5673
  ...
# Subtest: (d) writeModelSettings: null 패치는 그 라인만 제거한다
ok 1924 - (d) writeModelSettings: null 패치는 그 라인만 제거한다
  ---
  duration_ms: 19.147
  ...
# Subtest: (e) writeModelSettings: 주석·무관 키·[섹션]을 바이트 그대로 보존한다
ok 1925 - (e) writeModelSettings: 주석·무관 키·[섹션]을 바이트 그대로 보존한다
  ---
  duration_ms: 15.7834
  ...
# Subtest: (f) writeModelSettings: 검증 실패 시 파일을 전혀 건드리지 않고 거부한다
ok 1926 - (f) writeModelSettings: 검증 실패 시 파일을 전혀 건드리지 않고 거부한다
  ---
  duration_ms: 10.8598
  ...
# Subtest: (g) 최상위 스코프만 본다 — [섹션] 아래 동명 키를 오독하지 않는다
ok 1927 - (g) 최상위 스코프만 본다 — [섹션] 아래 동명 키를 오독하지 않는다
  ---
  duration_ms: 9.5944
  ...
# Subtest: isValidCodexEffort: minimal~xhigh만 허용, claude 전용 max는 거부
ok 1928 - isValidCodexEffort: minimal~xhigh만 허용, claude 전용 max는 거부
  ---
  duration_ms: 0.4645
  ...
# Subtest: exact Codex JSONL transport module exposes the bounded RPC client
ok 1929 - exact Codex JSONL transport module exposes the bounded RPC client
  ---
  duration_ms: 3.9765
  ...
# Subtest: CLAUDE_ONLY Codex selection returns action-needed without invoking spawn or Claude fallback
ok 1930 - CLAUDE_ONLY Codex selection returns action-needed without invoking spawn or Claude fallback
  ---
  duration_ms: 2.0507
  ...
# Subtest: cold-mode Codex selection uses the explicit kill-switch code and never calls callbacks
ok 1931 - cold-mode Codex selection uses the explicit kill-switch code and never calls callbacks
  ---
  duration_ms: 0.2608
  ...
# Subtest: non-Codex selection is outside this guard
ok 1932 - non-Codex selection is outside this guard
  ---
  duration_ms: 0.1748
  ...
# Subtest: resolveCodexRuntimeHome: injected userData path owns one fixed codex-runtime child
ok 1933 - resolveCodexRuntimeHome: injected userData path owns one fixed codex-runtime child
  ---
  duration_ms: 1.2771
  ...
# Subtest: module can use a marked private temp home without importing or mutating Electron/global config
ok 1934 - module can use a marked private temp home without importing or mutating Electron/global config
  ---
  duration_ms: 12.2021
  ...
# Subtest: spawnPrivateHomeCommand: account command cannot receive generation context or gateway env
ok 1935 - spawnPrivateHomeCommand: account command cannot receive generation context or gateway env
  ---
  duration_ms: 0.9054
  ...
# Subtest: spawnPrivateHomeInteractiveCommand: Windows launcher uses fixed script and private home without shell interpolation
ok 1936 - spawnPrivateHomeInteractiveCommand: Windows launcher uses fixed script and private home without shell interpolation
  ---
  duration_ms: 1.1388
  ...
# Subtest: spawnPrivateHomeInteractiveCommand: non-Windows launch is argv-safe and keeps global home unchanged
ok 1937 - spawnPrivateHomeInteractiveCommand: non-Windows launch is argv-safe and keeps global home unchanged
  ---
  duration_ms: 0.972
  ...
# Subtest: spawnGenerationAppServer: asserts, builds fresh Codex env, spawns fixed argv, then registers ownership
ok 1938 - spawnGenerationAppServer: asserts, builds fresh Codex env, spawns fixed argv, then registers ownership
  ---
  duration_ms: 0.9643
  ...
# Subtest: spawnGenerationAppServer: a stale generation fails before buildEnv and spawn
ok 1939 - spawnGenerationAppServer: a stale generation fails before buildEnv and spawn
  ---
  duration_ms: 0.8431
  ...
# Subtest: spawnGenerationAppServer: a generation fenced after env build never spawns
ok 1940 - spawnGenerationAppServer: a generation fenced after env build never spawns
  ---
  duration_ms: 0.652
  ...
# Subtest: main configures the durable chat outbox under the active Electron profile
ok 1941 - main configures the durable chat outbox under the active Electron profile
  ---
  duration_ms: 2.5639
  ...
# Subtest: boot readiness exposes separate pending-history and graph-projection gates
ok 1942 - boot readiness exposes separate pending-history and graph-projection gates
  ---
  duration_ms: 1.3887
  ...
# Subtest: main schedules conversation graph refresh at exactly one-hour intervals
ok 1943 - main schedules conversation graph refresh at exactly one-hour intervals
  ---
  duration_ms: 1.9184
  ...
# Subtest: Electron-spawned backend opts into the installed Claude graph extractor
ok 1944 - Electron-spawned backend opts into the installed Claude graph extractor
  ---
  duration_ms: 0.3835
  ...
# Subtest: Electron outbox and FastAPI raw-chat schema share the same accepted message limit
ok 1945 - Electron outbox and FastAPI raw-chat schema share the same accepted message limit
  ---
  duration_ms: 1.37
  ...
# Subtest: app lifecycle opens and closes the userData chat outbox
ok 1946 - app lifecycle opens and closes the userData chat outbox
  ---
  duration_ms: 0.6069
  ...
# Subtest: disabling chat collection purges unsent raw messages
ok 1947 - disabling chat collection purges unsent raw messages
  ---
  duration_ms: 0.4764
  ...
# Subtest: chat collection re-enable purges stale pending raw text before persisting ON
ok 1948 - chat collection re-enable purges stale pending raw text before persisting ON
  ---
  duration_ms: 0.4018
  ...
# Subtest: renderer keeps collectChat OFF and surfaces a human-readable error when main rejects
ok 1949 - renderer keeps collectChat OFF and surfaces a human-readable error when main rejects
  ---
  duration_ms: 1.8952
  ...
# Subtest: completed graph refreshes are allowlisted and reload every graph surface
ok 1950 - completed graph refreshes are allowlisted and reload every graph surface
  ---
  duration_ms: 1.5908
  ...
# Subtest: live graph proof uses the production main path and an isolated credential-free backend
ok 1951 - live graph proof uses the production main path and an isolated credential-free backend
  ---
  duration_ms: 2.432
  ...
# Subtest: live graph proof PowerShell preflight executes its real process and listener snapshots
ok 1952 - live graph proof PowerShell preflight executes its real process and listener snapshots
  ---
  duration_ms: 2537.9573
  ...
# Subtest: every live query persists the user message before selecting any network or model path
ok 1953 - every live query persists the user message before selecting any network or model path
  ---
  duration_ms: 1.0493
  ...
# Subtest: boot refresh flushes every pending batch, polls retry_wait, warms clusters, and reports exact graph shape
ok 1954 - boot refresh flushes every pending batch, polls retry_wait, warms clusters, and reports exact graph shape
  ---
  duration_ms: 6.2681
  ...
# Subtest: empty new profile is a successful ready_empty warm state
ok 1955 - empty new profile is a successful ready_empty warm state
  ---
  duration_ms: 1.6391
  ...
# Subtest: same graph revision broadcasts when opaque label fingerprint changes, then dedupes identical labels
ok 1956 - same graph revision broadcasts when opaque label fingerprint changes, then dedupes identical labels
  ---
  duration_ms: 0.7686
  ...
# Subtest: backend-owned hourly cycle flushes raw chat and observes the graph without an ingestion POST
ok 1957 - backend-owned hourly cycle flushes raw chat and observes the graph without an ingestion POST
  ---
  duration_ms: 0.8206
  ...
# Subtest: boot refresh may run against a backend-owned scheduler and reports the owner
ok 1958 - boot refresh may run against a backend-owned scheduler and reports the owner
  ---
  duration_ms: 0.6873
  ...
# Subtest: observe is read-only and a following external hourly refresh still enqueues its own job
ok 1959 - observe is read-only and a following external hourly refresh still enqueues its own job
  ---
  duration_ms: 3.077
  ...
# Subtest: external-owner observer only reads status and cluster map without flushing or enqueueing
ok 1960 - external-owner observer only reads status and cluster map without flushing or enqueueing
  ---
  duration_ms: 1.1188
  ...
# Subtest: status must explicitly enable ready, ingestion, and extraction before flushing
ok 1961 - status must explicitly enable ready, ingestion, and extraction before flushing
  ---
  duration_ms: 1.4613
  ...
# Subtest: pending history with zero flushed sources and an empty graph fails as incomplete_history
ok 1962 - pending history with zero flushed sources and an empty graph fails as incomplete_history
  ---
  duration_ms: 1.3218
  ...
# Subtest: flush cannot silently finish with failed or remaining messages
ok 1963 - flush cannot silently finish with failed or remaining messages
  ---
  duration_ms: 1.001
  ...
# Subtest: failed jobs and poll timeout are terminal failures, while retry_wait remains pollable
ok 1964 - failed jobs and poll timeout are terminal failures, while retry_wait remains pollable
  ---
  duration_ms: 1.2213
  ...
# Subtest: HTTP, auth, response shape, and trigger validation fail closed
ok 1965 - HTTP, auth, response shape, and trigger validation fail closed
  ---
  duration_ms: 1.3911
  ...
# Subtest: per-request timeout aborts stalled HTTP and malformed cluster maps fail closed
ok 1966 - per-request timeout aborts stalled HTTP and malformed cluster maps fail closed
  ---
  duration_ms: 13.8355
  ...
# Subtest: single-flight shares one physical refresh between overlapping boot/hourly callers
ok 1967 - single-flight shares one physical refresh between overlapping boot/hourly callers
  ---
  duration_ms: 0.9445
  ...
# Subtest: 이전 단일 목록 상태를 기본 프로젝트로 마이그레이션한다
ok 1968 - 이전 단일 목록 상태를 기본 프로젝트로 마이그레이션한다
  ---
  duration_ms: 16.2993
  ...
# Subtest: begin은 새 id/프로젝트를 활성화하지만 첫 touch 전에는 목록에 추가하지 않는다
ok 1969 - begin은 새 id/프로젝트를 활성화하지만 첫 touch 전에는 목록에 추가하지 않는다
  ---
  duration_ms: 17.8942
  ...
# Subtest: 프로젝트/최근 투영은 같은 conversation 객체와 id를 공유한다
ok 1970 - 프로젝트/최근 투영은 같은 conversation 객체와 id를 공유한다
  ---
  duration_ms: 14.2851
  ...
# Subtest: setActive는 선택 대화의 프로젝트도 현재 프로젝트로 맞춘다
ok 1971 - setActive는 선택 대화의 프로젝트도 현재 프로젝트로 맞춘다
  ---
  duration_ms: 4.254
  ...
# Subtest: 연속으로 몰아친 touch가 서로를 덮어써 갱신을 잃지 않는다
ok 1972 - 연속으로 몰아친 touch가 서로를 덮어써 갱신을 잃지 않는다
  ---
  duration_ms: 147.1696
  ...
# Subtest: 대화는 만들어진 모드에 묶인다 — begin의 view가 레코드의 mode가 된다
ok 1973 - 대화는 만들어진 모드에 묶인다 — begin의 view가 레코드의 mode가 된다
  ---
  duration_ms: 7.6869
  ...
# Subtest: 이미 있는 대화의 모드는 나중 touch가 바꾸지 못한다
ok 1974 - 이미 있는 대화의 모드는 나중 touch가 바꾸지 못한다
  ---
  duration_ms: 4.1716
  ...
# Subtest: setActive는 그 대화의 모드로 activeMode를 옮긴다
ok 1975 - setActive는 그 대화의 모드로 activeMode를 옮긴다
  ---
  duration_ms: 5.8211
  ...
# Subtest: mode가 없는 옛 레코드는 마이그레이션 없이 chat으로 읽힌다
ok 1976 - mode가 없는 옛 레코드는 마이그레이션 없이 chat으로 읽힌다
  ---
  duration_ms: 0.512
  ...
# Subtest: setResumeCursor는 대화마다 Claude 커서를 따로 적고, setActive가 그것을 돌려준다
ok 1977 - setResumeCursor는 대화마다 Claude 커서를 따로 적고, setActive가 그것을 돌려준다
  ---
  duration_ms: 5.3534
  ...
# Subtest: addProject는 폴더 이름을 프로젝트 이름으로 삼고 현재 프로젝트를 그리로 옮긴다
ok 1978 - addProject는 폴더 이름을 프로젝트 이름으로 삼고 현재 프로젝트를 그리로 옮긴다
  ---
  duration_ms: 53.7885
  ...
# Subtest: 같은 폴더로 두 번 만들면 거절된다 — 대소문자·구분자가 달라도
ok 1979 - 같은 폴더로 두 번 만들면 거절된다 — 대소문자·구분자가 달라도
  ---
  duration_ms: 2.5121
  ...
# Subtest: addProject는 백엔드가 준 id를 그대로 쓰고, 같은 id는 거절한다
ok 1980 - addProject는 백엔드가 준 id를 그대로 쓰고, 같은 id는 거절한다
  ---
  duration_ms: 1.6633
  ...
# Subtest: normalizeState는 같은 폴더의 프로젝트 중복을 하나로 접는다
ok 1981 - normalizeState는 같은 폴더의 프로젝트 중복을 하나로 접는다
  ---
  duration_ms: 0.2742
  ...
# Subtest: setProjectPinned는 프로젝트를 맨 앞으로 올리고, 해제하면 원래 자리로 돌아온다
ok 1982 - setProjectPinned는 프로젝트를 맨 앞으로 올리고, 해제하면 원래 자리로 돌아온다
  ---
  duration_ms: 4.705
  ...
# Subtest: updateProject는 이름·설명만 고치고, 빈 이름은 거절한다
ok 1983 - updateProject는 이름·설명만 고치고, 빈 이름은 거절한다
  ---
  duration_ms: 4.1892
  ...
# Subtest: removeProject는 프로젝트와 그 대화들을 지우고 현재 프로젝트·활성 대화를 정리한다
ok 1984 - removeProject는 프로젝트와 그 대화들을 지우고 현재 프로젝트·활성 대화를 정리한다
  ---
  duration_ms: 32.0134
  ...
# Subtest: 기본 프로젝트는 지울 수 없다
ok 1985 - 기본 프로젝트는 지울 수 없다
  ---
  duration_ms: 1.9311
  ...
# Subtest: path가 없는 옛 프로젝트 레코드는 path:null·pinned:false로 읽힌다
ok 1986 - path가 없는 옛 프로젝트 레코드는 path:null·pinned:false로 읽힌다
  ---
  duration_ms: 0.3425
  ...
# Subtest: runCachedReplay: resolve→render-plan 2호출로 완결, 답변에 재사용 고지
ok 1987 - runCachedReplay: resolve→render-plan 2호출로 완결, 답변에 재사용 고지
  ---
  duration_ms: 3.0266
  ...
# Subtest: runCachedReplay: cached payload and sensitive extras are never sent to render-plan
ok 1988 - runCachedReplay: cached payload and sensitive extras are never sent to render-plan
  ---
  duration_ms: 2.6618
  ...
# Subtest: runCachedReplay: render-plan 요청에 canvas_type 필드를 싣지 않는다
ok 1989 - runCachedReplay: render-plan 요청에 canvas_type 필드를 싣지 않는다
  ---
  duration_ms: 0.513
  ...
# Subtest: runCachedReplay: 캐시가 낡은 카드 종류를 몰라도 응답값으로 정확한 문구를 만든다
ok 1990 - runCachedReplay: 캐시가 낡은 카드 종류를 몰라도 응답값으로 정확한 문구를 만든다
  ---
  duration_ms: 1.357
  ...
# Subtest: runCachedReplay: plan_token이 없으면 폴백 사유를 돌려준다
ok 1991 - runCachedReplay: plan_token이 없으면 폴백 사유를 돌려준다
  ---
  duration_ms: 0.6546
  ...
# Subtest: runCachedReplay: stale canonical assertion 거부는 폴백 사유로 반환하고 렌더하지 않는다
ok 1992 - runCachedReplay: stale canonical assertion 거부는 폴백 사유로 반환하고 렌더하지 않는다
  ---
  duration_ms: 0.329
  ...
# Subtest: runCachedReplay: render-plan 실패(HTTP)도 조용히 삼키지 않는다
ok 1993 - runCachedReplay: render-plan 실패(HTTP)도 조용히 삼키지 않는다
  ---
  duration_ms: 0.49
  ...
# Subtest: buildReplayAnswer: 성공 영수증은 데이터 행·열·값을 입력받지도 노출하지도 않는다
ok 1994 - buildReplayAnswer: 성공 영수증은 데이터 행·열·값을 입력받지도 노출하지도 않는다
  ---
  duration_ms: 0.2058
  ...
# Subtest: 명시 오버라이드는 존재를 확인하지 않고 그대로 돌려준다
ok 1995 - 명시 오버라이드는 존재를 확인하지 않고 그대로 돌려준다
  ---
  duration_ms: 1.4163
  ...
# Subtest: 오버라이드가 있으면 PATH를 조회조차 하지 않는다
ok 1996 - 오버라이드가 있으면 PATH를 조회조차 하지 않는다
  ---
  duration_ms: 0.1998
  ...
# Subtest: Windows에서 where가 준 .cmd/.ps1 래퍼는 건너뛰고 .exe를 고른다
ok 1997 - Windows에서 where가 준 .cmd/.ps1 래퍼는 건너뛰고 .exe를 고른다
  ---
  duration_ms: 0.5279
  ...
# Subtest: PATH가 비면 ~/.grok/bin 설치 경로로 내려간다
ok 1998 - PATH가 비면 ~/.grok/bin 설치 경로로 내려간다
  ---
  duration_ms: 0.3482
  ...
# Subtest: 네이티브 경로는 homedir에서 유도한다 — 사용자명이 박히지 않는다
ok 1999 - 네이티브 경로는 homedir에서 유도한다 — 사용자명이 박히지 않는다
  ---
  duration_ms: 0.3513
  ...
# Subtest: 후보 목록에 ~/.grok/bin 이 들어 있다
ok 2000 - 후보 목록에 ~/.grok/bin 이 들어 있다
  ---
  duration_ms: 0.2952
  ...
# Subtest: buildArgs: streaming-messages-json + 부분 메시지 + yolo + verbatim + 실행 툴 차단
ok 2001 - buildArgs: streaming-messages-json + 부분 메시지 + yolo + verbatim + 실행 툴 차단
  ---
  duration_ms: 2.0457
  ...
# Subtest: buildArgs: --disallowed-tools 가 셸·편집·웹을 막는다
ok 2002 - buildArgs: --disallowed-tools 가 셸·편집·웹을 막는다
  ---
  duration_ms: 0.3689
  ...
# Subtest: buildArgs: 모델·effort 가 있을 때만 붙는다
ok 2003 - buildArgs: 모델·effort 가 있을 때만 붙는다
  ---
  duration_ms: 0.28
  ...
# Subtest: buildArgs: resumeSessionId 가 있으면 --resume 이 끝에 붙는다
ok 2004 - buildArgs: resumeSessionId 가 있으면 --resume 이 끝에 붙는다
  ---
  duration_ms: 0.1888
  ...
# Subtest: buildArgs: --mcp-config 를 붙이지 않는다 — 프로젝트 .grok/config.toml 이 MCP 를 싣는다
ok 2005 - buildArgs: --mcp-config 를 붙이지 않는다 — 프로젝트 .grok/config.toml 이 MCP 를 싣는다
  ---
  duration_ms: 0.3137
  ...
# Subtest: buildArgs: 앱 관리 MCP 폴더를 명시한 호출만 --trust 를 붙인다
ok 2006 - buildArgs: 앱 관리 MCP 폴더를 명시한 호출만 --trust 를 붙인다
  ---
  duration_ms: 0.236
  ...
# Subtest: grokFailureMessage: CLI errors 배열을 종료 코드보다 우선한다
ok 2007 - grokFailureMessage: CLI errors 배열을 종료 코드보다 우선한다
  ---
  duration_ms: 0.6206
  ...
# Subtest: Grok use_tool 성공은 실제 backtest forwarder를 거쳐 폼 액션 IPC로 전달된다
ok 2008 - Grok use_tool 성공은 실제 backtest forwarder를 거쳐 폼 액션 IPC로 전달된다
  ---
  duration_ms: 7.704
  ...
# Subtest: Grok use_tool 실패는 backtest 폼 액션을 전달하지 않는다
ok 2009 - Grok use_tool 실패는 backtest 폼 액션을 전달하지 않는다
  ---
  duration_ms: 4.6902
  ...
# Subtest: Grok use_tool 성공도 일반·그래프 턴에서는 backtest 폼 액션을 전달하지 않는다
ok 2010 - Grok use_tool 성공도 일반·그래프 턴에서는 backtest 폼 액션을 전달하지 않는다
  ---
  duration_ms: 9.0076
  ...
# Subtest: Grok use_tool 시작 뒤 취소되어 결과가 없으면 backtest 폼 액션을 전달하지 않는다
ok 2011 - Grok use_tool 시작 뒤 취소되어 결과가 없으면 backtest 폼 액션을 전달하지 않는다
  ---
  duration_ms: 4.1032
  ...
# Subtest: main Grok 경로는 앱 관리 MCP cwd에만 trust opt-in과 provider 전용 prompt를 건다
ok 2012 - main Grok 경로는 앱 관리 MCP cwd에만 trust opt-in과 provider 전용 prompt를 건다
  ---
  duration_ms: 4.2556
  ...
# Subtest: ATHENA_USERDATA_DIR이 있으면 그 경로를 공유 프로필로 쓴다
ok 2013 - ATHENA_USERDATA_DIR이 있으면 그 경로를 공유 프로필로 쓴다
  ---
  duration_ms: 1.9345
  ...
# Subtest: 공유 프로필의 cleanup()은 아무것도 지우지 않는다
ok 2014 - 공유 프로필의 cleanup()은 아무것도 지우지 않는다
  ---
  duration_ms: 0.445
  ...
# Subtest: 공유 프로필의 seedOnboarding()은 실제 온보딩 상태를 덮지 않는다
ok 2015 - 공유 프로필의 seedOnboarding()은 실제 온보딩 상태를 덮지 않는다
  ---
  duration_ms: 0.3083
  ...
# Subtest: env가 없으면 기존대로 임시 프로필을 만든다
ok 2016 - env가 없으면 기존대로 임시 프로필을 만든다
  ---
  duration_ms: 0.3908
  ...
# Subtest: 임시 프로필은 cleanup()에서 지워지고 온보딩을 시딩한다
ok 2017 - 임시 프로필은 cleanup()에서 지워지고 온보딩을 시딩한다
  ---
  duration_ms: 0.7237
  ...
# Subtest: 임시 프로필 cleanup()은 EPERM으로 죽지 않는다
ok 2018 - 임시 프로필 cleanup()은 EPERM으로 죽지 않는다
  ---
  duration_ms: 0.4236
  ...
# Subtest: prefix 없이 부르면 거부한다
ok 2019 - prefix 없이 부르면 거부한다
  ---
  duration_ms: 0.6848
  ...
# (node:23224) ExperimentalWarning: SQLite is an experimental feature and might change at any time
# (Use `node --trace-warnings ...` to show where the warning was created)
# Subtest: getBearerToken: 미설정/공백이면 null — 시도 조건 판정의 기반
ok 2020 - getBearerToken: 미설정/공백이면 null — 시도 조건 판정의 기반
  ---
  duration_ms: 32.0316
  ...
# Subtest: getBackendUrl: 기본값 127.0.0.1:8010, ATHENA_BACKEND_URL로 오버라이드 가능
ok 2021 - getBackendUrl: 기본값 127.0.0.1:8010, ATHENA_BACKEND_URL로 오버라이드 가능
  ---
  duration_ms: 3.9849
  ...
# Subtest: canAttemptSave: 토큰 없으면 브레인 준비 상태와 무관하게 false — 시도 자체를 안 한다
ok 2022 - canAttemptSave: 토큰 없으면 브레인 준비 상태와 무관하게 false — 시도 자체를 안 한다
  ---
  duration_ms: 1.4893
  ...
# Subtest: canAttemptSave: 토큰 있어도 브레인 준비 캐시가 true가 아니면 false
ok 2023 - canAttemptSave: 토큰 있어도 브레인 준비 캐시가 true가 아니면 false
  ---
  duration_ms: 2.0163
  ...
# Subtest: refreshBrainReady: fetch 실패(네트워크 예외)면 false — canAttemptSave도 false
ok 2024 - refreshBrainReady: fetch 실패(네트워크 예외)면 false — canAttemptSave도 false
  ---
  duration_ms: 1.9179
  ...
# Subtest: refreshBrainReady: 200 + ready:true면 캐시가 true — canAttemptSave 통과
ok 2025 - refreshBrainReady: 200 + ready:true면 캐시가 true — canAttemptSave 통과
  ---
  duration_ms: 2.0994
  ...
# Subtest: saveChatMessage: 토큰/브레인 준비가 없어도 HTTP 없이 로컬 pending 원문을 먼저 저장한다
ok 2026 - saveChatMessage: 토큰/브레인 준비가 없어도 HTTP 없이 로컬 pending 원문을 먼저 저장한다
  ---
  duration_ms: 5.2059
  ...
# Subtest: saveChatMessage: POST 실패(401)면 onSaveFailed({messageId, role})만 실어 보낸다 — 본문 없음
ok 2027 - saveChatMessage: POST 실패(401)면 onSaveFailed({messageId, role})만 실어 보낸다 — 본문 없음
  ---
  duration_ms: 3.2231
  ...
# Subtest: saveChatMessage: fetch가 예외를 던져도(네트워크 다운) onSaveFailed가 불린다
ok 2028 - saveChatMessage: fetch가 예외를 던져도(네트워크 다운) onSaveFailed가 불린다
  ---
  duration_ms: 2.8882
  ...
# Subtest: saveChatMessage: 성공하면 messageId를 즉시 반환하고 onSaveFailed는 안 불린다
ok 2029 - saveChatMessage: 성공하면 messageId를 즉시 반환하고 onSaveFailed는 안 불린다
  ---
  duration_ms: 27.097
  ...
# Subtest: saveChatMessageAwaited: 성공 응답까지 기다리고 실패는 commit barrier로 거부한다
ok 2030 - saveChatMessageAwaited: 성공 응답까지 기다리고 실패는 commit barrier로 거부한다
  ---
  duration_ms: 5.1121
  ...
# Subtest: saveChatMessage: collectChat=false면 토큰·브레인 준비가 멀쩡해도 저장 시도 자체를 안 한다(원문 미적재)
ok 2031 - saveChatMessage: collectChat=false면 토큰·브레인 준비가 멀쩡해도 저장 시도 자체를 안 한다(원문 미적재)
  ---
  duration_ms: 3.1908
  ...
# Subtest: saveChatMessage: SQLite 저장 실패는 failed receipt이고 chat POST는 0회다
ok 2032 - saveChatMessage: SQLite 저장 실패는 failed receipt이고 chat POST는 0회다
  ---
  duration_ms: 2.9772
  ...
# Subtest: saveChatMessage: collectChat prefs 조회 실패는 fail-closed skipped이고 SQLite/HTTP를 건드리지 않는다
ok 2033 - saveChatMessage: collectChat prefs 조회 실패는 fail-closed skipped이고 SQLite/HTTP를 건드리지 않는다
  ---
  duration_ms: 2.8128
  ...
# Subtest: saveChatMessage: 동일 messageId 재호출은 원문을 덮어쓰거나 중복 저장하지 않는다
ok 2034 - saveChatMessage: 동일 messageId 재호출은 원문을 덮어쓰거나 중복 저장하지 않는다
  ---
  duration_ms: 3.7582
  ...
# Subtest: saveChatMessage: 프로세스 재시작처럼 모듈을 다시 열어도 pending 원문이 남는다
ok 2035 - saveChatMessage: 프로세스 재시작처럼 모듈을 다시 열어도 pending 원문이 남는다
  ---
  duration_ms: 38.7961
  ...
# Subtest: flushPendingChatMessages: 부분 성공만 synced 처리하고 동시 호출은 한 번만 전송한다
ok 2036 - flushPendingChatMessages: 부분 성공만 synced 처리하고 동시 호출은 한 번만 전송한다
  ---
  duration_ms: 3.5232
  ...
# Subtest: flushPendingChatMessages: bounded batch를 반복해 모든 pending을 전송한다
ok 2037 - flushPendingChatMessages: bounded batch를 반복해 모든 pending을 전송한다
  ---
  duration_ms: 3.6915
  ...
# Subtest: flushPendingChatMessages: maxBatches를 넘겨 같은 호출에서 무한 처리하지 않는다
ok 2038 - flushPendingChatMessages: maxBatches를 넘겨 같은 호출에서 무한 처리하지 않는다
  ---
  duration_ms: 3.9785
  ...
# Subtest: 2xx여도 source_id가 messageId와 일치해야 ACK하고 원문을 지운다
ok 2039 - 2xx여도 source_id가 messageId와 일치해야 ACK하고 원문을 지운다
  ---
  duration_ms: 3.3446
  ...
# Subtest: purgePendingChatMessages: collectChat 해제 시 아직 전송하지 않은 원문을 제거한다
ok 2040 - purgePendingChatMessages: collectChat 해제 시 아직 전송하지 않은 원문을 제거한다
  ---
  duration_ms: 3.6392
  ...
# Subtest: 재활성화 전 purge가 실패하면 stale 원문은 전송되지 않고 OFF에서만 제거할 수 있다
ok 2041 - 재활성화 전 purge가 실패하면 stale 원문은 전송되지 않고 OFF에서만 제거할 수 있다
  ---
  duration_ms: 3.6932
  ...
# Subtest: flushPendingChatMessages: 수집 해제+purge가 진행 중 POST를 취소하고 후속 POST/ACK를 막는다
ok 2042 - flushPendingChatMessages: 수집 해제+purge가 진행 중 POST를 취소하고 후속 POST/ACK를 막는다
  ---
  duration_ms: 3.0429
  ...
# Subtest: closeChatHistoryStore: 진행 중 fire-and-forget ACK를 취소해 닫힌 store 접근/unhandled rejection을 막는다
ok 2043 - closeChatHistoryStore: 진행 중 fire-and-forget ACK를 취소해 닫힌 store 접근/unhandled rejection을 막는다
  ---
  duration_ms: 10.0303
  ...
# Subtest: astral Unicode 코드 포인트 2만 자까지 로컬 원문이 완전하게 남는다
ok 2044 - astral Unicode 코드 포인트 2만 자까지 로컬 원문이 완전하게 남는다
  ---
  duration_ms: 6.7674
  ...
# Subtest: astral Unicode 코드 포인트 2만 1자는 poison pending row 없이 동기 실패한다
ok 2045 - astral Unicode 코드 포인트 2만 1자는 poison pending row 없이 동기 실패한다
  ---
  duration_ms: 3.1872
  ...
# Subtest: canAttemptSave: collectChat=true면 기존 토큰·브레인 준비 조건만 그대로 적용된다
ok 2046 - canAttemptSave: collectChat=true면 기존 토큰·브레인 준비 조건만 그대로 적용된다
  ---
  duration_ms: 1.8193
  ...
# Subtest: pushExposeToModel: 토큰 없으면 fetch 없이 false — 밀 방법이 없는 것이지 실패가 아니다
ok 2047 - pushExposeToModel: 토큰 없으면 fetch 없이 false — 밀 방법이 없는 것이지 실패가 아니다
  ---
  duration_ms: 1.8542
  ...
# Subtest: pushExposeToModel: 저장된 exposeToModel 값을 backend 게이트에 POST한다
ok 2048 - pushExposeToModel: 저장된 exposeToModel 값을 backend 게이트에 POST한다
  ---
  duration_ms: 2.3126
  ...
# Subtest: refreshBrainReady: 준비 확인 시 exposeToModel을 재동기화한다(G-I6) — backend 기동 초기값은 안전측 False라 이 push가 실제 설정값을 복원한다
ok 2049 - refreshBrainReady: 준비 확인 시 exposeToModel을 재동기화한다(G-I6) — backend 기동 초기값은 안전측 False라 이 push가 실제 설정값을 복원한다
  ---
  duration_ms: 4.863
  ...
# Subtest: refreshBrainReady: 준비 실패면 재동기화도 안 민다 — 닫힌 게이트가 옳다
ok 2050 - refreshBrainReady: 준비 실패면 재동기화도 안 민다 — 닫힌 게이트가 옳다
  ---
  duration_ms: 3.0039
  ...
# Subtest: 진행 중 재호출은 같은 promise를 받고 팩토리는 한 번만 돈다
ok 2051 - 진행 중 재호출은 같은 promise를 받고 팩토리는 한 번만 돈다
  ---
  duration_ms: 1.416
  ...
# Subtest: 성공 뒤 재호출도 팩토리를 다시 부르지 않는다
ok 2052 - 성공 뒤 재호출도 팩토리를 다시 부르지 않는다
  ---
  duration_ms: 0.3452
  ...
# Subtest: 실패 뒤 재호출은 팩토리를 다시 부른다
ok 2053 - 실패 뒤 재호출은 팩토리를 다시 부른다
  ---
  duration_ms: 0.9126
  ...
# Subtest: 실패한 promise는 호출자가 잡든 안 잡든 미처리 거부로 새지 않는다
ok 2054 - 실패한 promise는 호출자가 잡든 안 잡든 미처리 거부로 새지 않는다
  ---
  duration_ms: 8.3933
  ...
# Subtest: 재사용 알림은 재사용일 때만 불린다
ok 2055 - 재사용 알림은 재사용일 때만 불린다
  ---
  duration_ms: 0.3421
  ...
# Subtest: shutdown releases realtime before backend stop and quits exactly once
ok 2056 - shutdown releases realtime before backend stop and quits exactly once
  ---
  duration_ms: 3.2717
  ...
# Subtest: 23/23 WebSocket operation policy is complete, case-sensitive, and unique
ok 2057 - 23/23 WebSocket operation policy is complete, case-sensitive, and unique
  ---
  duration_ms: 0.6465
  ...
# Subtest: canonical policies cover CC-04 orderbook, CC-01 balance 04, and CC-06 VI 1h
ok 2058 - canonical policies cover CC-04 orderbook, CC-01 balance 04, and CC-06 VI 1h
  ---
  duration_ms: 15.8071
  ...
# Subtest: verified operation_refs override generic mode and allow CC-02 account feeds
ok 2059 - verified operation_refs override generic mode and allow CC-02 account feeds
  ---
  duration_ms: 0.6946
  ...
# Subtest: non-WebSocket verified REST refs do not suppress canonical CC-03 chart realtime
ok 2060 - non-WebSocket verified REST refs do not suppress canonical CC-03 chart realtime
  ---
  duration_ms: 0.494
  ...
# Subtest: frame identities normalize account 9201, security 9001/item, broadcasts, and condition seq/841
ok 2061 - frame identities normalize account 9201, security 9001/item, broadcasts, and condition seq/841
  ---
  duration_ms: 0.7351
  ...
# Subtest: trusted binding provider accepts only the exact descriptor contract and caches per operation
ok 2062 - trusted binding provider accepts only the exact descriptor contract and caches per operation
  ---
  duration_ms: 0.9775
  ...
# Subtest: raw normalized frame becomes an opaque renderer event without wire fields
ok 2063 - raw normalized frame becomes an opaque renderer event without wire fields
  ---
  duration_ms: 2.2712
  ...
# Subtest: all 23 operation fixtures have an explicit frame or control normalization disposition
ok 2064 - all 23 operation fixtures have an explicit frame or control normalization disposition
  ---
  duration_ms: 0.9527
  ...
# Subtest: visibleTargets is bounded and all target kinds fail closed on invalid identity
ok 2065 - visibleTargets is bounded and all target kinds fail closed on invalid identity
  ---
  duration_ms: 1.6021
  ...
# Subtest: shared visible-row feeds resolve once per unique visible target
ok 2066 - shared visible-row feeds resolve once per unique visible target
  ---
  duration_ms: 0.3902
  ...
# Subtest: mount registers once; same target across cards uses manager refcount; last unmount removes
ok 2067 - mount registers once; same target across cards uses manager refcount; last unmount removes
  ---
  duration_ms: 0.9999
  ...
# Subtest: same lease remount is idempotent and does not increase generation
ok 2068 - same lease remount is idempotent and does not increase generation
  ---
  duration_ms: 0.4283
  ...
# Subtest: mode change with the same physical feeds advances presentation generation without re-REG
ok 2069 - mode change with the same physical feeds advances presentation generation without re-REG
  ---
  duration_ms: 0.5749
  ...
# Subtest: target switch acquires all new feeds before releasing old feeds and advances generation
ok 2070 - target switch acquires all new feeds before releasing old feeds and advances generation
  ---
  duration_ms: 0.3919
  ...
# Subtest: failed REG keeps the old target active and publishes an error state
ok 2071 - failed REG keeps the old target active and publishes an error state
  ---
  duration_ms: 0.5342
  ...
# Subtest: disconnect then reconnect re-REGs active physical keys exactly once and advances generations
ok 2072 - disconnect then reconnect re-REGs active physical keys exactly once and advances generations
  ---
  duration_ms: 0.835
  ...
# Subtest: failed initial REG is not revived by a later reconnect
ok 2073 - failed initial REG is not revived by a later reconnect
  ---
  duration_ms: 0.2035
  ...
# Subtest: per-binding reconnect retries only failed bindings and leaves affected lease in error
ok 2074 - per-binding reconnect retries only failed bindings and leaves affected lease in error
  ---
  duration_ms: 0.3353
  ...
# Subtest: REMOVE failure returns remove-pending tombstone and reconnect retries cleanup
ok 2075 - REMOVE failure returns remove-pending tombstone and reconnect retries cleanup
  ---
  duration_ms: 0.2989
  ...
# Subtest: releaseAll reports pending cleanup instead of false unmounted success
ok 2076 - releaseAll reports pending cleanup instead of false unmounted success
  ---
  duration_ms: 0.3699
  ...
# Subtest: stale connection generation and old-target ticks are blocked
ok 2077 - stale connection generation and old-target ticks are blocked
  ---
  duration_ms: 0.7202
  ...
# Subtest: condition realtime uses ka10173 acquire and ka10174 release bodies
ok 2078 - condition realtime uses ka10173 acquire and ka10174 release bodies
  ---
  duration_ms: 1.0479
  ...
# Subtest: condition list/general commands are allowlisted; release-command is not callable
ok 2079 - condition list/general commands are allowlisted; release-command is not callable
  ---
  duration_ms: 0.5697
  ...
# Subtest: HTTP 200 with nonzero or missing Kiwoom return_code is rejected
ok 2080 - HTTP 200 with nonzero or missing Kiwoom return_code is rejected
  ---
  duration_ms: 0.4037
  ...
# Subtest: normal registrar mount also rejects HTTP-200 nonzero return_code
ok 2081 - normal registrar mount also rejects HTTP-200 nonzero return_code
  ---
  duration_ms: 1.0034
  ...
# Subtest: production registrar REMOVE nonzero ACK creates tombstone and succeeds on retry
ok 2082 - production registrar REMOVE nonzero ACK creates tombstone and succeeds on retry
  ---
  duration_ms: 1.9151
  ...
# Subtest: buildLiveTurnPrompt: 복원된 from_source 제목은 모델에 보내지 않고 화면·저장본은 보존한다
ok 2083 - buildLiveTurnPrompt: 복원된 from_source 제목은 모델에 보내지 않고 화면·저장본은 보존한다
  ---
  duration_ms: 58.5096
  ...
# Subtest: buildLiveTurnPrompt: safe_dump가 접은 구 출처 YAML을 복원해도 원제목이 모델에 노출되지 않는다
ok 2084 - buildLiveTurnPrompt: safe_dump가 접은 구 출처 YAML을 복원해도 원제목이 모델에 노출되지 않는다
  ---
  duration_ms: 3.1876
  ...
# Subtest: buildLiveTurnPrompt: 일반 사용자 전략명은 복원 후에도 그대로 모델에 전달한다
ok 2085 - buildLiveTurnPrompt: 일반 사용자 전략명은 복원 후에도 그대로 모델에 전달한다
  ---
  duration_ms: 2.3583
  ...
# Subtest: buildLiveTurnPrompt: 사용자 이름의 Unicode 구분자와 공백은 실제 폼 복원 후에도 보존한다
ok 2086 - buildLiveTurnPrompt: 사용자 이름의 Unicode 구분자와 공백은 실제 폼 복원 후에도 보존한다
  ---
  duration_ms: 2.4924
  ...
# Subtest: buildLiveTurnPrompt: 폼 quote가 그대로 저장한 사용자 이름의 backslash를 보존한다
ok 2087 - buildLiveTurnPrompt: 폼 quote가 그대로 저장한 사용자 이름의 backslash를 보존한다
  ---
  duration_ms: 6.0561
  ...
# Subtest: buildBacktestModePrefix: from_source 이름이 기법 초안 이름에도 다시 노출되지 않는다
ok 2088 - buildBacktestModePrefix: from_source 이름이 기법 초안 이름에도 다시 노출되지 않는다
  ---
  duration_ms: 2.1951
  ...
# Subtest: persistent prompt split keeps generation rules static and turn text isolated
ok 2089 - persistent prompt split keeps generation rules static and turn text isolated
  ---
  duration_ms: 0.4072
  ...
# Subtest: buildLivePrompt: 사용자 질문이 원문 그대로 마지막에 들어간다
ok 2090 - buildLivePrompt: 사용자 질문이 원문 그대로 마지막에 들어간다
  ---
  duration_ms: 0.1409
  ...
# Subtest: buildLivePrompt: 캔버스 렌더 지시와 table 스키마 힌트를 담는다
ok 2091 - buildLivePrompt: 캔버스 렌더 지시와 table 스키마 힌트를 담는다
  ---
  duration_ms: 0.4259
  ...
# Subtest: buildLivePrompt: stream 스키마 힌트가 canvas.py STREAM_SCHEMA 필드명 그대로 들어간다
ok 2092 - buildLivePrompt: stream 스키마 힌트가 canvas.py STREAM_SCHEMA 필드명 그대로 들어간다
  ---
  duration_ms: 0.5328
  ...
# Subtest: buildLivePrompt: reader 스키마 힌트가 canvas.py READER_SCHEMA 필드명 그대로 들어간다
ok 2093 - buildLivePrompt: reader 스키마 힌트가 canvas.py READER_SCHEMA 필드명 그대로 들어간다
  ---
  duration_ms: 0.2322
  ...
# Subtest: buildLivePrompt: 키움 라우팅 규칙 — selector 후 manifest render, 외부 MCP 대체 금지
ok 2094 - buildLivePrompt: 키움 라우팅 규칙 — selector 후 manifest render, 외부 MCP 대체 금지
  ---
  duration_ms: 0.1311
  ...
# Subtest: buildLivePrompt: detail_group 선택과 plan_token 1회용 안내를 담는다
ok 2095 - buildLivePrompt: detail_group 선택과 plan_token 1회용 안내를 담는다
  ---
  duration_ms: 0.1221
  ...
# Subtest: buildLivePrompt: candidate는 soft hint, preferred는 describe 확인 canonical assertion으로 구분한다
ok 2096 - buildLivePrompt: candidate는 soft hint, preferred는 describe 확인 canonical assertion으로 구분한다
  ---
  duration_ms: 0.1014
  ...
# Subtest: buildLivePrompt: W3 번복 — describe 생략 금지(인자 목록이 describe에만 있음, 실측 턴 18→31 악화)
ok 2097 - buildLivePrompt: W3 번복 — describe 생략 금지(인자 목록이 describe에만 있음, 실측 턴 18→31 악화)
  ---
  duration_ms: 0.0889
  ...
# Subtest: buildLivePrompt: W3 첫 카드 우선 — 첫 데이터 확보 즉시 render_canvas를 먼저 호출
ok 2098 - buildLivePrompt: W3 첫 카드 우선 — 첫 데이터 확보 즉시 render_canvas를 먼저 호출
  ---
  duration_ms: 0.0844
  ...
# Subtest: buildLivePrompt: US-006 카드 우선 — render_canvas 전에는 답변 문장(프리앰블 포함) 금지
ok 2099 - buildLivePrompt: US-006 카드 우선 — render_canvas 전에는 답변 문장(프리앰블 포함) 금지
  ---
  duration_ms: 0.0887
  ...
# Subtest: buildLivePrompt: W3 작업 규율 — 초반 툴 로드 권고 + 재조회 금지 (run3~5 반복 사이클 실측의 수정)
ok 2100 - buildLivePrompt: W3 작업 규율 — 초반 툴 로드 권고 + 재조회 금지 (run3~5 반복 사이클 실측의 수정)
  ---
  duration_ms: 0.082
  ...
# Subtest: buildLivePrompt: chart 스키마 힌트 — AITS data.symbol + data.chart.candles 형상만 노출
ok 2101 - buildLivePrompt: chart 스키마 힌트 — AITS data.symbol + data.chart.candles 형상만 노출
  ---
  duration_ms: 0.1593
  ...
# Subtest: buildLivePrompt: chart 힌트 — 키움 ka10081 응답 필드 매핑과 오름차순 정렬 지시가 있다
ok 2102 - buildLivePrompt: chart 힌트 — 키움 ka10081 응답 필드 매핑과 오름차순 정렬 지시가 있다
  ---
  duration_ms: 0.1146
  ...
# Subtest: buildLivePrompt: 사용자 노출 언어 규율 — TR 코드·툴 이름·내부 오류 코드 노출 금지, 투자자 언어로 되묻기 (2026-08-26 사용자 신고)
ok 2103 - buildLivePrompt: 사용자 노출 언어 규율 — TR 코드·툴 이름·내부 오류 코드 노출 금지, 투자자 언어로 되묻기 (2026-08-26 사용자 신고)
  ---
  duration_ms: 0.1001
  ...
# Subtest: buildLivePrompt: 조회 규율 — 명시 출처·상대 날짜·원문 확인·교차 출처 (2026-08-19 QA)
ok 2104 - buildLivePrompt: 조회 규율 — 명시 출처·상대 날짜·원문 확인·교차 출처 (2026-08-19 QA)
  ---
  duration_ms: 0.1022
  ...
# Subtest: buildLivePrompt: 주문·자동화 정책 v3b — 실행 툴 없음·루틴은 제안만 (P3)
ok 2105 - buildLivePrompt: 주문·자동화 정책 v3b — 실행 툴 없음·루틴은 제안만 (P3)
  ---
  duration_ms: 0.1045
  ...
# Subtest: buildLivePrompt: 주문·자동화 정책 v3f — 모델은 못 내지만 무장한 배포는 낸다
ok 2106 - buildLivePrompt: 주문·자동화 정책 v3f — 모델은 못 내지만 무장한 배포는 낸다
  ---
  duration_ms: 0.1402
  ...
# Subtest: buildLivePrompt: 실행 환경 제약 v3c — Bash 없음·승인 절차 없음·잘린 결과 대응 (2026-08-19 실사용 결함)
ok 2107 - buildLivePrompt: 실행 환경 제약 v3c — Bash 없음·승인 절차 없음·잘린 결과 대응 (2026-08-19 실사용 결함)
  ---
  duration_ms: 0.0973
  ...
# Subtest: buildLivePrompt: manifest-backed read 전체가 plan_token만으로 render_canvas 직행한다
ok 2108 - buildLivePrompt: manifest-backed read 전체가 plan_token만으로 render_canvas 직행한다
  ---
  duration_ms: 0.1371
  ...
# Subtest: buildLivePrompt: flagship 현재가도 backend manifest가 facts 카드를 고르는 plan 경로다
ok 2109 - buildLivePrompt: flagship 현재가도 backend manifest가 facts 카드를 고르는 plan 경로다
  ---
  duration_ms: 0.1017
  ...
# Subtest: buildLivePrompt: timeline 스키마 힌트 — 부분 데이터 허용 (2026-08-19 QA LIV-046)
ok 2110 - buildLivePrompt: timeline 스키마 힌트 — 부분 데이터 허용 (2026-08-19 QA LIV-046)
  ---
  duration_ms: 0.0857
  ...
# Subtest: buildLivePrompt: 감시 방식 이분법 고지 — WS만 실시간, 공시·뉴스는 주기 (실행계획 §8)
ok 2111 - buildLivePrompt: 감시 방식 이분법 고지 — WS만 실시간, 공시·뉴스는 주기 (실행계획 §8)
  ---
  duration_ms: 0.1065
  ...
# Subtest: buildLivePrompt: resolve question 어휘 규율 — 대화체 대신 카탈로그 어휘로 재구성 (2026-08-26 카드 랜딩 0건 실측)
ok 2112 - buildLivePrompt: resolve question 어휘 규율 — 대화체 대신 카탈로그 어휘로 재구성 (2026-08-26 카드 랜딩 0건 실측)
  ---
  duration_ms: 0.0923
  ...
# Subtest: buildLiveTurnPrompt: 문자열 입력은 접두 없이 이전과 바이트 동일
ok 2113 - buildLiveTurnPrompt: 문자열 입력은 접두 없이 이전과 바이트 동일
  ---
  duration_ms: 0.0776
  ...
# Subtest: buildLiveTurnPrompt: canvasMode 없는 객체는 문자열 입력과 동일
ok 2114 - buildLiveTurnPrompt: canvasMode 없는 객체는 문자열 입력과 동일
  ---
  duration_ms: 0.0845
  ...
# Subtest: buildLiveTurnPrompt: canvasMode summary는 문자열 입력과 동일 — 백테스트 컨텍스트가 실려도 무시
ok 2115 - buildLiveTurnPrompt: canvasMode summary는 문자열 입력과 동일 — 백테스트 컨텍스트가 실려도 무시
  ---
  duration_ms: 0.1034
  ...
# Subtest: buildLiveTurnPrompt: canvasMode backtest — 접두 규율 + 현재 폼 JSON + 프리셋, 마지막은 사용자 질문
ok 2116 - buildLiveTurnPrompt: canvasMode backtest — 접두 규율 + 현재 폼 JSON + 프리셋, 마지막은 사용자 질문
  ---
  duration_ms: 0.4665
  ...
# Subtest: buildLiveTurnPrompt: backtest — 실행 전 확인은 pending 배열을 JSON으로 싣는다
ok 2117 - buildLiveTurnPrompt: backtest — 실행 전 확인은 pending 배열을 JSON으로 싣는다
  ---
  duration_ms: 0.2237
  ...
# Subtest: buildLiveTurnPrompt: backtest — backtestContext null이면 폼 없음으로 접두를 낸다
ok 2118 - buildLiveTurnPrompt: backtest — backtestContext null이면 폼 없음으로 접두를 낸다
  ---
  duration_ms: 0.1384
  ...
# Subtest: buildBacktestModePrefix: today가 없으면 미상으로 찍는다 (Date 미사용)
ok 2119 - buildBacktestModePrefix: today가 없으면 미상으로 찍는다 (Date 미사용)
  ---
  duration_ms: 0.081
  ...
# Subtest: buildBacktestModePrefix: 최근 3개월은 today에서 달력 3개월을 뺀 기준값이다
ok 2120 - buildBacktestModePrefix: 최근 3개월은 today에서 달력 3개월을 뺀 기준값이다
  ---
  duration_ms: 0.9885
  ...
# Subtest: buildBacktestModePrefix: 최근 3개월은 연도 경계와 월말을 보정한다
ok 2121 - buildBacktestModePrefix: 최근 3개월은 연도 경계와 월말을 보정한다
  ---
  duration_ms: 0.3818
  ...
# Subtest: buildBacktestModePrefix: 잘못된 today로 날짜를 만들지 않는다
ok 2122 - buildBacktestModePrefix: 잘못된 today로 날짜를 만들지 않는다
  ---
  duration_ms: 0.216
  ...
# Subtest: buildBacktestModePrefix: 상대 기간 기준은 사용자가 직접 지정한 날짜를 덮지 않는다
ok 2123 - buildBacktestModePrefix: 상대 기간 기준은 사용자가 직접 지정한 날짜를 덮지 않는다
  ---
  duration_ms: 0.138
  ...
# Subtest: buildLivePrompt: 객체 입력 — 시스템 규칙 + 백테스트 접두 + 질문이 한 문자열에 들어간다
ok 2124 - buildLivePrompt: 객체 입력 — 시스템 규칙 + 백테스트 접두 + 질문이 한 문자열에 들어간다
  ---
  duration_ms: 0.2885
  ...
# Subtest: buildLivePrompt: Grok은 MCP를 검색한 뒤 qualified 이름과 중첩 스키마로 호출한다
ok 2125 - buildLivePrompt: Grok은 MCP를 검색한 뒤 qualified 이름과 중첩 스키마로 호출한다
  ---
  duration_ms: 0.1761
  ...
# Subtest: buildLivePrompt: Grok 백테스트 날짜는 오늘 기준 동적 범위만 쓰고 예시 날짜를 고정하지 않는다
ok 2126 - buildLivePrompt: Grok 백테스트 날짜는 오늘 기준 동적 범위만 쓰고 예시 날짜를 고정하지 않는다
  ---
  duration_ms: 0.1593
  ...
# Subtest: buildLivePrompt: Claude와 기존 문자열 호출에는 Grok MCP 규칙을 붙이지 않는다
ok 2127 - buildLivePrompt: Claude와 기존 문자열 호출에는 Grok MCP 규칙을 붙이지 않는다
  ---
  duration_ms: 0.108
  ...
# Subtest: buildBacktestModePrefix: 전체 컨텍스트는 모든 구역 머리줄을 낸다
ok 2128 - buildBacktestModePrefix: 전체 컨텍스트는 모든 구역 머리줄을 낸다
  ---
  duration_ms: 0.2055
  ...
# Subtest: buildBacktestModePrefix: 요청별 경로 규칙이 액션 이름을 그대로 담는다
ok 2129 - buildBacktestModePrefix: 요청별 경로 규칙이 액션 이름을 그대로 담는다
  ---
  duration_ms: 0.1289
  ...
# Subtest: buildBacktestModePrefix: 코드는 python 펜스 블록으로 싣는다
ok 2130 - buildBacktestModePrefix: 코드는 python 펜스 블록으로 싣는다
  ---
  duration_ms: 0.1329
  ...
# Subtest: buildBacktestModePrefix: truncated면 앞 6000자만 표시를 괄호 안에 붙인다
ok 2131 - buildBacktestModePrefix: truncated면 앞 6000자만 표시를 괄호 안에 붙인다
  ---
  duration_ms: 0.2772
  ...
# Subtest: buildBacktestModePrefix: 실행 이력과 캐시는 JSON 그대로 싣는다
ok 2132 - buildBacktestModePrefix: 실행 이력과 캐시는 JSON 그대로 싣는다
  ---
  duration_ms: 0.1651
  ...
# Subtest: buildBacktestModePrefix: phase-1 컨텍스트는 새 구역이 없음/모름으로 내려앉고 던지지 않는다
ok 2133 - buildBacktestModePrefix: phase-1 컨텍스트는 새 구역이 없음/모름으로 내려앉고 던지지 않는다
  ---
  duration_ms: 0.1425
  ...
# Subtest: buildBacktestModePrefix: 컨텍스트 없이도 모든 구역이 없음/모름으로 나온다
ok 2134 - buildBacktestModePrefix: 컨텍스트 없이도 모든 구역이 없음/모름으로 나온다
  ---
  duration_ms: 0.2003
  ...
# Subtest: buildBacktestModePrefix: 설정·코드는 바로 반영, 검증 오류는 실행 전 확인에 실린다고 알린다
ok 2135 - buildBacktestModePrefix: 설정·코드는 바로 반영, 검증 오류는 실행 전 확인에 실린다고 알린다
  ---
  duration_ms: 0.1913
  ...
# Subtest: buildBacktestModePrefix: 실행은 suggest_run으로 채팅 [실행] 버튼만 띄운다
ok 2136 - buildBacktestModePrefix: 실행은 suggest_run으로 채팅 [실행] 버튼만 띄운다
  ---
  duration_ms: 0.1783
  ...
# Subtest: buildBacktestModePrefix: 알아서·한 번에 요청이면 한 턴에 다 채우고, 답은 변경 한 줄 + 질문 한 줄
ok 2137 - buildBacktestModePrefix: 알아서·한 번에 요청이면 한 턴에 다 채우고, 답은 변경 한 줄 + 질문 한 줄
  ---
  duration_ms: 0.1464
  ...
# Subtest: buildBacktestModePrefix: 초안 카드·[적용] 문구는 접두에서 사라졌다
ok 2138 - buildBacktestModePrefix: 초안 카드·[적용] 문구는 접두에서 사라졌다
  ---
  duration_ms: 0.1477
  ...
# Subtest: buildGraphModePrefix: 그래프 모드임과 "모든 질문은 그래프 질문"을 못박는다
ok 2139 - buildGraphModePrefix: 그래프 모드임과 "모든 질문은 그래프 질문"을 못박는다
  ---
  duration_ms: 0.3448
  ...
# Subtest: buildGraphModePrefix: athena_brain 6개 액션을 알려준다(모델이 조회할 길)
ok 2140 - buildGraphModePrefix: athena_brain 6개 액션을 알려준다(모델이 조회할 길)
  ---
  duration_ms: 0.2249
  ...
# Subtest: buildGraphModePrefix: 카드·시세 도구를 닫는다
ok 2141 - buildGraphModePrefix: 카드·시세 도구를 닫는다
  ---
  duration_ms: 0.1286
  ...
# Subtest: buildGraphModePrefix: 화면 숫자를 그대로 싣는다(채팅과 배너가 다른 말을 하지 않게)
ok 2142 - buildGraphModePrefix: 화면 숫자를 그대로 싣는다(채팅과 배너가 다른 말을 하지 않게)
  ---
  duration_ms: 0.1137
  ...
# Subtest: buildGraphModePrefix: 사실/추론 구분과 지어내기 금지를 지시한다
ok 2143 - buildGraphModePrefix: 사실/추론 구분과 지어내기 금지를 지시한다
  ---
  duration_ms: 0.1054
  ...
# Subtest: buildGraphModePrefix: 선택된 노드가 실려 온다
ok 2144 - buildGraphModePrefix: 선택된 노드가 실려 온다
  ---
  duration_ms: 0.1315
  ...
# Subtest: buildGraphModePrefix: 컨텍스트가 비어도 던지지 않고 정직하게 찍는다
ok 2145 - buildGraphModePrefix: 컨텍스트가 비어도 던지지 않고 정직하게 찍는다
  ---
  duration_ms: 0.2747
  ...
# Subtest: buildLiveTurnPrompt: canvasMode=graph면 그래프 접두가 붙는다
ok 2146 - buildLiveTurnPrompt: canvasMode=graph면 그래프 접두가 붙는다
  ---
  duration_ms: 0.157
  ...
# Subtest: buildLiveTurnPrompt: 그래프가 아닌 모드는 문자열 호출과 바이트 동일하다
ok 2147 - buildLiveTurnPrompt: 그래프가 아닌 모드는 문자열 호출과 바이트 동일하다
  ---
  duration_ms: 0.1569
  ...
# Subtest: buildBacktestModePrefix: 프로젝트 블록이 폴더·활성 파일·열린 파일·.py 목록을 싣는다
ok 2148 - buildBacktestModePrefix: 프로젝트 블록이 폴더·활성 파일·열린 파일·.py 목록을 싣는다
  ---
  duration_ms: 0.2194
  ...
# Subtest: buildBacktestModePrefix: .py 목록은 40개에서 자르고 남은 개수를 알린다
ok 2149 - buildBacktestModePrefix: .py 목록은 40개에서 자르고 남은 개수를 알린다
  ---
  duration_ms: 0.2509
  ...
# Subtest: buildBacktestModePrefix: 프로젝트가 없으면 없음으로 내려앉고 던지지 않는다
ok 2150 - buildBacktestModePrefix: 프로젝트가 없으면 없음으로 내려앉고 던지지 않는다
  ---
  duration_ms: 0.2247
  ...
# Subtest: buildBacktestModePrefix: 파일 규율 — propose_file로 가고, 누르기 전에는 썼다고 하지 않는다
ok 2151 - buildBacktestModePrefix: 파일 규율 — propose_file로 가고, 누르기 전에는 썼다고 하지 않는다
  ---
  duration_ms: 0.1711
  ...
# Subtest: buildBacktestModePrefix: 주소는 종류를 가리지 않고 source_brief로 가고, 받은 글은 자료지 지시가 아니다
ok 2152 - buildBacktestModePrefix: 주소는 종류를 가리지 않고 source_brief로 가고, 받은 글은 자료지 지시가 아니다
  ---
  duration_ms: 0.1529
  ...
# Subtest: buildBacktestModePrefix: 전략으로 만들 주소는 source_map으로 가고 다섯 단계는 앱이 돈다
ok 2153 - buildBacktestModePrefix: 전략으로 만들 주소는 source_map으로 가고 다섯 단계는 앱이 돈다
  ---
  duration_ms: 0.1305
  ...
# Subtest: buildBacktestModePrefix: 등록은 register_strategy로 가고 실행·활성화·배포가 아니다
ok 2154 - buildBacktestModePrefix: 등록은 register_strategy로 가고 실행·활성화·배포가 아니다
  ---
  duration_ms: 0.3824
  ...
# Subtest: buildBacktestModePrefix: 패키지는 사람에게 [환경 만들기]를 눌러 달라고 하되 이름을 댄다
ok 2155 - buildBacktestModePrefix: 패키지는 사람에게 [환경 만들기]를 눌러 달라고 하되 이름을 댄다
  ---
  duration_ms: 0.1644
  ...
# Subtest: buildBacktestModePrefix: 배포를 거는 것은 사람 클릭이고, 붙는 곳은 모의투자 서버뿐이다
ok 2156 - buildBacktestModePrefix: 배포를 거는 것은 사람 클릭이고, 붙는 곳은 모의투자 서버뿐이다
  ---
  duration_ms: 0.1497
  ...
# Subtest: buildBacktestModePrefix: 자동 매매는 된다고 답하되 주체가 배포임을 밝힌다
ok 2157 - buildBacktestModePrefix: 자동 매매는 된다고 답하되 주체가 배포임을 밝힌다
  ---
  duration_ms: 0.149
  ...
# Subtest: buildBacktestModePrefix: 배포·무장·한도는 사람이 정하고 모델이 못 바꾼다
ok 2158 - buildBacktestModePrefix: 배포·무장·한도는 사람이 정하고 모델이 못 바꾼다
  ---
  duration_ms: 0.5329
  ...
# Subtest: buildLiveTurnPrompt: 백테스트가 아닌 턴에는 프로젝트 블록이 새지 않는다
ok 2159 - buildLiveTurnPrompt: 백테스트가 아닌 턴에는 프로젝트 블록이 새지 않는다
  ---
  duration_ms: 0.4053
  ...
# Subtest: buildGraphModePrefix: 노드 설명 요청에는 entity 조회를 먼저 하라고 지시한다
ok 2160 - buildGraphModePrefix: 노드 설명 요청에는 entity 조회를 먼저 하라고 지시한다
  ---
  duration_ms: 0.1421
  ...
# Subtest: buildGraphModePrefix: athena_graph_view 4개 제어 액션을 알려준다
ok 2161 - buildGraphModePrefix: athena_graph_view 4개 제어 액션을 알려준다
  ---
  duration_ms: 0.1906
  ...
# Subtest: buildGraphModePrefix: 말로만 답하고 화면을 그대로 두지 말라고 한다
ok 2162 - buildGraphModePrefix: 말로만 답하고 화면을 그대로 두지 말라고 한다
  ---
  duration_ms: 0.1324
  ...
# Subtest: buildGraphModePrefix: 편집은 제안까지이고 "고쳤다"고 말하지 말라고 못박는다
ok 2163 - buildGraphModePrefix: 편집은 제안까지이고 "고쳤다"고 말하지 말라고 못박는다
  ---
  duration_ms: 0.3175
  ...
# Subtest: buildBacktestModePrefix: 지도 칸을 번호·제목·사람 말 한 줄로 싣는다
ok 2164 - buildBacktestModePrefix: 지도 칸을 번호·제목·사람 말 한 줄로 싣는다
  ---
  duration_ms: 0.2822
  ...
# Subtest: buildBacktestModePrefix: 지도가 없으면 없다고만 적고 던지지 않는다
ok 2165 - buildBacktestModePrefix: 지도가 없으면 없다고만 적고 던지지 않는다
  ---
  duration_ms: 0.3428
  ...
# Subtest: buildBacktestModePrefix: 칸 번호로 말하고 코드 줄 번호는 말하지 말라고 못박는다
ok 2166 - buildBacktestModePrefix: 칸 번호로 말하고 코드 줄 번호는 말하지 말라고 못박는다
  ---
  duration_ms: 0.1463
  ...
# Subtest: buildBacktestModePrefix: 시각 그래프는 노드 id·라벨·종류와 오류를 그대로 싣는다
ok 2167 - buildBacktestModePrefix: 시각 그래프는 노드 id·라벨·종류와 오류를 그대로 싣는다
  ---
  duration_ms: 0.3624
  ...
# Subtest: buildBacktestModePrefix: 오류·검증 상태·해시는 map 밑에서 읽는다(graph 안이 아니다)
ok 2168 - buildBacktestModePrefix: 오류·검증 상태·해시는 map 밑에서 읽는다(graph 안이 아니다)
  ---
  duration_ms: 0.2597
  ...
# Subtest: buildBacktestModePrefix: 그래프만 있고 칸이 없어도 지도 v{n}과 검증 상태를 낸다
ok 2169 - buildBacktestModePrefix: 그래프만 있고 칸이 없어도 지도 v{n}과 검증 상태를 낸다
  ---
  duration_ms: 0.19
  ...
# Subtest: buildBacktestModePrefix: 그래프 없는 옛 컨텍스트는 시각 그래프 줄을 내지 않는다
ok 2170 - buildBacktestModePrefix: 그래프 없는 옛 컨텍스트는 시각 그래프 줄을 내지 않는다
  ---
  duration_ms: 0.1316
  ...
# Subtest: buildBacktestModePrefix: 오류 수정은 질문 하나 → 비활성 패치 순서로만 간다
ok 2171 - buildBacktestModePrefix: 오류 수정은 질문 하나 → 비활성 패치 순서로만 간다
  ---
  duration_ms: 0.152
  ...
# Subtest: buildBacktestModePrefix: 어떤 규칙도 모델에게 실행·활성화·저장을 시키지 않는다
ok 2172 - buildBacktestModePrefix: 어떤 규칙도 모델에게 실행·활성화·저장을 시키지 않는다
  ---
  duration_ms: 0.4013
  ...
# Subtest: buildBacktestModePrefix: 대기 중인 질문은 코드·문장·선택지와 재호출 금지를 함께 싣는다
ok 2173 - buildBacktestModePrefix: 대기 중인 질문은 코드·문장·선택지와 재호출 금지를 함께 싣는다
  ---
  duration_ms: 0.2438
  ...
# Subtest: buildBacktestModePrefix: 대기 중인 수정안은 누르기 전에 고쳤다고 말하지 말라고 못박는다
ok 2174 - buildBacktestModePrefix: 대기 중인 수정안은 누르기 전에 고쳤다고 말하지 말라고 못박는다
  ---
  duration_ms: 0.1523
  ...
# Subtest: buildBacktestModePrefix: code_only면 동기화됐다고 말하지 말고 코드 경로로만 고치라고 한다
ok 2175 - buildBacktestModePrefix: code_only면 동기화됐다고 말하지 말고 코드 경로로만 고치라고 한다
  ---
  duration_ms: 0.1346
  ...
# Subtest: buildBacktestModePrefix: 기법 초안 블록은 이름·검사 3줄·시험 실행 통계를 싣는다
ok 2176 - buildBacktestModePrefix: 기법 초안 블록은 이름·검사 3줄·시험 실행 통계를 싣는다
  ---
  duration_ms: 0.4414
  ...
# Subtest: buildBacktestModePrefix: 검사 실패는 실패로 찍고 detail_ko를 그대로 붙인다
ok 2177 - buildBacktestModePrefix: 검사 실패는 실패로 찍고 detail_ko를 그대로 붙인다
  ---
  duration_ms: 0.4709
  ...
# Subtest: buildBacktestModePrefix: 노드는 id·역할·줄 범위·한 줄 설명으로, 흐름은 순서 그대로 싣는다
ok 2178 - buildBacktestModePrefix: 노드는 id·역할·줄 범위·한 줄 설명으로, 흐름은 순서 그대로 싣는다
  ---
  duration_ms: 0.1958
  ...
# Subtest: buildBacktestModePrefix: 선택된 노드는 줄 범위와 설명을 함께 싣는다
ok 2179 - buildBacktestModePrefix: 선택된 노드는 줄 범위와 설명을 함께 싣는다
  ---
  duration_ms: 0.225
  ...
# Subtest: buildBacktestModePrefix: 기법 초안인데 technique 키가 없으면 아직 안 돌았다고만 적고 던지지 않는다
ok 2180 - buildBacktestModePrefix: 기법 초안인데 technique 키가 없으면 아직 안 돌았다고만 적고 던지지 않는다
  ---
  duration_ms: 0.179
  ...
# Subtest: buildBacktestModePrefix: 기법 초안 규칙 — 질문 하나씩, 답이 오면 바로 쓴다
ok 2181 - buildBacktestModePrefix: 기법 초안 규칙 — 질문 하나씩, 답이 오면 바로 쓴다
  ---
  duration_ms: 0.5405
  ...
# Subtest: buildBacktestModePrefix: 기법 초안 규칙 — 검사는 자동, 실패는 묻지 말고 고쳐 다시 쓴다
ok 2182 - buildBacktestModePrefix: 기법 초안 규칙 — 검사는 자동, 실패는 묻지 말고 고쳐 다시 쓴다
  ---
  duration_ms: 0.6216
  ...
# Subtest: buildBacktestModePrefix: 기법 초안 규칙 — 설명은 줄 범위 근거로, 마지막은 이상하면 말해달라
ok 2183 - buildBacktestModePrefix: 기법 초안 규칙 — 설명은 줄 범위 근거로, 마지막은 이상하면 말해달라
  ---
  duration_ms: 0.2642
  ...
# Subtest: buildBacktestModePrefix: 기법 초안 규칙도 실행·활성화·저장을 모델에게 시키지 않는다
ok 2184 - buildBacktestModePrefix: 기법 초안 규칙도 실행·활성화·저장을 모델에게 시키지 않는다
  ---
  duration_ms: 0.4321
  ...
# Subtest: buildBacktestModePrefix: 기법 초안이 아니면 블록도 규칙도 서지 않는다(기존 턴 그대로)
ok 2185 - buildBacktestModePrefix: 기법 초안이 아니면 블록도 규칙도 서지 않는다(기존 턴 그대로)
  ---
  duration_ms: 0.3128
  ...
# Subtest: buildLiveTurnPrompt: 기법 초안 컨텍스트도 마지막 줄은 사용자 질문이다
ok 2186 - buildLiveTurnPrompt: 기법 초안 컨텍스트도 마지막 줄은 사용자 질문이다
  ---
  duration_ms: 0.2447
  ...
# Subtest: buildBacktestModePrefix: 기법 초안 규칙은 코드 원칙 10개를 번호 그대로 싣는다
ok 2187 - buildBacktestModePrefix: 기법 초안 규칙은 코드 원칙 10개를 번호 그대로 싣는다
  ---
  duration_ms: 0.2147
  ...
# Subtest: buildBacktestModePrefix: 노드 단위는 최상위 함수 하나이고 이름이 역할을 정한다고 적는다
ok 2188 - buildBacktestModePrefix: 노드 단위는 최상위 함수 하나이고 이름이 역할을 정한다고 적는다
  ---
  duration_ms: 0.1282
  ...
# Subtest: buildBacktestModePrefix: 차단과 경고를 가려 고치라는 규칙이 선다
ok 2189 - buildBacktestModePrefix: 차단과 경고를 가려 고치라는 규칙이 선다
  ---
  duration_ms: 0.1665
  ...
# Subtest: buildBacktestModePrefix: 경고 검사는 실패가 아니라 경고로 찍고 차단 수에서 뺀다
ok 2190 - buildBacktestModePrefix: 경고 검사는 실패가 아니라 경고로 찍고 차단 수에서 뺀다
  ---
  duration_ms: 0.2794
  ...
# Subtest: buildBacktestModePrefix: severity=warn이면 id를 몰라도 경고로 찍는다
ok 2191 - buildBacktestModePrefix: severity=warn이면 id를 몰라도 경고로 찍는다
  ---
  duration_ms: 1.4697
  ...
# Subtest: buildBacktestModePrefix: 기법 폴더가 있으면 폴더·파일을 싣고 코드는 propose_file로 쓴다
ok 2192 - buildBacktestModePrefix: 기법 폴더가 있으면 폴더·파일을 싣고 코드는 propose_file로 쓴다
  ---
  duration_ms: 0.2425
  ...
# Subtest: buildBacktestModePrefix: 폴더가 없는 초안에는 폴더 줄도 propose_file 문구도 서지 않는다
ok 2193 - buildBacktestModePrefix: 폴더가 없는 초안에는 폴더 줄도 propose_file 문구도 서지 않는다
  ---
  duration_ms: 0.1588
  ...
# Subtest: buildBacktestModePrefix: 자동 백테스트 결과는 실행 번호·상태·지표 그대로 실린다
ok 2194 - buildBacktestModePrefix: 자동 백테스트 결과는 실행 번호·상태·지표 그대로 실린다
  ---
  duration_ms: 0.1574
  ...
# Subtest: buildBacktestModePrefix: 자동 백테스트가 도는 중이면 상태만 적고 수치를 주지 않는다
ok 2195 - buildBacktestModePrefix: 자동 백테스트가 도는 중이면 상태만 적고 수치를 주지 않는다
  ---
  duration_ms: 0.2151
  ...
# Subtest: buildBacktestModePrefix: @참조는 노드 줄 범위를 근거로 답하고, 고치면 노드를 다시 그린다
ok 2196 - buildBacktestModePrefix: @참조는 노드 줄 범위를 근거로 답하고, 고치면 노드를 다시 그린다
  ---
  duration_ms: 0.2624
  ...
# Subtest: buildBacktestModePrefix: 승인은 사람 버튼이라 모델이 등록·활성화·배포를 부르지 않는다
ok 2197 - buildBacktestModePrefix: 승인은 사람 버튼이라 모델이 등록·활성화·배포를 부르지 않는다
  ---
  duration_ms: 0.4226
  ...
# Subtest: buildBacktestModePrefix: 폴더가 생겨도 질문은 technique_question으로 하나씩이다
ok 2198 - buildBacktestModePrefix: 폴더가 생겨도 질문은 technique_question으로 하나씩이다
  ---
  duration_ms: 0.1827
  ...
# Subtest: buildAgentModePrefix: 코드 알람 3단계 계약을 준다(propose_watch_code → draft → 사람 승인)
ok 2199 - buildAgentModePrefix: 코드 알람 3단계 계약을 준다(propose_watch_code → draft → 사람 승인)
  ---
  duration_ms: 0.2972
  ...
# Subtest: buildAgentModePrefix: 프로젝트가 있으면 이름과 id를 싣고, 없으면 만들라고 한다
ok 2200 - buildAgentModePrefix: 프로젝트가 있으면 이름과 id를 싣고, 없으면 만들라고 한다
  ---
  duration_ms: 0.1226
  ...
# Subtest: buildLiveTurnPrompt: canvasMode=agent면 에이전트 접두가 질문 앞에 붙는다
ok 2201 - buildLiveTurnPrompt: canvasMode=agent면 에이전트 접두가 질문 앞에 붙는다
  ---
  duration_ms: 0.1656
  ...
# Subtest: 불변 규칙: 알람이 켜졌다고 모델이 말하지 않는다(확정은 사람 클릭)
ok 2202 - 불변 규칙: 알람이 켜졌다고 모델이 말하지 않는다(확정은 사람 클릭)
  ---
  duration_ms: 0.0876
  ...
# Subtest: live turn captures one conversation id and never re-reads the mutable active id while persisting
ok 2203 - live turn captures one conversation id and never re-reads the mutable active id while persisting
  ---
  duration_ms: 4.8179
  ...
# Subtest: new conversation serializes abort and provider rotation before record publication and persistence
ok 2204 - new conversation serializes abort and provider rotation before record publication and persistence
  ---
  duration_ms: 2.1367
  ...
# Subtest: history selection retargets the live record only through the serialized switch queue
ok 2205 - history selection retargets the live record only through the serialized switch queue
  ---
  duration_ms: 3.3854
  ...
# Subtest: switching to an existing conversation serializes abort and rotation, then publishes the chosen id
ok 2206 - switching to an existing conversation serializes abort and rotation, then publishes the chosen id
  ---
  duration_ms: 0.5676
  ...
# Subtest: 공유 질의 진입: orb 왕복 대기 중 shell IPC는 저장·실행 전에 거절한다
ok 2207 - 공유 질의 진입: orb 왕복 대기 중 shell IPC는 저장·실행 전에 거절한다
  ---
  duration_ms: 13.2661
  ...
# Subtest: 공유 질의 진입: shell 왕복 대기 중 orb IPC는 저장·실행 전에 거절한다
ok 2208 - 공유 질의 진입: shell 왕복 대기 중 orb IPC는 저장·실행 전에 거절한다
  ---
  duration_ms: 7.5117
  ...
# Subtest: 공유 질의 진입: 기존 셸의 재질의는 내부 선점 경로에 계속 전달한다
ok 2209 - 공유 질의 진입: 기존 셸의 재질의는 내부 선점 경로에 계속 전달한다
  ---
  duration_ms: 5.0319
  ...
# Subtest: 공유 질의 진입: 오브 success 뒤 finally가 잠금을 풀어 셸 재질의를 받는다
ok 2210 - 공유 질의 진입: 오브 success 뒤 finally가 잠금을 풀어 셸 재질의를 받는다
  ---
  duration_ms: 4.5894
  ...
# Subtest: 공유 질의 진입: 오브 failure 뒤 finally가 잠금을 풀어 셸 재질의를 받는다
ok 2211 - 공유 질의 진입: 오브 failure 뒤 finally가 잠금을 풀어 셸 재질의를 받는다
  ---
  duration_ms: 7.3904
  ...
# Subtest: 공유 질의 진입: 오브 throw 뒤 finally가 잠금을 풀어 셸 재질의를 받는다
ok 2212 - 공유 질의 진입: 오브 throw 뒤 finally가 잠금을 풀어 셸 재질의를 받는다
  ---
  duration_ms: 4.5252
  ...
# Subtest: 공유 질의 진입: 기존 Esc 중단 IPC와 중단 후 셸 재질의를 보존한다
ok 2213 - 공유 질의 진입: 기존 Esc 중단 IPC와 중단 후 셸 재질의를 보존한다
  ---
  duration_ms: 4.1804
  ...
# Subtest: main process does not relay raw model thinking while retaining Korean tool progress
ok 2214 - main process does not relay raw model thinking while retaining Korean tool progress
  ---
  duration_ms: 5.6695
  ...
# Subtest: an unready simple-chart guard allows one model-free Selector attempt but blocks cold and full Claude fallback
ok 2215 - an unready simple-chart guard allows one model-free Selector attempt but blocks cold and full Claude fallback
  ---
  duration_ms: 3.5724
  ...
# Subtest: 감사 로그는 등록된 별칭만 최신순으로 모으고 네 칸만 돌려준다
ok 2216 - 감사 로그는 등록된 별칭만 최신순으로 모으고 네 칸만 돌려준다
  ---
  duration_ms: 19.9355
  ...
# Subtest: 깨진 줄과 audit 디렉터리 부재는 빈 목록으로 물러선다
ok 2217 - 깨진 줄과 audit 디렉터리 부재는 빈 목록으로 물러선다
  ---
  duration_ms: 26.4609
  ...
# Subtest: 상한을 넘으면 최신 것만 남는다
ok 2218 - 상한을 넘으면 최신 것만 남는다
  ---
  duration_ms: 11.3839
  ...
# Subtest: 큰 파일은 끝에서만 읽고 잘린 첫 줄은 버린다
ok 2219 - 큰 파일은 끝에서만 읽고 잘린 첫 줄은 버린다
  ---
  duration_ms: 45.3439
  ...
# Subtest: 등록 목록이 깨져 있으면 빈 목록으로 위장하지 않고 실패한다
ok 2220 - 등록 목록이 깨져 있으면 빈 목록으로 위장하지 않고 실패한다
  ---
  duration_ms: 8.3036
  ...
# Subtest: ensureMcpConfig: userData 아래에 claude -p가 읽을 수 있는 .mcp.json을 쓴다
ok 2221 - ensureMcpConfig: userData 아래에 claude -p가 읽을 수 있는 .mcp.json을 쓴다
  ---
  duration_ms: 22.4858
  ...
# Subtest: ensureMcpConfig: 두 번 불러도(재실행) 최신 경로로 덮어써진다
ok 2222 - ensureMcpConfig: 두 번 불러도(재실행) 최신 경로로 덮어써진다
  ---
  duration_ms: 31.858
  ...
# Subtest: McpRuntimeSnapshot: revisions, fingerprints, tool policy를 immutable snapshot으로 만든다
ok 2223 - McpRuntimeSnapshot: revisions, fingerprints, tool policy를 immutable snapshot으로 만든다
  ---
  duration_ms: 2.0792
  ...
# Subtest: McpRuntimeSnapshot: env secret values and capability tokens are never serialized
ok 2224 - McpRuntimeSnapshot: env secret values and capability tokens are never serialized
  ---
  duration_ms: 0.5975
  ...
# Subtest: McpRuntimeSnapshot: canonical configHash is order-independent
ok 2225 - McpRuntimeSnapshot: canonical configHash is order-independent
  ---
  duration_ms: 14.7352
  ...
# Subtest: McpRuntimeSnapshot: tampered Athena gateway command or args fail closed
ok 2226 - McpRuntimeSnapshot: tampered Athena gateway command or args fail closed
  ---
  duration_ms: 0.7124
  ...
# Subtest: migration verification accepts only keys durably replaced by the safe-storage sentinel
ok 2227 - migration verification accepts only keys durably replaced by the safe-storage sentinel
  ---
  duration_ms: 1.9239
  ...
# Subtest: missing or unreadable registry evidence cannot prove a migration durable
ok 2228 - missing or unreadable registry evidence cannot prove a migration durable
  ---
  duration_ms: 0.271
  ...
# Subtest: persistent mutation follows invalidate, fence, persist, migrate, mint, ready, publish order
ok 2229 - persistent mutation follows invalidate, fence, persist, migrate, mint, ready, publish order
  ---
  duration_ms: 7.4499
  ...
# Subtest: coordinator hands the one minted capability unchanged to snapshot, start, and publish
ok 2230 - coordinator hands the one minted capability unchanged to snapshot, start, and publish
  ---
  duration_ms: 0.6389
  ...
# Subtest: concurrent mutations are serialized and receive distinct generations
ok 2231 - concurrent mutations are serialized and receive distinct generations
  ---
  duration_ms: 10.7738
  ...
# Subtest: failed process fence prevents disk mutation and new generation publication
ok 2232 - failed process fence prevents disk mutation and new generation publication
  ---
  duration_ms: 1.1949
  ...
# Subtest: new generation start failure reports persisted-but-not-applied and stays blocked
ok 2233 - new generation start failure reports persisted-but-not-applied and stays blocked
  ---
  duration_ms: 1.6171
  ...
# Subtest: snapshot epoch mismatch invalidates the issued token and never starts a child
ok 2234 - snapshot epoch mismatch invalidates the issued token and never starts a child
  ---
  duration_ms: 0.6768
  ...
# Subtest: publish failure invalidates token, fences the started child, and stays blocked
ok 2235 - publish failure invalidates token, fences the started child, and stays blocked
  ---
  duration_ms: 1.0075
  ...
# Subtest: cold mode terminates only legacy child and never touches epoch or supervisor
ok 2236 - cold mode terminates only legacy child and never touches epoch or supervisor
  ---
  duration_ms: 0.8646
  ...
# Subtest: capability token cannot appear in coordinator snapshots or results
ok 2237 - capability token cannot appear in coordinator snapshots or results
  ---
  duration_ms: 0.8262
  ...
# Subtest: skipped plaintext migration fails closed before capability mint or runtime start
ok 2238 - skipped plaintext migration fails closed before capability mint or runtime start
  ---
  duration_ms: 1.1869
  ...
# Subtest: cold mutation does not report success when plaintext migration was skipped
ok 2239 - cold mutation does not report success when plaintext migration was skipped
  ---
  duration_ms: 0.4833
  ...
# Subtest: plugin-batch is an accepted mutation kind
ok 2240 - plugin-batch is an accepted mutation kind
  ---
  duration_ms: 0.392
  ...
# Subtest: unknown mutation kind is still rejected
ok 2241 - unknown mutation kind is still rejected
  ---
  duration_ms: 1.0233
  ...
# Subtest: published capability context keeps token out of serializable snapshots
ok 2242 - published capability context keeps token out of serializable snapshots
  ---
  duration_ms: 12.5327
  ...
# Subtest: invalidate atomically replaces the token hash and advances revision
ok 2243 - invalidate atomically replaces the token hash and advances revision
  ---
  duration_ms: 15.1873
  ...
# Subtest: disposed capability context can no longer reconstruct spawn environment
ok 2244 - disposed capability context can no longer reconstruct spawn environment
  ---
  duration_ms: 7.9584
  ...
# Subtest: state directory must be an explicit absolute path
ok 2245 - state directory must be an explicit absolute path
  ---
  duration_ms: 0.4996
  ...
# Subtest: get: 상태 파일이 없으면 claude·grok 기본값(null)
ok 2246 - get: 상태 파일이 없으면 claude·grok 기본값(null)
  ---
  duration_ms: 6.3209
  ...
# Subtest: set: 유효한 모델 문자열을 저장하고 전체 상태를 돌려준다
ok 2247 - set: 유효한 모델 문자열을 저장하고 전체 상태를 돌려준다
  ---
  duration_ms: 6.3066
  ...
# Subtest: set: 대괄호 확장 컨텍스트 접미사([1m])를 허용한다
ok 2248 - set: 대괄호 확장 컨텍스트 접미사([1m])를 허용한다
  ---
  duration_ms: 5.9279
  ...
# Subtest: set: 64자 모델 문자열은 경계값으로 허용된다
ok 2249 - set: 64자 모델 문자열은 경계값으로 허용된다
  ---
  duration_ms: 8.7578
  ...
# Subtest: set: 65자 모델 문자열은 거부된다(64자 상한)
ok 2250 - set: 65자 모델 문자열은 거부된다(64자 상한)
  ---
  duration_ms: 2.6486
  ...
# Subtest: set: 선두 "-"인 모델 문자열은 거부된다 — claude 인자 파서가 플래그로 오독하는 걸 막는다
ok 2251 - set: 선두 "-"인 모델 문자열은 거부된다 — claude 인자 파서가 플래그로 오독하는 걸 막는다
  ---
  duration_ms: 1.6283
  ...
# Subtest: set: 허용 문자셋(영문·숫자·점·하이픈·대괄호) 밖의 값은 거부된다
ok 2252 - set: 허용 문자셋(영문·숫자·점·하이픈·대괄호) 밖의 값은 거부된다
  ---
  duration_ms: 2.9157
  ...
# Subtest: set: claude effort 화이트리스트 — low/medium/high/xhigh/max만 허용, minimal은 거부
ok 2253 - set: claude effort 화이트리스트 — low/medium/high/xhigh/max만 허용, minimal은 거부
  ---
  duration_ms: 42.4594
  ...
# Subtest: set: provider "codex"는 더 이상 여기서 다루지 않는다(invalid-provider) — Codex 값은 codex-config.js가 config.toml에 직접 쓴다(2026-08-18 실결선)
ok 2254 - set: provider "codex"는 더 이상 여기서 다루지 않는다(invalid-provider) — Codex 값은 codex-config.js가 config.toml에 직접 쓴다(2026-08-18 실결선)
  ---
  duration_ms: 1.6487
  ...
# Subtest: set: patch 값 null은 그 필드만 기본값으로 되돌린다
ok 2255 - set: patch 값 null은 그 필드만 기본값으로 되돌린다
  ---
  duration_ms: 12.5933
  ...
# Subtest: set: patch에 없는 키는 건드리지 않는다(부분 갱신)
ok 2256 - set: patch에 없는 키는 건드리지 않는다(부분 갱신)
  ---
  duration_ms: 9.531
  ...
# Subtest: set: 알 수 없는 provider는 거부된다
ok 2257 - set: 알 수 없는 provider는 거부된다
  ---
  duration_ms: 2.1808
  ...
# Subtest: 원자적 쓰기: 쓰고 나면 .tmp 파일이 안 남고 최종 파일에만 값이 있다
ok 2258 - 원자적 쓰기: 쓰고 나면 .tmp 파일이 안 남고 최종 파일에만 값이 있다
  ---
  duration_ms: 7.0707
  ...
# Subtest: fail-open: 상태 파일이 깨진 JSON이어도 기본값으로 저하된다(던지지 않는다)
ok 2259 - fail-open: 상태 파일이 깨진 JSON이어도 기본값으로 저하된다(던지지 않는다)
  ---
  duration_ms: 13.3816
  ...
# Subtest: fail-open: 저장된 claude 값 중 검증에 실패하는 필드만 기본값으로 저하된다; 파일에 남은 옛 codex 키는 무해하게 무시된다(읽지 않는다)
ok 2260 - fail-open: 저장된 claude 값 중 검증에 실패하는 필드만 기본값으로 저하된다; 파일에 남은 옛 codex 키는 무해하게 무시된다(읽지 않는다)
  ---
  duration_ms: 12.8861
  ...
# Subtest: set: grok 모델·effort 를 저장한다
ok 2261 - set: grok 모델·effort 를 저장한다
  ---
  duration_ms: 6.9279
  ...
# Subtest: set: grok effort max 는 거부된다 — grok-4.5 CLI 가 max 를 모른다
ok 2262 - set: grok effort max 는 거부된다 — grok-4.5 CLI 가 max 를 모른다
  ---
  duration_ms: 1.6936
  ...
# Subtest: isValidModel/isValidEffort: 모듈 내부 검증 함수도 직접 호출 가능하다 — codex는 이제 이 모듈이 모른다
ok 2263 - isValidModel/isValidEffort: 모듈 내부 검증 함수도 직접 호출 가능하다 — codex는 이제 이 모듈이 모른다
  ---
  duration_ms: 0.2308
  ...
# Subtest: LIFE-002: native input helper rejects an invalid HWND explicitly
ok 2264 - LIFE-002: native input helper rejects an invalid HWND explicitly
  ---
  duration_ms: 840.1384
  ...
# Subtest: ORB_SIZE는 76이다 — GLOSSARY §1이 못박은 수치
ok 2265 - ORB_SIZE는 76이다 — GLOSSARY §1이 못박은 수치
  ---
  duration_ms: 2.8395
  ...
# Subtest: computeOrbPlacement: 워크에어리어 우하단 구석에 여백을 두고 놓는다
ok 2266 - computeOrbPlacement: 워크에어리어 우하단 구석에 여백을 두고 놓는다
  ---
  duration_ms: 0.3099
  ...
# Subtest: computeOrbPlacement: 멀티 모니터 — workArea 오프셋을 기준으로 계산한다
ok 2267 - computeOrbPlacement: 멀티 모니터 — workArea 오프셋을 기준으로 계산한다
  ---
  duration_ms: 0.1984
  ...
# Subtest: computeExpandedBounds: 우하단 오브는 좌상 방향으로 자란다(anchor bottom-right)
ok 2268 - computeExpandedBounds: 우하단 오브는 좌상 방향으로 자란다(anchor bottom-right)
  ---
  duration_ms: 0.359
  ...
# Subtest: computeExpandedBounds: board-33 — height를 상한(640)까지 올려도 얼굴 모서리는 안 움직인다
ok 2269 - computeExpandedBounds: board-33 — height를 상한(640)까지 올려도 얼굴 모서리는 안 움직인다
  ---
  duration_ms: 1.0405
  ...
# Subtest: computeExpandedBounds: 좌상단 오브는 우하 방향으로 자란다(anchor top-left)
ok 2270 - computeExpandedBounds: 좌상단 오브는 우하 방향으로 자란다(anchor top-left)
  ---
  duration_ms: 0.2146
  ...
# Subtest: computeExpandedBounds: 사분면마다 anchor가 다르다(네 방향 전부)
ok 2271 - computeExpandedBounds: 사분면마다 anchor가 다르다(네 방향 전부)
  ---
  duration_ms: 0.4462
  ...
# Subtest: 펼침→접힘 왕복은 오브를 원래 자리로 되돌린다(네 사분면 전부)
ok 2272 - 펼침→접힘 왕복은 오브를 원래 자리로 되돌린다(네 사분면 전부)
  ---
  duration_ms: 0.4369
  ...
# Subtest: 펼침→접힘 왕복은 여러 번 반복해도 표류하지 않는다
ok 2273 - 펼침→접힘 왕복은 여러 번 반복해도 표류하지 않는다
  ---
  duration_ms: 0.5743
  ...
# Subtest: buildOrbWindowOptions: 계약 플래그 — alwaysOnTop · 투명 · 프레임 없음 · 작업표시줄 제외
ok 2274 - buildOrbWindowOptions: 계약 플래그 — alwaysOnTop · 투명 · 프레임 없음 · 작업표시줄 제외
  ---
  duration_ms: 0.6684
  ...
# Subtest: buildOrbWindowOptions: 렌더러 격리는 셸 창과 같은 수준이다
ok 2275 - buildOrbWindowOptions: 렌더러 격리는 셸 창과 같은 수준이다
  ---
  duration_ms: 0.3188
  ...
# Subtest: applyOrbBounds: resizable을 잠깐 풀고 크기를 바꾼 뒤 되잠근다
ok 2276 - applyOrbBounds: resizable을 잠깐 풀고 크기를 바꾼 뒤 되잠근다
  ---
  duration_ms: 0.4099
  ...
# Subtest: applyOrbBounds: 파괴된/없는 창에는 아무것도 안 한다
ok 2277 - applyOrbBounds: 파괴된/없는 창에는 아무것도 안 한다
  ---
  duration_ms: 0.1723
  ...
# Subtest: orb visibility: 보이는 메인창이 있으면 키우미 native 창을 숨긴다
ok 2278 - orb visibility: 보이는 메인창이 있으면 키우미 native 창을 숨긴다
  ---
  duration_ms: 0.39
  ...
# Subtest: orb visibility: 닫기-백그라운드로 숨은 메인창이면 키우미를 표시한다
ok 2279 - orb visibility: 닫기-백그라운드로 숨은 메인창이면 키우미를 표시한다
  ---
  duration_ms: 0.1599
  ...
# Subtest: orb visibility: 최소화된 메인창에서도 native 창은 뜬다 — 표시 모드는 B로 남는다
ok 2280 - orb visibility: 최소화된 메인창에서도 native 창은 뜬다 — 표시 모드는 B로 남는다
  ---
  duration_ms: 0.1948
  ...
# Subtest: 표시 모드: 최소화된 셸은 여전히 알림 전용(B)이다 — 미니 채팅으로 뒤집히지 않는다
ok 2281 - 표시 모드: 최소화된 셸은 여전히 알림 전용(B)이다 — 미니 채팅으로 뒤집히지 않는다
  ---
  duration_ms: 0.1231
  ...
# Subtest: 표시 모드: 보이는 셸은 알림 전용(B)이다
ok 2282 - 표시 모드: 보이는 셸은 알림 전용(B)이다
  ---
  duration_ms: 0.084
  ...
# Subtest: 표시 모드: 닫기-백그라운드로 숨은 셸에서만 미니 채팅(A)이다
ok 2283 - 표시 모드: 닫기-백그라운드로 숨은 셸에서만 미니 채팅(A)이다
  ---
  duration_ms: 0.0831
  ...
# Subtest: 표시 모드: 셸이 없거나 파괴됐으면 알림 전용(B)으로 둔다
ok 2284 - 표시 모드: 셸이 없거나 파괴됐으면 알림 전용(B)으로 둔다
  ---
  duration_ms: 0.0784
  ...
# Subtest: 알림 전용 패널 요청은 셸이 보이는 동안에도 창을 띄운다
ok 2285 - 알림 전용 패널 요청은 셸이 보이는 동안에도 창을 띄운다
  ---
  duration_ms: 0.112
  ...
# Subtest: 알림 전용 패널 요청도 앱 종료 중(파괴된 셸)에는 창을 띄우지 않는다
ok 2286 - 알림 전용 패널 요청도 앱 종료 중(파괴된 셸)에는 창을 띄우지 않는다
  ---
  duration_ms: 1.4686
  ...
# Subtest: orb visibility: 이미 원하는 상태면 show/hide를 중복 호출하지 않는다
ok 2287 - orb visibility: 이미 원하는 상태면 show/hide를 중복 호출하지 않는다
  ---
  duration_ms: 0.3391
  ...
# Subtest: orb visibility: 앱 종료 중 파괴된 창에는 키우미를 다시 표시하지 않는다
ok 2288 - orb visibility: 앱 종료 중 파괴된 창에는 키우미를 다시 표시하지 않는다
  ---
  duration_ms: 0.1849
  ...
# Subtest: REAL_TR_ID: 0D다
ok 2289 - REAL_TR_ID: 0D다
  ---
  duration_ms: 1.4224
  ...
# Subtest: parseQuoteBookTick: AITS 10단 호가와 0D 예상체결 필드를 의미대로 읽는다
ok 2290 - parseQuoteBookTick: AITS 10단 호가와 0D 예상체결 필드를 의미대로 읽는다
  ---
  duration_ms: 2.2693
  ...
# Subtest: parseQuoteBookTick: 없는 FID는 null로 남겨 기존 단을 지우지 않는다
ok 2291 - parseQuoteBookTick: 없는 FID는 null로 남겨 기존 단을 지우지 않는다
  ---
  duration_ms: 0.3061
  ...
# Subtest: parseQuoteBookTick: 0D가 아니거나 종목코드가 없으면 null이다
ok 2292 - parseQuoteBookTick: 0D가 아니거나 종목코드가 없으면 null이다
  ---
  duration_ms: 0.1558
  ...
# Subtest: parseQuoteBookFrame: REAL 프레임의 0D만 추린다
ok 2293 - parseQuoteBookFrame: REAL 프레임의 0D만 추린다
  ---
  duration_ms: 0.496
  ...
# Subtest: parseQuoteBookFrame: REAL이 아니면 빈 배열이다
ok 2294 - parseQuoteBookFrame: REAL이 아니면 빈 배열이다
  ---
  duration_ms: 2.0174
  ...
# Subtest: 백엔드 픽스처 6종의 호출 입력을 모두 제안으로 판정한다
ok 2295 - 백엔드 픽스처 6종의 호출 입력을 모두 제안으로 판정한다
  ---
  duration_ms: 4.9075
  ...
# Subtest: 아테나 게이트웨이 접두가 붙은 이름만 함께 받는다
ok 2296 - 아테나 게이트웨이 접두가 붙은 이름만 함께 받는다
  ---
  duration_ms: 2.1378
  ...
# Subtest: 별칭 접두가 붙은 남의 툴은 거부한다
ok 2297 - 별칭 접두가 붙은 남의 툴은 거부한다
  ---
  duration_ms: 1.9565
  ...
# Subtest: 다른 툴과 enum 밖 액션은 무시한다
ok 2298 - 다른 툴과 enum 밖 액션은 무시한다
  ---
  duration_ms: 1.9706
  ...
# Subtest: 봉투 모양이 어긋난 결과는 버린다
ok 2299 - 봉투 모양이 어긋난 결과는 버린다
  ---
  duration_ms: 1.8998
  ...
# Subtest: source가 model이 아닌 봉투는 버린다
ok 2300 - source가 model이 아닌 봉투는 버린다
  ---
  duration_ms: 1.4576
  ...
# Subtest: electron도 main.js도 require하지 않는다
ok 2301 - electron도 main.js도 require하지 않는다
  ---
  duration_ms: 5.7892
  ...
# Subtest: 같은 제안을 두 번 승인할 수 없다
ok 2302 - 같은 제안을 두 번 승인할 수 없다
  ---
  duration_ms: 2.1302
  ...
# Subtest: 되돌린 제안은 다시 승인할 수 있다
ok 2303 - 되돌린 제안은 다시 승인할 수 있다
  ---
  duration_ms: 0.3184
  ...
# Subtest: 소비 기록과 대기 목록은 스무 개에서 오래된 것부터 버린다
ok 2304 - 소비 기록과 대기 목록은 스무 개에서 오래된 것부터 버린다
  ---
  duration_ms: 0.9161
  ...
# Subtest: 설치는 등록 → 재확인 → 승인 순으로 돈다
ok 2305 - 설치는 등록 → 재확인 → 승인 순으로 돈다
  ---
  duration_ms: 1.0549
  ...
# Subtest: 직접 등록은 연결 확인 대상에 들어가지 않는다
ok 2306 - 직접 등록은 연결 확인 대상에 들어가지 않는다
  ---
  duration_ms: 0.529
  ...
# Subtest: 묶음은 배열 순서대로 돌고 첫 실패에서 멈춘다
ok 2307 - 묶음은 배열 순서대로 돌고 첫 실패에서 멈춘다
  ---
  duration_ms: 0.8482
  ...
# Subtest: 설치 서브사슬은 승인 실패를 보상한다
ok 2308 - 설치 서브사슬은 승인 실패를 보상한다
  ---
  duration_ms: 3.1654
  ...
# Subtest: 켜기·끄기·기능 철회가 각각의 실행으로 간다
ok 2309 - 켜기·끄기·기능 철회가 각각의 실행으로 간다
  ---
  duration_ms: 0.8942
  ...
# Subtest: probe는 apply 밖에서 돈다
ok 2310 - probe는 apply 밖에서 돈다
  ---
  duration_ms: 1.0625
  ...
# Subtest: 연결 확인 실패도 사람이 읽는 문구로 돌려준다
ok 2311 - 연결 확인 실패도 사람이 읽는 문구로 돌려준다
  ---
  duration_ms: 0.4127
  ...
# Subtest: 차단 별칭 봉투는 executor를 한 번도 부르지 않는다
ok 2312 - 차단 별칭 봉투는 executor를 한 번도 부르지 않는다
  ---
  duration_ms: 0.4078
  ...
# Subtest: 설치는 추천 목록 안에서만, 나머지는 이미 설치된 것만 통과한다
ok 2313 - 설치는 추천 목록 안에서만, 나머지는 이미 설치된 것만 통과한다
  ---
  duration_ms: 0.4186
  ...
# Subtest: 스니펫은 파싱한 뒤 별칭을 검사한다
ok 2314 - 스니펫은 파싱한 뒤 별칭을 검사한다
  ---
  duration_ms: 2.132
  ...
# Subtest: 빈 봉투와 enum 밖 액션은 게이트에서 막힌다
ok 2315 - 빈 봉투와 enum 밖 액션은 게이트에서 막힌다
  ---
  duration_ms: 0.172
  ...
# Subtest: 대기 목록은 등록 → 조회 → 승인으로 사라진다
ok 2316 - 대기 목록은 등록 → 조회 → 승인으로 사라진다
  ---
  duration_ms: 0.1951
  ...
# Subtest: decide: 게이트 → 소비 → 실행 → 연결 확인 순서로 부르고 실행을 조정자로 감싼다
ok 2317 - decide: 게이트 → 소비 → 실행 → 연결 확인 순서로 부르고 실행을 조정자로 감싼다
  ---
  duration_ms: 2.1454
  ...
# Subtest: decide: 게이트에서 막히면 실행기를 한 번도 부르지 않고 소비도 하지 않는다
ok 2318 - decide: 게이트에서 막히면 실행기를 한 번도 부르지 않고 소비도 하지 않는다
  ---
  duration_ms: 0.3168
  ...
# Subtest: decide: 판번호가 어긋나면 실행 없이 만료이고 소비는 되돌리지 않는다
ok 2319 - decide: 판번호가 어긋나면 실행 없이 만료이고 소비는 되돌리지 않는다
  ---
  duration_ms: 0.2355
  ...
# Subtest: decide: 실행이 실패하면 소비를 되돌려 같은 봉투를 다시 보낼 수 있다
ok 2320 - decide: 실행이 실패하면 소비를 되돌려 같은 봉투를 다시 보낼 수 있다
  ---
  duration_ms: 0.2838
  ...
# Subtest: decide: revision이 null이면 만료로 몰지 않는다
ok 2321 - decide: revision이 null이면 만료로 몰지 않는다
  ---
  duration_ms: 0.1711
  ...
# Subtest: reads an exact Linux process start-tick identity without trusting the command name field
ok 2322 - reads an exact Linux process start-tick identity without trusting the command name field
  ---
  duration_ms: 1.882
  ...
# Subtest: creation-time reader uses shell-free platform commands and rejects missing identities
ok 2323 - creation-time reader uses shell-free platform commands and rejects missing identities
  ---
  duration_ms: 1.1697
  ...
# Subtest: terminateTree reports already-exited without signalling
ok 2324 - terminateTree reports already-exited without signalling
  ---
  duration_ms: 1.2768
  ...
# Subtest: POSIX confirms graceful SIGTERM exit
ok 2325 - POSIX confirms graceful SIGTERM exit
  ---
  duration_ms: 2.25
  ...
# Subtest: default waiter confirms the child close event rather than assuming kill succeeded
ok 2326 - default waiter confirms the child close event rather than assuming kill succeeded
  ---
  duration_ms: 0.7999
  ...
# Subtest: POSIX escalates to SIGKILL and confirms forced exit
ok 2327 - POSIX escalates to SIGKILL and confirms forced exit
  ---
  duration_ms: 0.6227
  ...
# Subtest: POSIX returns timeout evidence when the process cannot be killed
ok 2328 - POSIX returns timeout evidence when the process cannot be killed
  ---
  duration_ms: 0.4425
  ...
# Subtest: signal failures are returned as explicit failure evidence
ok 2329 - signal failures are returned as explicit failure evidence
  ---
  duration_ms: 0.6
  ...
# Subtest: repeated terminateTree calls share one termination operation
ok 2330 - repeated terminateTree calls share one termination operation
  ---
  duration_ms: 0.7166
  ...
# Subtest: creation-time mismatch fails closed before signalling a reused PID
ok 2331 - creation-time mismatch fails closed before signalling a reused PID
  ---
  duration_ms: 0.7317
  ...
# Subtest: identity-reader failure and mismatch attempts are retryable, then matching identity can terminate
ok 2332 - identity-reader failure and mismatch attempts are retryable, then matching identity can terminate
  ---
  duration_ms: 0.5881
  ...
# Subtest: concurrent callers dedupe, then a completed failed owner can be replaced without late clearing
ok 2333 - concurrent callers dedupe, then a completed failed owner can be replaced without late clearing
  ---
  duration_ms: 0.6155
  ...
# Subtest: expected creation time without a reader fails closed before signalling
ok 2334 - expected creation time without a reader fails closed before signalling
  ---
  duration_ms: 0.2009
  ...
# Subtest: Windows awaits taskkill and child-close confirmation, then forces if needed
ok 2335 - Windows awaits taskkill and child-close confirmation, then forces if needed
  ---
  duration_ms: 0.8296
  ...
# Subtest: killTree retains its fire-and-forget API and never requests a shell
ok 2336 - killTree retains its fire-and-forget API and never requests a shell
  ---
  duration_ms: 0.3125
  ...
# Subtest: 프로젝트 루트를 canonical absolute directory로 고정하고 cwd getter가 재검증한다
ok 2337 - 프로젝트 루트를 canonical absolute directory로 고정하고 cwd getter가 재검증한다
  ---
  duration_ms: 163.6404
  ...
# Subtest: 존재하지 않거나 파일이거나 UNC/device namespace인 루트는 거절한다
ok 2338 - 존재하지 않거나 파일이거나 UNC/device namespace인 루트는 거절한다
  ---
  duration_ms: 89.4622
  ...
# Subtest: 상대 경로 문법은 traversal, 절대 경로, 대체 separator, ADS와 Windows device명을 차단한다
ok 2339 - 상대 경로 문법은 traversal, 절대 경로, 대체 separator, ADS와 Windows device명을 차단한다
  ---
  duration_ms: 1.8551
  ...
# Subtest: 숨김 파일과 credential/token/secret 이름은 목록과 load에서 보호한다
ok 2340 - 숨김 파일과 credential/token/secret 이름은 목록과 load에서 보호한다
  ---
  duration_ms: 137.5321
  ...
# Subtest: 안전한 목록은 공개 상대 경로와 제한된 메타데이터만 반환한다
ok 2341 - 안전한 목록은 공개 상대 경로와 제한된 메타데이터만 반환한다
  ---
  duration_ms: 255.1666
  ...
# Subtest: 목록 재귀 깊이와 전체 entry 수를 제한한다
ok 2342 - 목록 재귀 깊이와 전체 entry 수를 제한한다
  ---
  duration_ms: 225.346
  ...
# Subtest: UTF-8 text load는 공개 shape만 반환하고 크기 및 encoding을 검증한다
ok 2343 - UTF-8 text load는 공개 shape만 반환하고 크기 및 encoding을 검증한다
  ---
  duration_ms: 244.6954
  ...
# Subtest: binary는 기본 차단하며 명시적 허용과 별도 크기 제한에서만 base64로 반환한다
ok 2344 - binary는 기본 차단하며 명시적 허용과 별도 크기 제한에서만 base64로 반환한다
  ---
  duration_ms: 135.4525
  ...
# Subtest: 지원하지 않는 파일과 directory load를 거절한다
ok 2345 - 지원하지 않는 파일과 directory load를 거절한다
  ---
  duration_ms: 177.1752
  ...
# Subtest: 루트가 교체되면 기존 workspace의 cwd/list/load를 모두 중단한다
ok 2346 - 루트가 교체되면 기존 workspace의 cwd/list/load를 모두 중단한다
  ---
  duration_ms: 115.5545
  ...
# Subtest: 심볼릭 링크나 정션 루트와 하위 링크는 따라가지 않는다
ok 2347 - 심볼릭 링크나 정션 루트와 하위 링크는 따라가지 않는다
  ---
  duration_ms: 75.6889
  ...
# Subtest: NTFS hardlink는 nlink 경계에서 목록과 load 모두 차단한다
ok 2348 - NTFS hardlink는 nlink 경계에서 목록과 load 모두 차단한다
  ---
  duration_ms: 78.4066
  ...
# Subtest: 주입 reparse inspector는 generic reparse와 volume-mount 판정을 항상 거절한다
ok 2349 - 주입 reparse inspector는 generic reparse와 volume-mount 판정을 항상 거절한다
  ---
  duration_ms: 136.5252
  ...
# Subtest: 0 또는 unavailable handle identity는 안전한 대체 ID 없이 fail-closed 한다
ok 2350 - 0 또는 unavailable handle identity는 안전한 대체 ID 없이 fail-closed 한다
  ---
  duration_ms: 60.752
  ...
# Subtest: 기본 native reparse 검사가 unavailable이면 caller callback과 무관하게 fail-closed 한다
ok 2351 - 기본 native reparse 검사가 unavailable이면 caller callback과 무관하게 fail-closed 한다
  ---
  duration_ms: 2.537
  ...
# Subtest: 동시 list/load는 같은 경로·identity의 in-flight probe를 공유하고 native probe 동시성을 제한한다
ok 2352 - 동시 list/load는 같은 경로·identity의 in-flight probe를 공유하고 native probe 동시성을 제한한다
  ---
  duration_ms: 620.0818
  ...
# Subtest: 여러 workspace instance의 native probe도 process-wide 동시성 4를 공유한다
ok 2353 - 여러 workspace instance의 native probe도 process-wide 동시성 4를 공유한다
  ---
  duration_ms: 96.2711
  ...
# Subtest: reparse cache는 path별 현재 fingerprint만 유지하고 stale identity를 재검사한다
ok 2354 - reparse cache는 path별 현재 fingerprint만 유지하고 stale identity를 재검사한다
  ---
  duration_ms: 22.0356
  ...
# Subtest: 조작된 SystemRoot 환경값은 OS kernel SystemRoot 경계와 불일치하여 fail-closed 한다
ok 2355 - 조작된 SystemRoot 환경값은 OS kernel SystemRoot 경계와 불일치하여 fail-closed 한다
  ---
  duration_ms: 7.0265
  ...
# Subtest: root TOCTOU를 load:after-current-root 단계에서 감지하고 결과를 폐기한다
ok 2356 - root TOCTOU를 load:after-current-root 단계에서 감지하고 결과를 폐기한다
  ---
  duration_ms: 53.9252
  ...
# Subtest: root TOCTOU를 load:target:component-0:after-lstat 단계에서 감지하고 결과를 폐기한다
ok 2357 - root TOCTOU를 load:target:component-0:after-lstat 단계에서 감지하고 결과를 폐기한다
  ---
  duration_ms: 104.0889
  ...
# Subtest: root TOCTOU를 load:target:component-0:after-open 단계에서 감지하고 결과를 폐기한다
ok 2358 - root TOCTOU를 load:target:component-0:after-open 단계에서 감지하고 결과를 폐기한다
  ---
  duration_ms: 101.0355
  ...
# Subtest: root TOCTOU를 load:after-read 단계에서 감지하고 결과를 폐기한다
ok 2359 - root TOCTOU를 load:after-read 단계에서 감지하고 결과를 폐기한다
  ---
  duration_ms: 76.6127
  ...
# Subtest: getValidatedRoot은 반환 직전 root 교체를 재검증하며 spawn 원자성을 주장하지 않는다
ok 2360 - getValidatedRoot은 반환 직전 root 교체를 재검증하며 spawn 원자성을 주장하지 않는다
  ---
  duration_ms: 77.2981
  ...
# Subtest: text content sniff는 NUL과 비텍스트 control byte를 확장자와 무관하게 거절한다
ok 2361 - text content sniff는 NUL과 비텍스트 control byte를 확장자와 무관하게 거절한다
  ---
  duration_ms: 112.1431
  ...
# Subtest: binary content sniff는 PNG/JPEG/PDF magic 불일치와 active SVG를 거절한다
ok 2362 - binary content sniff는 PNG/JPEG/PDF magic 불일치와 active SVG를 거절한다
  ---
  duration_ms: 187.1986
  ...
# Subtest: 실제 central directory와 EOCD가 있는 OOXML ZIP도 parser가 없으므로 fail-closed 한다
ok 2363 - 실제 central directory와 EOCD가 있는 OOXML ZIP도 parser가 없으므로 fail-closed 한다
  ---
  duration_ms: 108.5949
  ...
# Subtest: streaming 열거는 unsupported/protected 항목도 scanned budget에 포함하고 즉시 중단한다
ok 2364 - streaming 열거는 unsupported/protected 항목도 scanned budget에 포함하고 즉시 중단한다
  ---
  duration_ms: 164.3924
  ...
# Subtest: 100개 항목의 Windows reparse 검사는 동기 자식 프로세스 없이 이벤트 루프를 양보한다
ok 2365 - 100개 항목의 Windows reparse 검사는 동기 자식 프로세스 없이 이벤트 루프를 양보한다
  ---
  duration_ms: 3429.6629
  ...
# Subtest: maxEntries와 maxScannedEntries가 정확히 전체 개수이면 incomplete가 아니다
ok 2366 - maxEntries와 maxScannedEntries가 정확히 전체 개수이면 incomplete가 아니다
  ---
  duration_ms: 204.0219
  ...
# Subtest: 반환 직전 root checkpoint 실패는 live descriptor 0도 닫고 원래 오류를 보존한다
ok 2367 - 반환 직전 root checkpoint 실패는 live descriptor 0도 닫고 원래 오류를 보존한다
  ---
  duration_ms: 65.3393
  ...
# Subtest: 같은 inode의 읽기 중 mutation은 artifact_changed이며 AAABBB 혼합 결과를 반환하지 않는다
ok 2368 - 같은 inode의 읽기 중 mutation은 artifact_changed이며 AAABBB 혼합 결과를 반환하지 않는다
  ---
  duration_ms: 65.9348
  ...
# Subtest: root opendir/read 오류는 안전한 명시 오류로 실패한다
ok 2369 - root opendir/read 오류는 안전한 명시 오류로 실패한다
  ---
  duration_ms: 61.5943
  ...
# Subtest: 하위 I/O 누락은 incomplete/skipped reason으로 드러나며 policy exclusion과 구분된다
ok 2370 - 하위 I/O 누락은 incomplete/skipped reason으로 드러나며 policy exclusion과 구분된다
  ---
  duration_ms: 93.3436
  ...
# Subtest: close failure는 단독 오류로 보고하고 prior 오류가 있으면 원본과 cleanup evidence를 보존한다
ok 2371 - close failure는 단독 오류로 보고하고 prior 오류가 있으면 원본과 cleanup evidence를 보존한다
  ---
  duration_ms: 98.3172
  ...
# Subtest: directory close failure는 단독 오류 및 prior read 오류 cleanup evidence를 구분한다
ok 2372 - directory close failure는 단독 오류 및 prior read 오류 cleanup evidence를 구분한다
  ---
  duration_ms: 64.9649
  ...
# Subtest: router emits renderer-safe tool steps without raw input or result content
ok 2373 - router emits renderer-safe tool steps without raw input or result content
  ---
  duration_ms: 2.8549
  ...
# Subtest: trusted completion correlates the accepted arguments and successful result by tool-use id
ok 2374 - trusted completion correlates the accepted arguments and successful result by tool-use id
  ---
  duration_ms: 2.773
  ...
# Subtest: normalized completion reaches the real main backtest forwarder only for an active backtest turn
ok 2375 - normalized completion reaches the real main backtest forwarder only for an active backtest turn
  ---
  duration_ms: 6.5745
  ...
# Subtest: trusted completion rejects errors, missing or mismatched starts, and completions after interruption
ok 2376 - trusted completion rejects errors, missing or mismatched starts, and completions after interruption
  ---
  duration_ms: 0.3646
  ...
# Subtest: router rejects a stale provider identity before trusted callbacks
ok 2377 - router rejects a stale provider identity before trusted callbacks
  ---
  duration_ms: 0.8773
  ...
# Subtest: normalized replay capture preserves exact tool-use correlation
ok 2378 - normalized replay capture preserves exact tool-use correlation
  ---
  duration_ms: 1.36
  ...
# Subtest: duplicate completion and events after terminal are dropped
ok 2379 - duplicate completion and events after terminal are dropped
  ---
  duration_ms: 0.4724
  ...
# Subtest: subagent descriptions and warnings are bounded and control-character free
ok 2380 - subagent descriptions and warnings are bounded and control-character free
  ---
  duration_ms: 0.5007
  ...
# Subtest: invalid or unstamped events fail before any callback
ok 2381 - invalid or unstamped events fail before any callback
  ---
  duration_ms: 0.4827
  ...
# Subtest: concurrent new conversations serialize block, interrupt, rotation, publication, and begin
ok 2382 - concurrent new conversations serialize block, interrupt, rotation, publication, and begin
  ---
  duration_ms: 6.6906
  ...
# Subtest: conversation queue carries verifier correlation through an already-queued unrelated rotation
ok 2383 - conversation queue carries verifier correlation through an already-queued unrelated rotation
  ---
  duration_ms: 1.7269
  ...
# Subtest: conversation rotation rejects shutdown without publishing after provider rotation
ok 2384 - conversation rotation rejects shutdown without publishing after provider rotation
  ---
  duration_ms: 1.46
  ...
# Subtest: provider rotation failure leaves conversation publication and persistence unchanged
ok 2385 - provider rotation failure leaves conversation publication and persistence unchanged
  ---
  duration_ms: 0.5356
  ...
# Subtest: stopped controller is discarded and mutation, logout, or disabled restart constructs fresh runtime
ok 2386 - stopped controller is discarded and mutation, logout, or disabled restart constructs fresh runtime
  ---
  duration_ms: 0.8611
  ...
# Subtest: only exact sender, generation, submit, turn, and first visible sequence can ACK
ok 2387 - only exact sender, generation, submit, turn, and first visible sequence can ACK
  ---
  duration_ms: 1.993
  ...
# Subtest: an identifiable invalid ACK tombstones the turn and rejects a later valid ACK
ok 2388 - an identifiable invalid ACK tombstones the turn and rejects a later valid ACK
  ---
  duration_ms: 1.5212
  ...
# Subtest: terminal invalid tombstones remain subject to TTL and max-turn cleanup
ok 2389 - terminal invalid tombstones remain subject to TTL and max-turn cleanup
  ---
  duration_ms: 0.4415
  ...
# Subtest: payload validator rejects extra keys and cross-clock inversions
ok 2390 - payload validator rejects extra keys and cross-clock inversions
  ---
  duration_ms: 0.2799
  ...
# Subtest: first visible event uses compare-and-set and cleanup is bounded
ok 2391 - first visible event uses compare-and-set and cleanup is bounded
  ---
  duration_ms: 0.4164
  ...
# Subtest: registry evicts oldest and expired turns without timers or unbounded growth
ok 2392 - registry evicts oldest and expired turns without timers or unbounded growth
  ---
  duration_ms: 1.1367
  ...
# Subtest: bounded cleanup options fail closed on invalid configuration
ok 2393 - bounded cleanup options fail closed on invalid configuration
  ---
  duration_ms: 0.7988
  ...
# Subtest: process-start flag defaults cold and accepts only exact 0/1 overrides
ok 2394 - process-start flag defaults cold and accepts only exact 0/1 overrides
  ---
  duration_ms: 1.344
  ...
# Subtest: cold controller does not load persistent supervisor, SDK adapter, or app-server modules
ok 2395 - cold controller does not load persistent supervisor, SDK adapter, or app-server modules
  ---
  duration_ms: 1.1649
  ...
# Subtest: main MCP snapshot binds full revisions and exact builtin plus approved upstream inventory
ok 2396 - main MCP snapshot binds full revisions and exact builtin plus approved upstream inventory
  ---
  duration_ms: 19.8743
  ...
# Subtest: main MCP snapshot rejects a modified Athena gateway command or environment
ok 2397 - main MCP snapshot rejects a modified Athena gateway command or environment
  ---
  duration_ms: 0.8032
  ...
# Subtest: security state validation rejects missing schema and canonical fingerprint mismatches
ok 2398 - security state validation rejects missing schema and canonical fingerprint mismatches
  ---
  duration_ms: 1.9223
  ...
# Subtest: desired-state tool policy uses the snapshot exact MCP allowlist plus approved local builtins
ok 2399 - desired-state tool policy uses the snapshot exact MCP allowlist plus approved local builtins
  ---
  duration_ms: 0.438
  ...
# Subtest: per-submit context registry keeps overlapping turns isolated and drops stale events
ok 2400 - per-submit context registry keeps overlapping turns isolated and drops stale events
  ---
  duration_ms: 0.447
  ...
# Subtest: main marks visible subagent steps before relaying them for first-paint ownership
ok 2401 - main marks visible subagent steps before relaying them for first-paint ownership
  ---
  duration_ms: 4.5652
  ...
# Subtest: main forwards only trusted normalized provider tool completions to backtest chat actions
ok 2402 - main forwards only trusted normalized provider tool completions to backtest chat actions
  ---
  duration_ms: 2.9255
  ...
# Subtest: pushed canvas side-channel result cannot claim renderer first-visible ownership
ok 2403 - pushed canvas side-channel result cannot claim renderer first-visible ownership
  ---
  duration_ms: 3.898
  ...
# Subtest: controller uses the coordinator capability unchanged and passes process identity hooks to termination
ok 2404 - controller uses the coordinator capability unchanged and passes process identity hooks to termination
  ---
  duration_ms: 1.4793
  ...
# Subtest: persistent controller routes normalized events and validates the first paint owner
ok 2405 - persistent controller routes normalized events and validates the first paint owner
  ---
  duration_ms: 3.3574
  ...
# Subtest: terminal submission/router tombstones are bounded and expire without timers
ok 2406 - terminal submission/router tombstones are bounded and expire without timers
  ---
  duration_ms: 0.9061
  ...
# Subtest: admission gate rejects turns without provider writes until explicitly unblocked
ok 2407 - admission gate rejects turns without provider writes until explicitly unblocked
  ---
  duration_ms: 0.7369
  ...
# Subtest: controller rejects a turn whose conversation differs from the published desired state
ok 2408 - controller rejects a turn whose conversation differs from the published desired state
  ---
  duration_ms: 0.4113
  ...
# Subtest: stop closes lifecycle immediately and permanently rejects in-flight and later start or rotate
ok 2409 - stop closes lifecycle immediately and permanently rejects in-flight and later start or rotate
  ---
  duration_ms: 10.9972
  ...
# Subtest: main account, cold-mutation, shutdown, and history commit boundaries are fail closed
ok 2410 - main account, cold-mutation, shutdown, and history commit boundaries are fail closed
  ---
  duration_ms: 3.4368
  ...
# Subtest: main MCP list is read-only and conversation rotation uses the shared provider tail
ok 2411 - main MCP list is read-only and conversation rotation uses the shared provider tail
  ---
  duration_ms: 5.2617
  ...
# Subtest: main never reuses a stopped terminal controller and disabled MCP publication needs no controller
ok 2412 - main never reuses a stopped terminal controller and disabled MCP publication needs no controller
  ---
  duration_ms: 4.1304
  ...
# Subtest: nearest-rank percentiles are calculated from complete correlated samples
ok 2413 - nearest-rank percentiles are calculated from complete correlated samples
  ---
  duration_ms: 2.2338
  ...
# Subtest: main and renderer clocks are never subtracted from each other
ok 2414 - main and renderer clocks are never subtracted from each other
  ---
  duration_ms: 16.4553
  ...
# Subtest: paint ACK is exact-turn, exact-submit, ordered, and first-writer only
ok 2415 - paint ACK is exact-turn, exact-submit, ordered, and first-writer only
  ---
  duration_ms: 1.4206
  ...
# Subtest: report contains no prompt, response, cwd, token, or secret labels
ok 2416 - report contains no prompt, response, cwd, token, or secret labels
  ---
  duration_ms: 0.4223
  ...
# Subtest: unknown counters and duplicate turn identities fail closed
ok 2417 - unknown counters and duplicate turn identities fail closed
  ---
  duration_ms: 0.6273
  ...
# Subtest: desired state is validated, cloned and deeply frozen without accepting generation zero
ok 2418 - desired state is validated, cloned and deeply frozen without accepting generation zero
  ---
  duration_ms: 2.9212
  ...
# Subtest: turn request requires caller correlation and never accepts caller turn or signal fields as authority
ok 2419 - turn request requires caller correlation and never accepts caller turn or signal fields as authority
  ---
  duration_ms: 1.4509
  ...
# Subtest: canonical terminal payload validates provider binding and durable checkpoint
ok 2420 - canonical terminal payload validates provider binding and durable checkpoint
  ---
  duration_ms: 1.6155
  ...
# Subtest: runtime errors expose only typed safe fields
ok 2421 - runtime errors expose only typed safe fields
  ---
  duration_ms: 0.2932
  ...
# Subtest: provider session contract requires lifecycle methods and forbids adapter-owned rotation
ok 2422 - provider session contract requires lifecycle methods and forbids adapter-owned rotation
  ---
  duration_ms: 0.5096
  ...
# Subtest: start stores desired state first, starts asynchronously, and publishes only after adapter readiness
ok 2423 - start stores desired state first, starts asynchronously, and publishes only after adapter readiness
  ---
  duration_ms: 4.5877
  ...
# Subtest: send before start fails immediately instead of creating a quiet queue or fallback
ok 2424 - send before start fails immediately instead of creating a quiet queue or fallback
  ---
  duration_ms: 1.1989
  ...
# Subtest: supervisor stamps canonical events and waits for terminal dispatch drain before resolving
ok 2425 - supervisor stamps canonical events and waits for terminal dispatch drain before resolving
  ---
  duration_ms: 10.8051
  ...
# Subtest: only one active turn runs; newest pending replacement supersedes the older pending request
ok 2426 - only one active turn runs; newest pending replacement supersedes the older pending request
  ---
  duration_ms: 5.3421
  ...
# Subtest: duplicate terminal and late events are dropped; adapter cannot inject correlation fields
ok 2427 - duplicate terminal and late events are dropped; adapter cannot inject correlation fields
  ---
  duration_ms: 2.497
  ...
# Subtest: rotation blocks dispatch, drains active turn, stops old adapter, then publishes a fresh generation
ok 2428 - rotation blocks dispatch, drains active turn, stops old adapter, then publishes a fresh generation
  ---
  duration_ms: 3.7722
  ...
# Subtest: commit failure does not advance stored binding or checkpoint authority
ok 2429 - commit failure does not advance stored binding or checkpoint authority
  ---
  duration_ms: 4.4679
  ...
# Subtest: cursor commit failure cannot leave a durable history success residue
ok 2430 - cursor commit failure cannot leave a durable history success residue
  ---
  duration_ms: 1.1462
  ...
# Subtest: history failure uses the cursor commit transaction compensation exactly once
ok 2431 - history failure uses the cursor commit transaction compensation exactly once
  ---
  duration_ms: 1.5153
  ...
# Subtest: durable commit and adapter cursor acknowledgement both precede completed delivery
ok 2432 - durable commit and adapter cursor acknowledgement both precede completed delivery
  ---
  duration_ms: 1.2935
  ...
# Subtest: completed delivery rejection cannot relabel an already durable success as retryable failure
ok 2433 - completed delivery rejection cannot relabel an already durable success as retryable failure
  ---
  duration_ms: 0.8915
  ...
# Subtest: model and security rotations receive the last committed conversation checkpoint only
ok 2434 - model and security rotations receive the last committed conversation checkpoint only
  ---
  duration_ms: 1.2512
  ...
# Subtest: a fresh conversation generation receives null resume authority and cannot inherit another conversation
ok 2435 - a fresh conversation generation receives null resume authority and cannot inherit another conversation
  ---
  duration_ms: 0.5917
  ...
# Subtest: interrupt grace timeout fences and stops the hung generation before starting the replacement
ok 2436 - interrupt grace timeout fences and stops the hung generation before starting the replacement
  ---
  duration_ms: 4.0362
  ...
# Subtest: turn timeout aborts the turn signal before interrupt and rotates the hung runtime
ok 2437 - turn timeout aborts the turn signal before interrupt and rotates the hung runtime
  ---
  duration_ms: 1.693
  ...
# Subtest: rotation owns timeout recovery and starts exactly one fresh generation after a hung interrupt
ok 2438 - rotation owns timeout recovery and starts exactly one fresh generation after a hung interrupt
  ---
  duration_ms: 2.1432
  ...
# Subtest: retry uses latest desired state, opens a bounded circuit, and never falls back to another provider
ok 2439 - retry uses latest desired state, opens a bounded circuit, and never falls back to another provider
  ---
  duration_ms: 13.4312
  ...
# Subtest: stop cancels backoff and rejects queued work without leaving timers or runtime context in snapshot
ok 2440 - stop cancels backoff and rejects queued work without leaving timers or runtime context in snapshot
  ---
  duration_ms: 3.4692
  ...
# Subtest: stop waits for an in-flight start and its adapter cleanup
ok 2441 - stop waits for an in-flight start and its adapter cleanup
  ---
  duration_ms: 1.1126
  ...
# Subtest: generation and turn contexts are non-serializable authority objects
ok 2442 - generation and turn contexts are non-serializable authority objects
  ---
  duration_ms: 0.677
  ...
# Subtest: 1,000 sequential same-conversation turns stay FIFO on one warmed adapter
ok 2443 - 1,000 sequential same-conversation turns stay FIFO on one warmed adapter
  ---
  duration_ms: 54.9669
  ...
# Subtest: main telemetry produces v2-valid completed, interrupted, failed, rotation, and shutdown evidence
ok 2444 - main telemetry produces v2-valid completed, interrupted, failed, rotation, and shutdown evidence
  ---
  duration_ms: 10.1959
  ...
# Subtest: telemetry rejects wrong nonce, correlation, duplicate, shallow fence, and missing completion
ok 2445 - telemetry rejects wrong nonce, correlation, duplicate, shallow fence, and missing completion
  ---
  duration_ms: 18.518
  ...
# Subtest: unrelated queued rotation cannot consume exact verifier rotation evidence
ok 2446 - unrelated queued rotation cannot consume exact verifier rotation evidence
  ---
  duration_ms: 2.1119
  ...
# Subtest: telemetry is explicit-scenario-only and bounded
ok 2447 - telemetry is explicit-scenario-only and bounded
  ---
  duration_ms: 0.7674
  ...
# Subtest: normalizeQuery: 공백·대소문자·말미 문장부호만 다듬는다
ok 2448 - normalizeQuery: 공백·대소문자·말미 문장부호만 다듬는다
  ---
  duration_ms: 1.8686
  ...
# Subtest: QueryCache: 같은 질문(정규화 동치)이 판정을 재사용한다
ok 2449 - QueryCache: 같은 질문(정규화 동치)이 판정을 재사용한다
  ---
  duration_ms: 2.7131
  ...
# Subtest: QueryCache: TTL 만료 시 무효 — 낡은 판정을 재사용하지 않는다
ok 2450 - QueryCache: TTL 만료 시 무효 — 낡은 판정을 재사용하지 않는다
  ---
  duration_ms: 0.3267
  ...
# Subtest: QueryCache: 상한 초과 시 가장 오래된 항목부터 축출(FIFO)
ok 2451 - QueryCache: 상한 초과 시 가장 오래된 항목부터 축출(FIFO)
  ---
  duration_ms: 0.3873
  ...
# Subtest: QueryCache: invalidate — 실패한 판정은 반복 리플레이되지 않는다
ok 2452 - QueryCache: invalidate — 실패한 판정은 반복 리플레이되지 않는다
  ---
  duration_ms: 0.2355
  ...
# Subtest: buildReplayJudgment: canonical 조회 assertion만 보존하고 candidate_refs는 버린다
ok 2453 - buildReplayJudgment: canonical 조회 assertion만 보존하고 candidate_refs는 버린다
  ---
  duration_ms: 0.5879
  ...
# Subtest: buildReplayJudgment: optional camelCase wire aliases도 방어적으로 받는다
ok 2454 - buildReplayJudgment: optional camelCase wire aliases도 방어적으로 받는다
  ---
  duration_ms: 0.2532
  ...
# Subtest: buildReplayJudgment: assertion 없는 후보·주문·WS·OAuth·비조회 intent는 캐시하지 않는다
ok 2455 - buildReplayJudgment: assertion 없는 후보·주문·WS·OAuth·비조회 intent는 캐시하지 않는다
  ---
  duration_ms: 0.2043
  ...
# Subtest: buildReplayJudgment: read-only kt 조회는 접두어가 아니라 manifest 카드로 허용한다
ok 2456 - buildReplayJudgment: read-only kt 조회는 접두어가 아니라 manifest 카드로 허용한다
  ---
  duration_ms: 0.4217
  ...
# Subtest: buildReplayJudgment: 여러 실제 카드가 섞인 턴은 캡처 대응이 불명확해 캐시하지 않는다
ok 2457 - buildReplayJudgment: 여러 실제 카드가 섞인 턴은 캡처 대응이 불명확해 캐시하지 않는다
  ---
  duration_ms: 0.502
  ...
# Subtest: ReplayTurnCapture: 단일 successful resolve와 matching render만 캐시한다
ok 2458 - ReplayTurnCapture: 단일 successful resolve와 matching render만 캐시한다
  ---
  duration_ms: 0.7808
  ...
# Subtest: cache snapshot recursively excludes payload, plan token, account and order data
ok 2459 - cache snapshot recursively excludes payload, plan token, account and order data
  ---
  duration_ms: 1.0791
  ...
# Subtest: ReplayTurnCapture: successful resolve가 두 건이면 render가 하나여도 캐시하지 않는다
ok 2460 - ReplayTurnCapture: successful resolve가 두 건이면 render가 하나여도 캐시하지 않는다
  ---
  duration_ms: 0.4399
  ...
# Subtest: ReplayTurnCapture: resolve output과 render input의 plan_token이 다르면 캐시하지 않는다
ok 2461 - ReplayTurnCapture: resolve output과 render input의 plan_token이 다르면 캐시하지 않는다
  ---
  duration_ms: 0.1945
  ...
# Subtest: exact direct lane uses only resolve and inline render-plan, then emits paint ack
ok 2462 - exact direct lane uses only resolve and inline render-plan, then emits paint ack
  ---
  duration_ms: 7.0224
  ...
# Subtest: visible AITS renderer error is feedback, never a successful data canvas
ok 2463 - visible AITS renderer error is feedback, never a successful data canvas
  ---
  duration_ms: 1.9614
  ...
# Subtest: 마운트 결과를 못 받은 차트는 timeout으로 집계되고 데이터 카드가 아니다
ok 2464 - 마운트 결과를 못 받은 차트는 timeout으로 집계되고 데이터 카드가 아니다
  ---
  duration_ms: 0.6197
  ...
# Subtest: render-plan deadline uses the remaining three-second budget with paint reserve
ok 2465 - render-plan deadline uses the remaining three-second budget with paint reserve
  ---
  duration_ms: 0.5413
  ...
# Subtest: render-plan deadline never drops below the backend minimum
ok 2466 - render-plan deadline never drops below the backend minimum
  ---
  duration_ms: 0.5783
  ...
# Subtest: primary admission control paints normal data but turns slower work into an authoritative timeout before 3s
ok 2467 - primary admission control paints normal data but turns slower work into an authoritative timeout before 3s
  ---
  duration_ms: 37.3749
  ...
# Subtest: HTTP failures preserve backend status, code and detail for diagnostics
ok 2468 - HTTP failures preserve backend status, code and detail for diagnostics
  ---
  duration_ms: 1.5564
  ...
# Subtest: generic dataset questions with one through six screens mint every item by exact operation identity
ok 2469 - generic dataset questions with one through six screens mint every item by exact operation identity
  ---
  duration_ms: 3.8899
  ...
# Subtest: primary paints before secondary pool starts and remaining concurrency never exceeds 3
ok 2470 - primary paints before secondary pool starts and remaining concurrency never exceeds 3
  ---
  duration_ms: 71.7299
  ...
# Subtest: secondary cards receive independent bounded paint deadlines after first feedback
ok 2471 - secondary cards receive independent bounded paint deadlines after first feedback
  ---
  duration_ms: 2.7152
  ...
# Subtest: slow primary does not consume secondary render-plan budgets or data results
ok 2472 - slow primary does not consume secondary render-plan budgets or data results
  ---
  duration_ms: 3.4159
  ...
# Subtest: single-flight reuses one physical Kiwoom call while preserving distinct card correlation
ok 2473 - single-flight reuses one physical Kiwoom call while preserving distinct card correlation
  ---
  duration_ms: 0.5893
  ...
# Subtest: partial failure is truthful and never uses the success receipt
ok 2474 - partial failure is truthful and never uses the success receipt
  ---
  duration_ms: 0.7824
  ...
# Subtest: first-canvas deadline exposes an explicit retryable timeout and retry advances dataset generation
ok 2475 - first-canvas deadline exposes an explicit retryable timeout and retry advances dataset generation
  ---
  duration_ms: 21.2643
  ...
# Subtest: 직접 조회가 선택한 bounded deadline 안에서는 3초가 지난 첫 카드도 성공한다
ok 2476 - 직접 조회가 선택한 bounded deadline 안에서는 3초가 지난 첫 카드도 성공한다
  ---
  duration_ms: 0.5767
  ...
# Subtest: fetch failure before the first card is an explicit retryable local error
ok 2477 - fetch failure before the first card is an explicit retryable local error
  ---
  duration_ms: 0.4395
  ...
# Subtest: retry authority is granted only after every query operation receives a signed plan
ok 2478 - retry authority is granted only after every query operation receives a signed plan
  ---
  duration_ms: 13.2363
  ...
# Subtest: user cancellation falls back to cancelled only when no authoritative response arrives
ok 2479 - user cancellation falls back to cancelled only when no authoritative response arrives
  ---
  duration_ms: 0.9232
  ...
# Subtest: authoritative timeout state is painted in the same dataset slot and counts as feedback, not data
ok 2480 - authoritative timeout state is painted in the same dataset slot and counts as feedback, not data
  ---
  duration_ms: 0.7569
  ...
# Subtest: user cancellation keeps the request long enough to preserve authoritative screen identity, then paints cancelled state
ok 2481 - user cancellation keeps the request long enough to preserve authoritative screen identity, then paints cancelled state
  ---
  duration_ms: 9.7202
  ...
# Subtest: hard abort cancels the in-flight fetch, emits no late card, and the next dataset stays clean
ok 2482 - hard abort cancels the in-flight fetch, emits no late card, and the next dataset stays clean
  ---
  duration_ms: 33.4466
  ...
# Subtest: validation rejects over-six, caller presentation, order, OAuth, split-original and unknown refs
ok 2483 - validation rejects over-six, caller presentation, order, OAuth, split-original and unknown refs
  ---
  duration_ms: 1.0909
  ...
# Subtest: six fail-closed dataset shapes return immediate truthful receipts without transport calls
ok 2484 - six fail-closed dataset shapes return immediate truthful receipts without transport calls
  ---
  duration_ms: 0.5866
  ...
# Subtest: fixture-shaped input is accepted without mutating the fixture contract
ok 2485 - fixture-shaped input is accepted without mutating the fixture contract
  ---
  duration_ms: 0.2313
  ...
# Subtest: stock entity index consumes the shared Python/JS conformance vector at a stable adapter version
ok 2486 - stock entity index consumes the shared Python/JS conformance vector at a stable adapter version
  ---
  duration_ms: 3.2563
  ...
# Subtest: resolveQuery 메모는 같은 질의를 재사용하고 replace()로만 무효화된다
ok 2487 - resolveQuery 메모는 같은 질의를 재사용하고 replace()로만 무효화된다
  ---
  duration_ms: 1.1553
  ...
# Subtest: 카드 v3의 6개 빌더가 같은 질의를 공유해도 resolveQuery 실계산은 한 번만 돈다
ok 2488 - 카드 v3의 6개 빌더가 같은 질의를 공유해도 resolveQuery 실계산은 한 번만 돈다
  ---
  duration_ms: 4.6898
  ...
# Subtest: quote binder keeps entity resolution separate from quote intent routing
ok 2489 - quote binder keeps entity resolution separate from quote intent routing
  ---
  duration_ms: 5.7104
  ...
# Subtest: quote binder uses a closed standalone grammar and rejects every residual semantic token
ok 2490 - quote binder uses a closed standalone grammar and rejects every residual semantic token
  ---
  duration_ms: 13.247
  ...
# Subtest: chart binder uses a closed standalone grammar and rejects every residual semantic token
ok 2491 - chart binder uses a closed standalone grammar and rejects every residual semantic token
  ---
  duration_ms: 31.0711
  ...
# Subtest: order book binder uses a closed standalone grammar and rejects every residual semantic token
ok 2492 - order book binder uses a closed standalone grammar and rejects every residual semantic token
  ---
  duration_ms: 2.9906
  ...
# Subtest: 복합 문장은 단일 화면 문법과 단순 차트 fast path 어디에도 안 걸린다
ok 2493 - 복합 문장은 단일 화면 문법과 단순 차트 fast path 어디에도 안 걸린다
  ---
  duration_ms: 7.7621
  ...
# Subtest: compound binder accepts 시세랑 호가 and rejects comparison or single-screen queries
ok 2494 - compound binder accepts 시세랑 호가 and rejects comparison or single-screen queries
  ---
  duration_ms: 0.9193
  ...
# Subtest: investor flow binder uses a closed standalone grammar and rejects every residual semantic token
ok 2495 - investor flow binder uses a closed standalone grammar and rejects every residual semantic token
  ---
  duration_ms: 3.42
  ...
# Subtest: trading source binder uses a closed standalone grammar and rejects every residual semantic token
ok 2496 - trading source binder uses a closed standalone grammar and rejects every residual semantic token
  ---
  duration_ms: 2.0423
  ...
# Subtest: stock info binder uses a closed standalone grammar and rejects every residual semantic token
ok 2497 - stock info binder uses a closed standalone grammar and rejects every residual semantic token
  ---
  duration_ms: 1.7747
  ...
# Subtest: program trade binder uses a closed market-wide grammar with no entity resolution
ok 2498 - program trade binder uses a closed market-wide grammar with no entity resolution
  ---
  duration_ms: 4.4054
  ...
# Subtest: resolved entity code remains exact through quote dataset and resolve control plane
ok 2499 - resolved entity code remains exact through quote dataset and resolve control plane
  ---
  duration_ms: 0.89
  ...
# Subtest: unsafe or non-quote resolver vectors mint neither a quote dataset nor a plan
ok 2500 - unsafe or non-quote resolver vectors mint neither a quote dataset nor a plan
  ---
  duration_ms: 0.4927
  ...
# Subtest: ETF, unknown code, intent uncertainty, and unknown market never bind the stock quote operation
ok 2501 - ETF, unknown code, intent uncertainty, and unknown market never bind the stock quote operation
  ---
  duration_ms: 2.5036
  ...
# Subtest: stock-master refresh publishes one atomic returned-market snapshot and deduplicates aggregate overlap
ok 2502 - stock-master refresh publishes one atomic returned-market snapshot and deduplicates aggregate overlap
  ---
  duration_ms: 3.4005
  ...
# Subtest: stock-master refresh excludes conflicting identity metadata instead of choosing a response order
ok 2503 - stock-master refresh excludes conflicting identity metadata instead of choosing a response order
  ---
  duration_ms: 0.8328
  ...
# Subtest: stock-master fetch or response validation failure preserves the prior snapshot
ok 2504 - stock-master fetch or response validation failure preserves the prior snapshot
  ---
  duration_ms: 1.0201
  ...
# Subtest: stock-master refresh forwards cancellation to fetch and aborts an inter-market wait
ok 2505 - stock-master refresh forwards cancellation to fetch and aborts an inter-market wait
  ---
  duration_ms: 0.6518
  ...
# Subtest: recommendations accept only predeclared safe query actions, dedupe, and cap at three
ok 2506 - recommendations accept only predeclared safe query actions, dedupe, and cap at three
  ---
  duration_ms: 0.3936
  ...
# Subtest: 껍질 paint를 알린 차트는 마운트가 마감을 넘겨 끝나도 답변이 뒤집히지 않는다
ok 2507 - 껍질 paint를 알린 차트는 마운트가 마감을 넘겨 끝나도 답변이 뒤집히지 않는다
  ---
  duration_ms: 618.0201
  ...
# Subtest: opaque retry is bound to sender, conversation, account and is consumed once
ok 2508 - opaque retry is bound to sender, conversation, account and is consumed once
  ---
  duration_ms: 4.2516
  ...
# Subtest: expired and stale-view retries fail closed
ok 2509 - expired and stale-view retries fail closed
  ---
  duration_ms: 0.5354
  ...
# Subtest: issuance and consumption revalidate query-only authority and lineage
ok 2510 - issuance and consumption revalidate query-only authority and lineage
  ---
  duration_ms: 1.117
  ...
# Subtest: invalid or oversized retry IDs are rejected before registry lookup
ok 2511 - invalid or oversized retry IDs are rejected before registry lookup
  ---
  duration_ms: 0.312
  ...
# Subtest: capacity is bounded, expired entries are purged, and oldest live entry is evicted deterministically
ok 2512 - capacity is bounded, expired entries are purged, and oldest live entry is evicted deterministically
  ---
  duration_ms: 1.1262
  ...
# Subtest: renderer receives only opaque retry capability and invokes the existing safe IPC
ok 2513 - renderer receives only opaque retry capability and invokes the existing safe IPC
  ---
  duration_ms: 1.7484
  ...
# Subtest: retry UI is restricted to error states and reports pending, success and failure honestly
ok 2514 - retry UI is restricted to error states and reports pending, success and failure honestly
  ---
  duration_ms: 1.0003
  ...
# Subtest: fake DOM: opaque card correlation selects only the exact same-state card
ok 2515 - fake DOM: opaque card correlation selects only the exact same-state card
  ---
  duration_ms: 2.4787
  ...
# Subtest: fake DOM: failed or throwing one-shot clicks stay consumed until a new token arrives
ok 2516 - fake DOM: failed or throwing one-shot clicks stay consumed until a new token arrives
  ---
  duration_ms: 2.7506
  ...
# Subtest: main consumes retry only from the shell and returns no private dataset
ok 2517 - main consumes retry only from the shell and returns no private dataset
  ---
  duration_ms: 0.624
  ...
# Subtest: 토큰 설정 시 첫 메시지로 auth envelope를 보낸다
ok 2518 - 토큰 설정 시 첫 메시지로 auth envelope를 보낸다
  ---
  duration_ms: 3.3584
  ...
# Subtest: 토큰 미설정이면 아무것도 보내지 않는다(루프백 모드)
ok 2519 - 토큰 미설정이면 아무것도 보내지 않는다(루프백 모드)
  ---
  duration_ms: 0.4038
  ...
# Subtest: 이벤트 JSON을 파싱해 전달하고, 깨진 프레임은 버린다
ok 2520 - 이벤트 JSON을 파싱해 전달하고, 깨진 프레임은 버린다
  ---
  duration_ms: 0.4682
  ...
# Subtest: 재연결 백오프 — 1s→2s→4s, 상한 준수, open 시 리셋
ok 2521 - 재연결 백오프 — 1s→2s→4s, 상한 준수, open 시 리셋
  ---
  duration_ms: 0.8702
  ...
# Subtest: stop 이후에는 재연결하지 않는다
ok 2522 - stop 이후에는 재연결하지 않는다
  ---
  duration_ms: 0.2344
  ...
# Subtest: 생성자 연결 예외도 disconnected/retrying 상태로 관측되고 재시도한다
ok 2523 - 생성자 연결 예외도 disconnected/retrying 상태로 관측되고 재시도한다
  ---
  duration_ms: 1.9829
  ...
# Subtest: raw open은 connected가 아니며 matching feed-ready 뒤에만 연결 완료된다
ok 2524 - raw open은 connected가 아니며 matching feed-ready 뒤에만 연결 완료된다
  ---
  duration_ms: 0.5928
  ...
# Subtest: feed-ready handshake timeout은 소켓을 닫고 bounded reconnect를 예약한다
ok 2525 - feed-ready handshake timeout은 소켓을 닫고 bounded reconnect를 예약한다
  ---
  duration_ms: 0.4732
  ...
# Subtest: 각 socket callback은 생성 당시 connection epoch를 보존한다
ok 2526 - 각 socket callback은 생성 당시 connection epoch를 보존한다
  ---
  duration_ms: 0.7497
  ...
# Subtest: two classifiers start in parallel; first valid wins without recycling the warm loser worker
ok 2527 - two classifiers start in parallel; first valid wins without recycling the warm loser worker
  ---
  duration_ms: 11.9881
  ...
# Subtest: malformed JSON and candidate mismatch fall through without backend dispatch
ok 2528 - malformed JSON and candidate mismatch fall through without backend dispatch
  ---
  duration_ms: 0.5739
  ...
# Subtest: proposal contract rejects missing required args, extra args, and plan tokens
ok 2529 - proposal contract rejects missing required args, extra args, and plan tokens
  ---
  duration_ms: 0.5217
  ...
# Subtest: backend compact alias/json_schema argument contract is validated
ok 2530 - backend compact alias/json_schema argument contract is validated
  ---
  duration_ms: 0.514
  ...
# Subtest: global limiter admits at most two parallel hedges (four classifiers)
ok 2531 - global limiter admits at most two parallel hedges (four classifiers)
  ---
  duration_ms: 3.3633
  ...
# Subtest: parent cancellation aborts both classifiers and prevents dispatch
ok 2532 - parent cancellation aborts both classifiers and prevents dispatch
  ---
  duration_ms: 1.6263
  ...
# Subtest: abort racing with queued slot admission releases the pair before classifiers start
ok 2533 - abort racing with queued slot admission releases the pair before classifiers start
  ---
  duration_ms: 1.2829
  ...
# Subtest: prompt exposes only bounded candidates and demands strict side-effect-free JSON
ok 2534 - prompt exposes only bounded candidates and demands strict side-effect-free JSON
  ---
  duration_ms: 0.6889
  ...
# Subtest: query success performs one HTTP request, paints, persists, and reports zero model calls
ok 2535 - query success performs one HTTP request, paints, persists, and reports zero model calls
  ---
  duration_ms: 2.9461
  ...
# Subtest: expected miss falls through without paint or history side effects
ok 2536 - expected miss falls through without paint or history side effects
  ---
  duration_ms: 0.6464
  ...
# Subtest: needs_inference returns a bounded token-free preflight for the cold hedge
ok 2537 - needs_inference returns a bounded token-free preflight for the cold hedge
  ---
  duration_ms: 0.4883
  ...
# Subtest: plan_token key is rejected even when its value is null
ok 2538 - plan_token key is rejected even when its value is null
  ---
  duration_ms: 1.0992
  ...
# Subtest: cold retry sends an exact preferred operation and rejects a different result
ok 2539 - cold retry sends an exact preferred operation and rejects a different result
  ---
  duration_ms: 0.7028
  ...
# Subtest: inline error state is painted once and never retried through the model path
ok 2540 - inline error state is painted once and never retried through the model path
  ---
  duration_ms: 0.5955
  ...
# Subtest: aborted or superseded late response is ignored before paint
ok 2541 - aborted or superseded late response is ignored before paint
  ---
  duration_ms: 0.5399
  ...
# Subtest: malformed successful response is rejected before paint
ok 2542 - malformed successful response is rejected before paint
  ---
  duration_ms: 0.4375
  ...
# Subtest: closed market-order grammar dispatches guarded draft without execution
ok 2543 - closed market-order grammar dispatches guarded draft without execution
  ---
  duration_ms: 3.1986
  ...
# Subtest: explicit websocket acknowledgement paints the mapped family event card once
ok 2544 - explicit websocket acknowledgement paints the mapped family event card once
  ---
  duration_ms: 1.198
  ...
# (node:19764) ExperimentalWarning: SQLite is an experimental feature and might change at any time
# (Use `node --trace-warnings ...` to show where the warning was created)
# Subtest: 사용자 메시지는 디바운스 없이 즉시 DB에 앉는다
ok 2545 - 사용자 메시지는 디바운스 없이 즉시 DB에 앉는다
  ---
  duration_ms: 41.332
  ...
# Subtest: 스토어가 던지면 recordUserMessage도 던진다 — 턴을 시작하지 않는다
ok 2546 - 스토어가 던지면 recordUserMessage도 던진다 — 턴을 시작하지 않는다
  ---
  duration_ms: 0.738
  ...
# Subtest: 델타 세 번은 디스크를 안 건드리고 5초 저널에 누적 전체가 써진다
ok 2547 - 델타 세 번은 디스크를 안 건드리고 5초 저널에 누적 전체가 써진다
  ---
  duration_ms: 41.7504
  ...
# Subtest: 2KB를 넘으면 타이머를 기다리지 않고 저널한다
ok 2548 - 2KB를 넘으면 타이머를 기다리지 않고 저널한다
  ---
  duration_ms: 35.0626
  ...
# Subtest: 턴이 끝나면 최종본·usage·done:true가 한 번에 앉고 늦은 델타는 무시된다
ok 2549 - 턴이 끝나면 최종본·usage·done:true가 한 번에 앉고 늦은 델타는 무시된다
  ---
  duration_ms: 43.758
  ...
# Subtest: 중단해도 부분 응답이 남고 error에 이유가 적힌다
ok 2550 - 중단해도 부분 응답이 남고 error에 이유가 적힌다
  ---
  duration_ms: 42.0134
  ...
# Subtest: 툴 단계는 즉시 쌓이고 턴 종료까지 살아남는다
ok 2551 - 툴 단계는 즉시 쌓이고 턴 종료까지 살아남는다
  ---
  duration_ms: 45.9789
  ...
# Subtest: 워크스페이스 연속 10회는 300ms 뒤 한 번만 쓰이고, 같은 값은 아예 안 쓴다
ok 2552 - 워크스페이스 연속 10회는 300ms 뒤 한 번만 쓰이고, 같은 값은 아예 안 쓴다
  ---
  duration_ms: 31.1357
  ...
# Subtest: 계속 호출해도 maxWait 안에는 반드시 한 번 쓰인다
ok 2553 - 계속 호출해도 maxWait 안에는 반드시 한 번 쓰인다
  ---
  duration_ms: 32.7179
  ...
# Subtest: 카드는 200ms 디바운스로 모였다가 한 번에 앉는다
ok 2554 - 카드는 200ms 디바운스로 모였다가 한 번에 앉는다
  ---
  duration_ms: 34.4494
  ...
# Subtest: 뷰포트 저장은 revision을 올리지 않는다
ok 2555 - 뷰포트 저장은 revision을 올리지 않는다
  ---
  duration_ms: 40.7162
  ...
# Subtest: flush(sessionId)는 그 세션 대기분만, flushSync는 전부 즉시 쓴다
ok 2556 - flush(sessionId)는 그 세션 대기분만, flushSync는 전부 즉시 쓴다
  ---
  duration_ms: 47.7939
  ...
# Subtest: flushSync는 스토어가 던져도 던지지 않고 로그만 남긴다
ok 2557 - flushSync는 스토어가 던져도 던지지 않고 로그만 남긴다
  ---
  duration_ms: 1.7996
  ...
# Subtest: 두 세션이 섞여도 서로의 버퍼와 디바운스를 침범하지 않는다
ok 2558 - 두 세션이 섞여도 서로의 버퍼와 디바운스를 침범하지 않는다
  ---
  duration_ms: 51.0669
  ...
# Subtest: pendingCount는 대기 중인 쓰기를 정확히 센다
ok 2559 - pendingCount는 대기 중인 쓰기를 정확히 센다
  ---
  duration_ms: 42.2405
  ...
# Subtest: 실행 레코드는 즉시 적히고 대표 상태가 바뀔 때만 알린다
ok 2560 - 실행 레코드는 즉시 적히고 대표 상태가 바뀔 때만 알린다
  ---
  duration_ms: 50.5904
  ...
# Subtest: 답변 턴은 실행이다 — 시작하면 running, 끝나면 done, 오류면 failed
ok 2561 - 답변 턴은 실행이다 — 시작하면 running, 끝나면 done, 오류면 failed
  ---
  duration_ms: 43.2169
  ...
# (node:14876) ExperimentalWarning: SQLite is an experimental feature and might change at any time
# (Use `node --trace-warnings ...` to show where the warning was created)
# Subtest: dbPath 없이 만들면 TypeError로 즉시 막는다
ok 2562 - dbPath 없이 만들면 TypeError로 즉시 막는다
  ---
  duration_ms: 4.3581
  ...
# Subtest: 세션을 만들고 다시 열면 모드·프로젝트·워크스페이스 종류가 그대로다
ok 2563 - 세션을 만들고 다시 열면 모드·프로젝트·워크스페이스 종류가 그대로다
  ---
  duration_ms: 42.9094
  ...
# Subtest: 같은 id로 두 번 만들어도 세션은 하나다
ok 2564 - 같은 id로 두 번 만들어도 세션은 하나다
  ---
  duration_ms: 32.3704
  ...
# Subtest: 메시지를 이어 붙이면 seq 순서와 currentId가 따라온다
ok 2565 - 메시지를 이어 붙이면 seq 순서와 currentId가 따라온다
  ---
  duration_ms: 39.1818
  ...
# Subtest: 첫 user 메시지가 제목을 만들고, 사용자가 정한 제목은 자동이 못 덮는다
ok 2566 - 첫 user 메시지가 제목을 만들고, 사용자가 정한 제목은 자동이 못 덮는다
  ---
  duration_ms: 42.2207
  ...
# Subtest: 스트리밍 저널은 같은 행을 부분 갱신한다
ok 2567 - 스트리밍 저널은 같은 행을 부분 갱신한다
  ---
  duration_ms: 39.1376
  ...
# Subtest: 카드 스택은 배열 순서로 seq를 다시 받고 지우면 사라진다
ok 2568 - 카드 스택은 배열 순서로 seq를 다시 받고 지우면 사라진다
  ---
  duration_ms: 45.6907
  ...
# Subtest: 워크스페이스는 revision을 올리고 뷰포트는 올리지 않는다
ok 2569 - 워크스페이스는 revision을 올리고 뷰포트는 올리지 않는다
  ---
  duration_ms: 37.1664
  ...
# Subtest: 목록은 모드·프로젝트로 거르고 보관함은 기본에서 빠진다
ok 2570 - 목록은 모드·프로젝트로 거르고 보관함은 기본에서 빠진다
  ---
  duration_ms: 37.7118
  ...
# Subtest: heartbeat가 끊긴 running job은 interrupted로 정리된다
ok 2571 - heartbeat가 끊긴 running job은 interrupted로 정리된다
  ---
  duration_ms: 39.2702
  ...
# Subtest: 본문 검색은 메시지 텍스트로 세션을 찾아준다
ok 2572 - 본문 검색은 메시지 텍스트로 세션을 찾아준다
  ---
  duration_ms: 37.1182
  ...
# Subtest: 세션 삭제는 네 테이블에서 모두 지운다
ok 2573 - 세션 삭제는 네 테이블에서 모두 지운다
  ---
  duration_ms: 46.4881
  ...
# Subtest: 손상된 workspace_json이 있어도 세션은 열린다
ok 2574 - 손상된 workspace_json이 있어도 세션은 열린다
  ---
  duration_ms: 38.4275
  ...
# Subtest: putCards는 넘어온 배열을 스택의 전부로 본다 — 빠진 카드는 지운다
ok 2575 - putCards는 넘어온 배열을 스택의 전부로 본다 — 빠진 카드는 지운다
  ---
  duration_ms: 36.9595
  ...
# Subtest: runStates는 세션마다 점 하나 — 실행 중 > 대기 > 실패 > 완료, job 없는 세션은 키가 없다
ok 2576 - runStates는 세션마다 점 하나 — 실행 중 > 대기 > 실패 > 완료, job 없는 세션은 키가 없다
  ---
  duration_ms: 51.3584
  ...
# Subtest: 사용자 메시지는 질의가 모델로 가기 전에 세션에 적히고, 실패하면 턴을 시작하지 않는다
ok 2577 - 사용자 메시지는 질의가 모델로 가기 전에 세션에 적히고, 실패하면 턴을 시작하지 않는다
  ---
  duration_ms: 1.4531
  ...
# Subtest: 답변은 자리표시자로 먼저 적히고, 델타는 저널되며, 툴 단계는 이벤트로 저장된다
ok 2578 - 답변은 자리표시자로 먼저 적히고, 델타는 저널되며, 툴 단계는 이벤트로 저장된다
  ---
  duration_ms: 0.6059
  ...
# Subtest: 턴이 끝나면 최종 텍스트·usage·오류를 한 번에 적는다
ok 2579 - 턴이 끝나면 최종 텍스트·usage·오류를 한 번에 적는다
  ---
  duration_ms: 0.3721
  ...
# Subtest: 종료 경로가 대기 중인 세션 쓰기를 동기로 마저 쓴다
ok 2580 - 종료 경로가 대기 중인 세션 쓰기를 동기로 마저 쓴다
  ---
  duration_ms: 0.3275
  ...
# Subtest: 렌더러 보고 채널과 복원 채널이 main에 있고, 세션 id는 main의 기록 대상을 쓴다
ok 2581 - 렌더러 보고 채널과 복원 채널이 main에 있고, 세션 id는 main의 기록 대상을 쓴다
  ---
  duration_ms: 1.0131
  ...
# Subtest: preload가 세션 채널을 연다
ok 2582 - preload가 세션 채널을 연다
  ---
  duration_ms: 1.847
  ...
# Subtest: preload가 플러그인 제안 채널을 연다
ok 2583 - preload가 플러그인 제안 채널을 연다
  ---
  duration_ms: 0.8997
  ...
# Subtest: 플러그인 승인은 레지스트리 decide 한 번에 판번호와 조정자를 넘긴다
ok 2584 - 플러그인 승인은 레지스트리 decide 한 번에 판번호와 조정자를 넘긴다
  ---
  duration_ms: 0.5032
  ...
# Subtest: 플러그인 거부는 아무 CLI도 부르지 않는다
ok 2585 - 플러그인 거부는 아무 CLI도 부르지 않는다
  ---
  duration_ms: 0.5739
  ...
# Subtest: 백테스트 run·backfill 응답이 실행으로 붙고 status·result 폴링이 그것을 갱신한다
ok 2586 - 백테스트 run·backfill 응답이 실행으로 붙고 status·result 폴링이 그것을 갱신한다
  ---
  duration_ms: 0.7274
  ...
# Subtest: 목록은 대표 실행 상태를 얹어 주고, 변화는 사이드바로 밀리며, 부팅 때 지난 실행을 정리한다
ok 2587 - 목록은 대표 실행 상태를 얹어 주고, 변화는 사이드바로 밀리며, 부팅 때 지난 실행을 정리한다
  ---
  duration_ms: 0.7979
  ...
# Subtest: routes a simple named-stock chart through the direct runner after bounded index readiness
ok 2588 - routes a simple named-stock chart through the direct runner after bounded index readiness
  ---
  duration_ms: 3.6119
  ...
# Subtest: returns a local readiness response instead of falling through when the index misses its deadline
ok 2589 - returns a local readiness response instead of falling through when the index misses its deadline
  ---
  duration_ms: 0.9211
  ...
# Subtest: keeps a confirmed stock or explicit stock code out of Selector and Claude when binding still fails
ok 2590 - keeps a confirmed stock or explicit stock code out of Selector and Claude when binding still fails
  ---
  duration_ms: 0.9284
  ...
# Subtest: does not intercept ETF or general chart requests that the stock binder rejects
ok 2591 - does not intercept ETF or general chart requests that the stock binder rejects
  ---
  duration_ms: 0.6911
  ...
# Subtest: does not claim ETF or general chart requests while the stock index is unavailable
ok 2592 - does not claim ETF or general chart requests while the stock index is unavailable
  ---
  duration_ms: 0.4721
  ...
# Subtest: abstains without waiting for non-simple or analysis-heavy chart questions
ok 2593 - abstains without waiting for non-simple or analysis-heavy chart questions
  ---
  duration_ms: 0.3268
  ...
# Subtest: recognizes the narrow daily-chart display grammar
ok 2594 - recognizes the narrow daily-chart display grammar
  ---
  duration_ms: 0.3642
  ...
# Subtest: leaves a compound screen query to the compound binder even when 차트 comes second
ok 2595 - leaves a compound screen query to the compound binder even when 차트 comes second
  ---
  duration_ms: 0.4765
  ...
# Subtest: snapshot preserves task order and increments revision on transitions
ok 2596 - snapshot preserves task order and increments revision on transitions
  ---
  duration_ms: 4.1798
  ...
# Subtest: running gate keeps phase running until its promise succeeds
ok 2597 - running gate keeps phase running until its promise succeeds
  ---
  duration_ms: 0.4887
  ...
# Subtest: an early failure stays running until every later gate is attempted, then becomes degraded
ok 2598 - an early failure stays running until every later gate is attempted, then becomes degraded
  ---
  duration_ms: 0.6228
  ...
# Subtest: stale attempt result cannot overwrite a newer internal attempt
ok 2599 - stale attempt result cannot overwrite a newer internal attempt
  ---
  duration_ms: 0.554
  ...
# Subtest: disabled fixture-style gates satisfy readiness and ready emits exactly once
ok 2600 - disabled fixture-style gates satisfy readiness and ready emits exactly once
  ---
  duration_ms: 0.6242
  ...
# Subtest: degraded terminal emits the terminal callback exactly once
ok 2601 - degraded terminal emits the terminal callback exactly once
  ---
  duration_ms: 0.4609
  ...
# Subtest: startup failure notification records only sinks that confirmed display and retries failed sinks
ok 2602 - startup failure notification records only sinks that confirmed display and retries failed sinks
  ---
  duration_ms: 1.1852
  ...
# Subtest: startup failure notification treats throws and rejected async displays as retryable
ok 2603 - startup failure notification treats throws and rejected async displays as retryable
  ---
  duration_ms: 0.7744
  ...
# Subtest: OS startup notification completes only on shown and remains retryable on failed or unsupported
ok 2604 - OS startup notification completes only on shown and remains retryable on failed or unsupported
  ---
  duration_ms: 0.991
  ...
# Subtest: verify entrypoint is exported, fixture-only, and guarded against duplicate starts
ok 2605 - verify entrypoint is exported, fixture-only, and guarded against duplicate starts
  ---
  duration_ms: 3.5291
  ...
# Subtest: LIFE-003 main source keeps one shell-to-orb visibility policy from boot through background entry
ok 2606 - LIFE-003 main source keeps one shell-to-orb visibility policy from boot through background entry
  ---
  duration_ms: 4.8514
  ...
# Subtest: BOOT-003 production surfaces have no retry UI or retry IPC and retain the real task label
ok 2607 - BOOT-003 production surfaces have no retry UI or retry IPC and retain the real task label
  ---
  duration_ms: 6.0358
  ...
# Subtest: live orchestration attempts every dependent gate after backend failure and ignores continuous completion
ok 2608 - live orchestration attempts every dependent gate after backend failure and ignores continuous completion
  ---
  duration_ms: 1.3075
  ...
# Subtest: graph boot gates run in strict sequence while feed gates connect in parallel
ok 2609 - graph boot gates run in strict sequence while feed gates connect in parallel
  ---
  duration_ms: 0.5421
  ...
# Subtest: bounded initial readiness fails after its task-specific attempt budget
ok 2610 - bounded initial readiness fails after its task-specific attempt budget
  ---
  duration_ms: 0.777
  ...
# Subtest: dependency task chains never start provider warmup before secret migration completes
ok 2611 - dependency task chains never start provider warmup before secret migration completes
  ---
  duration_ms: 0.8381
  ...
# Subtest: brain startup classification distinguishes deliberate disable from unavailable/degraded failure
ok 2612 - brain startup classification distinguishes deliberate disable from unavailable/degraded failure
  ---
  duration_ms: 0.6673
  ...
# Subtest: 부팅 중 routine-fired와 놓친 일정은 셸 준비 전까지 유실하지 않는다
ok 2613 - 부팅 중 routine-fired와 놓친 일정은 셸 준비 전까지 유실하지 않는다
  ---
  duration_ms: 4.1635
  ...
# Subtest: 피드 재연결로 같은 이벤트가 다시 와도 부팅 버퍼는 한 번만 전달한다
ok 2614 - 피드 재연결로 같은 이벤트가 다시 와도 부팅 버퍼는 한 번만 전달한다
  ---
  duration_ms: 0.3779
  ...
# Subtest: 전달 중 예외가 나면 아직 전달하지 못한 항목은 다음 flush에 남는다
ok 2615 - 전달 중 예외가 나면 아직 전달하지 못한 항목은 다음 flush에 남는다
  ---
  duration_ms: 0.7412
  ...
# Subtest: background refresh retries late backend failures until the index is ready
ok 2616 - background refresh retries late backend failures until the index is ready
  ---
  duration_ms: 7.0182
  ...
# Subtest: concurrent ensureReady calls share one refresh
ok 2617 - concurrent ensureReady calls share one refresh
  ---
  duration_ms: 2.3882
  ...
# Subtest: ensureReady keeps waiting when an early refresh fails and a retry succeeds before the deadline
ok 2618 - ensureReady keeps waiting when an early refresh fails and a retry succeeds before the deadline
  ---
  duration_ms: 17.6088
  ...
# Subtest: ensureReady returns false at its deadline without cancelling the refresh
ok 2619 - ensureReady returns false at its deadline without cancelling the refresh
  ---
  duration_ms: 15.1423
  ...
# Subtest: stop clears a scheduled retry and prevents another refresh
ok 2620 - stop clears a scheduled retry and prevents another refresh
  ---
  duration_ms: 2.051
  ...
# Subtest: stop aborts an in-flight refresh and resolves readiness waiters as false
ok 2621 - stop aborts an in-flight refresh and resolves readiness waiters as false
  ---
  duration_ms: 0.962
  ...
# Subtest: a successful refresh stops background retries
ok 2622 - a successful refresh stops background retries
  ---
  duration_ms: 1.8537
  ...
# Subtest: splitLines: 청크 중간에서 끊긴 줄을 carry로 넘긴다
ok 2623 - splitLines: 청크 중간에서 끊긴 줄을 carry로 넘긴다
  ---
  duration_ms: 2.4024
  ...
# Subtest: splitLines: 한 청크에 여러 줄 + 개행 없이 끝나는 조각
ok 2624 - splitLines: 한 청크에 여러 줄 + 개행 없이 끝나는 조각
  ---
  duration_ms: 0.3086
  ...
# Subtest: splitLines: \\r\\n(윈도우 개행)도 처리한다
ok 2625 - splitLines: \\r\\n(윈도우 개행)도 처리한다
  ---
  duration_ms: 0.173
  ...
# Subtest: flushCarry: 개행 없이 끝난 마지막 줄을 회수한다
ok 2626 - flushCarry: 개행 없이 끝난 마지막 줄을 회수한다
  ---
  duration_ms: 0.3613
  ...
# Subtest: parseLine: 정상 JSON
ok 2627 - parseLine: 정상 JSON
  ---
  duration_ms: 0.3336
  ...
# Subtest: parseLine: 깨진 JSON은 예외를 던지지 않고 ok:false를 반환한다
ok 2628 - parseLine: 깨진 JSON은 예외를 던지지 않고 ok:false를 반환한다
  ---
  duration_ms: 0.2722
  ...
# Subtest: parseLine: 빈 줄도 ok:false
ok 2629 - parseLine: 빈 줄도 ok:false
  ---
  duration_ms: 0.2372
  ...
# Subtest: isRenderCanvasToolName: 이름과 별칭이 다른 경우 둘 다 매칭
ok 2630 - isRenderCanvasToolName: 이름과 별칭이 다른 경우 둘 다 매칭
  ---
  duration_ms: 0.1646
  ...
# Subtest: normalizeToolUseBlock: Grok use_tool 봉투를 실제 MCP 이름과 입력으로 푼다
ok 2631 - normalizeToolUseBlock: Grok use_tool 봉투를 실제 MCP 이름과 입력으로 푼다
  ---
  duration_ms: 0.5327
  ...
# Subtest: normalizeToolUseBlock: 불완전한 use_tool 입력과 일반 도구는 원문을 유지한다
ok 2632 - normalizeToolUseBlock: 불완전한 use_tool 입력과 일반 도구는 원문을 유지한다
  ---
  duration_ms: 0.5298
  ...
# Subtest: isAgentToolName: 툴 이름은 Task가 아니라 Agent다(CLI v2.1.63 리네임)
ok 2633 - isAgentToolName: 툴 이름은 Task가 아니라 Agent다(CLI v2.1.63 리네임)
  ---
  duration_ms: 0.2947
  ...
# Subtest: classifySubagentEvent: task_started
ok 2634 - classifySubagentEvent: task_started
  ---
  duration_ms: 0.3369
  ...
# Subtest: classifySubagentEvent: task_progress — description은 시작 때와 다를 수 있다(실측)
ok 2635 - classifySubagentEvent: task_progress — description은 시작 때와 다를 수 있다(실측)
  ---
  duration_ms: 1.321
  ...
# Subtest: classifySubagentEvent: task_updated — 실측은 completed만 관측, 다른 값도 그대로 통과시킨다
ok 2636 - classifySubagentEvent: task_updated — 실측은 completed만 관측, 다른 값도 그대로 통과시킨다
  ---
  duration_ms: 0.2056
  ...
# Subtest: classifySubagentEvent: task_notification
ok 2637 - classifySubagentEvent: task_notification
  ---
  duration_ms: 0.1278
  ...
# Subtest: classifySubagentEvent: 4종이 아니거나 task_id가 없으면 null
ok 2638 - classifySubagentEvent: 4종이 아니거나 task_id가 없으면 null
  ---
  duration_ms: 0.0932
  ...
# Subtest: isSubagentInternalEvent: parent_tool_use_id로 서브에이전트 내부 활동을 가른다(실측 시퀀스)
ok 2639 - isSubagentInternalEvent: parent_tool_use_id로 서브에이전트 내부 활동을 가른다(실측 시퀀스)
  ---
  duration_ms: 0.1507
  ...
# Subtest: normalizeToolResultContent: 문자열 content
ok 2640 - normalizeToolResultContent: 문자열 content
  ---
  duration_ms: 0.1189
  ...
# Subtest: normalizeToolResultContent: 블록 배열 content
ok 2641 - normalizeToolResultContent: 블록 배열 content
  ---
  duration_ms: 0.1001
  ...
# Subtest: extractCanvasEnvelope: 블록배열 content는 캔버스 봉투로 취급하지 않는다(방어적)
ok 2642 - extractCanvasEnvelope: 블록배열 content는 캔버스 봉투로 취급하지 않는다(방어적)
  ---
  duration_ms: 0.1517
  ...
# Subtest: classifyCanvasBlock: render_canvas 결과가 배열 content로 오면 unparseable로 안전하게 떨어진다
ok 2643 - classifyCanvasBlock: render_canvas 결과가 배열 content로 오면 unparseable로 안전하게 떨어진다
  ---
  duration_ms: 0.1797
  ...
# Subtest: extractTextDelta: content_block_delta/text_delta에서 조각을 뽑는다(실측 형태)
ok 2644 - extractTextDelta: content_block_delta/text_delta에서 조각을 뽑는다(실측 형태)
  ---
  duration_ms: 0.1263
  ...
# Subtest: extractTextDelta: stream_event가 아니거나 text_delta가 아니면 null
ok 2645 - extractTextDelta: stream_event가 아니거나 text_delta가 아니면 null
  ---
  duration_ms: 0.1001
  ...
# Subtest: extractThinkingDelta: content_block_delta/thinking_delta에서 조각을 뽑는다(실측 형태)
ok 2646 - extractThinkingDelta: content_block_delta/thinking_delta에서 조각을 뽑는다(실측 형태)
  ---
  duration_ms: 0.1118
  ...
# Subtest: extractThinkingDelta: signature_delta(서명)는 추론 텍스트가 아니다 — 제외
ok 2647 - extractThinkingDelta: signature_delta(서명)는 추론 텍스트가 아니다 — 제외
  ---
  duration_ms: 0.0782
  ...
# Subtest: extractThinkingDelta: text_delta는 추론이 아니다 — extractTextDelta와 서로 안 겹친다
ok 2648 - extractThinkingDelta: text_delta는 추론이 아니다 — extractTextDelta와 서로 안 겹친다
  ---
  duration_ms: 0.0825
  ...
# Subtest: extractThinkingDelta: stream_event가 아니거나 형태가 안 맞으면 null
ok 2649 - extractThinkingDelta: stream_event가 아니거나 형태가 안 맞으면 null
  ---
  duration_ms: 0.0706
  ...
# Subtest: StreamJsonSession: 비JSON 라인은 건너뛰고 skippedLines로 센다
ok 2650 - StreamJsonSession: 비JSON 라인은 건너뛰고 skippedLines로 센다
  ---
  duration_ms: 0.4788
  ...
# Subtest: StreamJsonSession: 라인 경계와 무관하게 임의 크기 청크로 먹여도 같은 결과가 나온다
ok 2651 - StreamJsonSession: 라인 경계와 무관하게 임의 크기 청크로 먹여도 같은 결과가 나온다
  ---
  duration_ms: 1.2577
  ...
# Subtest: StreamJsonSession: Grok use_tool로 감싼 render_canvas 결과도 캔버스로 분류한다
ok 2652 - StreamJsonSession: Grok use_tool로 감싼 render_canvas 결과도 캔버스로 분류한다
  ---
  duration_ms: 0.4987
  ...
# Subtest: StreamJsonSession: 마지막 줄이 개행 없이 끝나도 end()가 회수한다
ok 2653 - StreamJsonSession: 마지막 줄이 개행 없이 끝나도 end()가 회수한다
  ---
  duration_ms: 0.2014
  ...
# Subtest: StreamJsonSession: finalResult()가 마지막 result/success 이벤트를 돌려준다
ok 2654 - StreamJsonSession: finalResult()가 마지막 result/success 이벤트를 돌려준다
  ---
  duration_ms: 0.1796
  ...
# Subtest: StreamJsonSession: onTextDelta가 조각마다 불리고, 청크 경계에 걸쳐도 순서·내용이 보존된다
ok 2655 - StreamJsonSession: onTextDelta가 조각마다 불리고, 청크 경계에 걸쳐도 순서·내용이 보존된다
  ---
  duration_ms: 1.4322
  ...
# Subtest: StreamJsonSession: onTextDelta가 없어도(REST 직결·캐시 리플레이 경로) 다른 콜백은 그대로 동작한다
ok 2656 - StreamJsonSession: onTextDelta가 없어도(REST 직결·캐시 리플레이 경로) 다른 콜백은 그대로 동작한다
  ---
  duration_ms: 0.1986
  ...
# Subtest: StreamJsonSession: onThinkingDelta가 추론 조각마다 불리고 text_delta·signature_delta는 안 섞인다
ok 2657 - StreamJsonSession: onThinkingDelta가 추론 조각마다 불리고 text_delta·signature_delta는 안 섞인다
  ---
  duration_ms: 0.2408
  ...
# Subtest: StreamJsonSession: onThinkingDelta가 없어도(REST 직결·캐시 리플레이 경로) 다른 콜백은 그대로 동작한다
ok 2658 - StreamJsonSession: onThinkingDelta가 없어도(REST 직결·캐시 리플레이 경로) 다른 콜백은 그대로 동작한다
  ---
  duration_ms: 0.1394
  ...
# Subtest: classifyCanvasBlock: pushed 봉투는 별도 상태 — 카드 이중 렌더 방지
ok 2659 - classifyCanvasBlock: pushed 봉투는 별도 상태 — 카드 이중 렌더 방지
  ---
  duration_ms: 0.2708
  ...
# Subtest: createFreshVerifyProfile creates a unique configured profile for every run
ok 2660 - createFreshVerifyProfile creates a unique configured profile for every run
  ---
  duration_ms: 56.4795
  ...
# Subtest: seedVerifyProfile explicitly represents LIFE-001 new-user and partial states
ok 2661 - seedVerifyProfile explicitly represents LIFE-001 new-user and partial states
  ---
  duration_ms: 71.8651
  ...
# Subtest: cleanupVerifyProfile removes only the marked profile and preserves captures outside it
ok 2662 - cleanupVerifyProfile removes only the marked profile and preserves captures outside it
  ---
  duration_ms: 23.9492
  ...
# Subtest: cleanupVerifyProfile refuses an unmarked directory
ok 2663 - cleanupVerifyProfile refuses an unmarked directory
  ---
  duration_ms: 1.3277
  ...
# Subtest: cleanup watchdog removes the profile after its parent process exits
ok 2664 - cleanup watchdog removes the profile after its parent process exits
  ---
  duration_ms: 339.1465
  ...
# Subtest: cleanup refuses a path replaced with another marker and preserves replacement data
ok 2665 - cleanup refuses a path replaced with another marker and preserves replacement data
  ---
  duration_ms: 55.43
  ...
# Subtest: cleanup watchdog refuses a profile replaced after monitoring starts
ok 2666 - cleanup watchdog refuses a profile replaced after monitoring starts
  ---
  duration_ms: 107.0634
  ...
# Subtest: cleanup watchdog deadline starts after a parent alive for more than 15 seconds
ok 2667 - cleanup watchdog deadline starts after a parent alive for more than 15 seconds
  ---
  duration_ms: 54.3265
  ...
# Subtest: cleanup watchdog writes a path-free diagnostic when post-exit retries time out
ok 2668 - cleanup watchdog writes a path-free diagnostic when post-exit retries time out
  ---
  duration_ms: 72.5732
  ...
# Subtest: cleanup watchdog rejects unsafe parent PIDs and resolves an absolute Node executable
ok 2669 - cleanup watchdog rejects unsafe parent PIDs and resolves an absolute Node executable
  ---
  duration_ms: 192.3471
  ...
# Subtest: LIFE-002: geometry validates current viewport and converts CSS rects using current zoom
ok 2670 - LIFE-002: geometry validates current viewport and converts CSS rects using current zoom
  ---
  duration_ms: 2.391
  ...
# Subtest: LIFE-002: stale, cross-generation, out-of-range and zoom-mismatched geometry fail closed
ok 2671 - LIFE-002: stale, cross-generation, out-of-range and zoom-mismatched geometry fail closed
  ---
  duration_ms: 2.0352
  ...
# Subtest: LIFE-002: renderer and authoritative zoom factors must be raw finite numbers in range
ok 2672 - LIFE-002: renderer and authoritative zoom factors must be raw finite numbers in range
  ---
  duration_ms: 0.4541
  ...
# Subtest: LIFE-002: titlebar hit-test excludes controls and content below
ok 2673 - LIFE-002: titlebar hit-test excludes controls and content below
  ---
  duration_ms: 0.2908
  ...
# Subtest: LIFE-002: any missing physical Windows interaction keeps the full gate inconclusive
ok 2674 - LIFE-002: any missing physical Windows interaction keeps the full gate inconclusive
  ---
  duration_ms: 1.5495
  ...
# Subtest: LIFE-002: full verification passes only with automation and every physical interaction
ok 2675 - LIFE-002: full verification passes only with automation and every physical interaction
  ---
  duration_ms: 1.1657
  ...
# Subtest: LIFE-002: Electron probe exit follows the conclusive full gate, not the automated subset
ok 2676 - LIFE-002: Electron probe exit follows the conclusive full gate, not the automated subset
  ---
  duration_ms: 0.8601
  ...
# Subtest: LIFE-002: handoff waits for both boot completion and the shell double-RAF readiness signal
ok 2677 - LIFE-002: handoff waits for both boot completion and the shell double-RAF readiness signal
  ---
  duration_ms: 1.3819
  ...
# Subtest: LIFE-002: boot-complete and shell-ready accept only their authoritative window sender
ok 2678 - LIFE-002: boot-complete and shell-ready accept only their authoritative window sender
  ---
  duration_ms: 0.2502
  ...
# Subtest: LIFE-002: handoff hides boot before showing WCO shell and never exposes both
ok 2679 - LIFE-002: handoff hides boot before showing WCO shell and never exposes both
  ---
  duration_ms: 1.2236
  ...
# Subtest: computeShellPlacement: left — 왼쪽 절반의 중앙에 셸 창을 놓는다
ok 2680 - computeShellPlacement: left — 왼쪽 절반의 중앙에 셸 창을 놓는다
  ---
  duration_ms: 2.3472
  ...
# Subtest: computeShellPlacement: right — 오른쪽 절반의 중앙에 셸 창을 놓는다
ok 2681 - computeShellPlacement: right — 오른쪽 절반의 중앙에 셸 창을 놓는다
  ---
  duration_ms: 0.249
  ...
# Subtest: computeShellPlacement: dir이 left/right가 아니면 워크에어리어 전체의 중앙이다
ok 2682 - computeShellPlacement: dir이 left/right가 아니면 워크에어리어 전체의 중앙이다
  ---
  duration_ms: 0.2378
  ...
# Subtest: computeShellPlacement: 세로는 창 높이 기준으로 워크에어리어 중앙에 놓는다
ok 2683 - computeShellPlacement: 세로는 창 높이 기준으로 워크에어리어 중앙에 놓는다
  ---
  duration_ms: 0.1888
  ...
# Subtest: computeShellPlacement: 절반 폭 < 창 폭이면 그 절반 중앙에 겹쳐 배치된다(음수 오프셋 허용)
ok 2684 - computeShellPlacement: 절반 폭 < 창 폭이면 그 절반 중앙에 겹쳐 배치된다(음수 오프셋 허용)
  ---
  duration_ms: 0.2828
  ...
# Subtest: computeShellPlacement: 멀티 모니터 — workArea.x가 0이 아니어도 그 오프셋 기준으로 계산한다
ok 2685 - computeShellPlacement: 멀티 모니터 — workArea.x가 0이 아니어도 그 오프셋 기준으로 계산한다
  ---
  duration_ms: 1.1731
  ...
# Subtest: computeShellPlacement: 크기는 항상 dims 그대로 — 위치만 바뀐다(불변 계약)
ok 2686 - computeShellPlacement: 크기는 항상 dims 그대로 — 위치만 바뀐다(불변 계약)
  ---
  duration_ms: 0.4781
  ...
# Subtest: computeShellPlacement: y는 워크에어리어 상단(workArea.y) 아래로 내려가지 않는다
ok 2687 - computeShellPlacement: y는 워크에어리어 상단(workArea.y) 아래로 내려가지 않는다
  ---
  duration_ms: 0.1763
  ...
# Subtest: computeShellPlacement: 반환값에 짝 배치의 잔재가 없다(회귀 가드)
ok 2688 - computeShellPlacement: 반환값에 짝 배치의 잔재가 없다(회귀 가드)
  ---
  duration_ms: 1.1853
  ...
# Subtest: clampCenterToWorkArea: 안쪽 이동은 손대지 않는다
ok 2689 - clampCenterToWorkArea: 안쪽 이동은 손대지 않는다
  ---
  duration_ms: 0.5935
  ...
# Subtest: clampCenterToWorkArea: 왼쪽·위로 벗어나면 중심이 경계에 걸리는 자리까지만 간다
ok 2690 - clampCenterToWorkArea: 왼쪽·위로 벗어나면 중심이 경계에 걸리는 자리까지만 간다
  ---
  duration_ms: 0.2702
  ...
# Subtest: clampCenterToWorkArea: 오른쪽·아래도 같은 규칙이다
ok 2691 - clampCenterToWorkArea: 오른쪽·아래도 같은 규칙이다
  ---
  duration_ms: 0.1591
  ...
# Subtest: clampCenterToWorkArea: 음수 원점 모니터(왼쪽 보조)의 workArea 오프셋을 그대로 따른다
ok 2692 - clampCenterToWorkArea: 음수 원점 모니터(왼쪽 보조)의 workArea 오프셋을 그대로 따른다
  ---
  duration_ms: 0.1506
  ...
# Subtest: clampCenterToWorkArea: 펼침 크기(400×640)도 같은 중심 규칙 — 크기만 다르다
ok 2693 - clampCenterToWorkArea: 펼침 크기(400×640)도 같은 중심 규칙 — 크기만 다르다
  ---
  duration_ms: 0.1116
  ...
# Subtest: readiness listener is active before a synchronous load emits ready-to-show
ok 2694 - readiness listener is active before a synchronous load emits ready-to-show
  ---
  duration_ms: 1.7473
  ...
# Subtest: main-frame load failure rejects and cleans readiness listeners
ok 2695 - main-frame load failure rejects and cleans readiness listeners
  ---
  duration_ms: 1.152
  ...
# Subtest: readiness has a bounded timeout
ok 2696 - readiness has a bounded timeout
  ---
  duration_ms: 6.4538
  ...
# Subtest: closed cleanup tolerates an already-destroyed webContents
ok 2697 - closed cleanup tolerates an already-destroyed webContents
  ---
  duration_ms: 0.4494
  ...
# Subtest: window HTML paths are absolute and anchored to the app directory
ok 2698 - window HTML paths are absolute and anchored to the app directory
  ---
  duration_ms: 0.3589
  ...
# Subtest: normal Electron runtime contains no desktop capture polling that can starve direct REST paint
ok 2699 - normal Electron runtime contains no desktop capture polling that can starve direct REST paint
  ---
  duration_ms: 5.2444
  ...
# Subtest: Win+Arrow는 renderer 입력이나 globalShortcut으로 가로채지 않는다
ok 2700 - Win+Arrow는 renderer 입력이나 globalShortcut으로 가로채지 않는다
  ---
  duration_ms: 2.4619
  ...
# Subtest: Win+Arrow 회귀 가드는 관련 없는 입력 처리와 단축키를 허용한다
ok 2701 - Win+Arrow 회귀 가드는 관련 없는 입력 처리와 단축키를 허용한다
  ---
  duration_ms: 1.5608
  ...
# Subtest: Windows native Snap 대상이 되도록 shell 창은 resizable을 유지한다
ok 2702 - Windows native Snap 대상이 되도록 shell 창은 resizable을 유지한다
  ---
  duration_ms: 0.5016
  ...
# Subtest: isMarketOpen: 경계 09:00/15:30
ok 2703 - isMarketOpen: 경계 09:00/15:30
  ---
  duration_ms: 27.9657
  ...
# Subtest: isMarketOpen: 주말은 시간과 무관하게 장외
ok 2704 - isMarketOpen: 주말은 시간과 무관하게 장외
  ---
  duration_ms: 0.8659
  ...
# Subtest: isMarketOpen: 자정은 평일이라도 장외
ok 2705 - isMarketOpen: 자정은 평일이라도 장외
  ---
  duration_ms: 1.5114
  ...
# Subtest: isMarketOpen: 시스템 로컬 타임존과 무관하게 KST로 환산한다
ok 2706 - isMarketOpen: 시스템 로컬 타임존과 무관하게 KST로 환산한다
  ---
  duration_ms: 0.4759
  ...
# Subtest: isMarketOpen: 비Date·Invalid Date는 장외로 본다
ok 2707 - isMarketOpen: 비Date·Invalid Date는 장외로 본다
  ---
  duration_ms: 0.2886
  ...
# Subtest: onboarding state는 new→2 / 3, partial→3 / 3, configured→메인 직행으로 해석한다
ok 2708 - onboarding state는 new→2 / 3, partial→3 / 3, configured→메인 직행으로 해석한다
  ---
  duration_ms: 1.8626
  ...
# Subtest: advance 응답은 ok와 done을 각각 보존해 partial 성공을 완료로 축약하지 않는다
ok 2709 - advance 응답은 ok와 done을 각각 보존해 partial 성공을 완료로 축약하지 않는다
  ---
  duration_ms: 1.0147
  ...
# Subtest: 현재 최초 실제 단계인 CLI 2 / 3에는 이전 버튼이 없다
ok 2710 - 현재 최초 실제 단계인 CLI 2 / 3에는 이전 버튼이 없다
  ---
  duration_ms: 1.7017
  ...
# Subtest: Paper 33 — 연결에 실패한 CLI 행은 [연결] 자리에 재시도를 두고 행 클릭이 다시 시도한다
ok 2711 - Paper 33 — 연결에 실패한 CLI 행은 [연결] 자리에 재시도를 두고 행 클릭이 다시 시도한다
  ---
  duration_ms: 10.1203
  ...
# Subtest: 3 / 3 계좌 단계의 이전은 CLI 2 / 3 callback만 호출하고 cleanup 뒤에는 동작하지 않는다
ok 2712 - 3 / 3 계좌 단계의 이전은 CLI 2 / 3 callback만 호출하고 cleanup 뒤에는 동작하지 않는다
  ---
  duration_ms: 0.6247
  ...
# Subtest: 3 / 3 계좌 입력과 저장 위치는 회색 면 채움 없이 열린 표면을 유지한다
ok 2713 - 3 / 3 계좌 입력과 저장 위치는 회색 면 채움 없이 열린 표면을 유지한다
  ---
  duration_ms: 2.0395
  ...
# Subtest: 토큰 확인 화면의 이전은 계좌 3 / 3 callback을 호출하고 완료 callback은 건드리지 않는다
ok 2714 - 토큰 확인 화면의 이전은 계좌 3 / 3 callback을 호출하고 완료 callback은 건드리지 않는다
  ---
  duration_ms: 1.4277
  ...
# Subtest: Paper 28 재발급 중은 모든 진행·해제 동작을 잠그고 이전만 허용한다
ok 2715 - Paper 28 재발급 중은 모든 진행·해제 동작을 잠그고 이전만 허용한다
  ---
  duration_ms: 4.2323
  ...
# Subtest: Paper 27 셸의 Paper 28 재발급 중 타이머와 비활성 ghost 동작은 회색 면 채움 없이 hairline만 유지한다
ok 2716 - Paper 27 셸의 Paper 28 재발급 중 타이머와 비활성 ghost 동작은 회색 면 채움 없이 hairline만 유지한다
  ---
  duration_ms: 1.5416
  ...
# Subtest: 토큰 화면에서 돌아온 계좌 단계는 기존 accountId·alias로 재입력 없는 인증 복귀 경로를 제공한다
ok 2717 - 토큰 화면에서 돌아온 계좌 단계는 기존 accountId·alias로 재입력 없는 인증 복귀 경로를 제공한다
  ---
  duration_ms: 2.0095
  ...
# Subtest: {ok:true, done:false}는 완료시키지 않고 온보딩에 남는 명시 오류를 반환한다
ok 2718 - {ok:true, done:false}는 완료시키지 않고 온보딩에 남는 명시 오류를 반환한다
  ---
  duration_ms: 0.9272
  ...
# Subtest: 토큰 renderer는 done:false 결과의 명시 오류를 화면에 표시한다
ok 2719 - 토큰 renderer는 done:false 결과의 명시 오류를 화면에 표시한다
  ---
  duration_ms: 1.6814
  ...
# Subtest: 최종 persistence await 중 이전으로 화면 revision이 바뀌면 늦은 done:true가 셸을 열지 않는다
ok 2720 - 최종 persistence await 중 이전으로 화면 revision이 바뀌면 늦은 done:true가 셸을 열지 않는다
  ---
  duration_ms: 1.4994
  ...
# Subtest: 온보딩 중 receipt는 화면을 열거나 버리지 않고 즉시 안정된 fail ACK로 waiter를 종료한다
ok 2721 - 온보딩 중 receipt는 화면을 열거나 버리지 않고 즉시 안정된 fail ACK로 waiter를 종료한다
  ---
  duration_ms: 0.5818
  ...
# Subtest: 같은 오버레이를 쓰는 계좌 전환 화면은 자기 사유로 fail ACK한다
ok 2722 - 같은 오버레이를 쓰는 계좌 전환 화면은 자기 사유로 fail ACK한다
  ---
  duration_ms: 0.2829
  ...
# Subtest: 최초 실행은 부팅 뒤 전용 온보딩만 보이고 완료 전 메인 셸은 모든 상호작용에서 차단된다
ok 2723 - 최초 실행은 부팅 뒤 전용 온보딩만 보이고 완료 전 메인 셸은 모든 상호작용에서 차단된다
  ---
  duration_ms: 2.3558
  ...
# Subtest: CLI + 계좌 + 토큰 완료를 persistence한 뒤에만 메인 셸과 채팅을 정확히 복구한다
ok 2724 - CLI + 계좌 + 토큰 완료를 persistence한 뒤에만 메인 셸과 채팅을 정확히 복구한다
  ---
  duration_ms: 0.284
  ...
# Subtest: embedded=false로 열면 계좌 행 클릭이 계좌 전환 뷰로 간다
ok 2725 - embedded=false로 열면 계좌 행 클릭이 계좌 전환 뷰로 간다
  ---
  duration_ms: 4.574
  ...
# Subtest: initialView: switch는 계좌 목록 화면으로 바로 들어간다
ok 2726 - initialView: switch는 계좌 목록 화면으로 바로 들어간다
  ---
  duration_ms: 1.0853
  ...
# Subtest: 온보딩(embedded)은 initialView를 주지 않아 3 / 3 상태 화면으로 연다
ok 2727 - 온보딩(embedded)은 initialView를 주지 않아 3 / 3 상태 화면으로 연다
  ---
  duration_ms: 0.9748
  ...
# Subtest: embedded=false 상태 화면에는 오버레이를 닫는 「닫기」가 있다
ok 2728 - embedded=false 상태 화면에는 오버레이를 닫는 「닫기」가 있다
  ---
  duration_ms: 2.5239
  ...
# Subtest: 계좌 전환의 「취소」는 상태 화면이 아니라 오버레이를 닫는다
ok 2729 - 계좌 전환의 「취소」는 상태 화면이 아니라 오버레이를 닫는다
  ---
  duration_ms: 1.1738
  ...
# Subtest: 온보딩(embedded)에서는 onClose를 줘도 취소가 상태 화면으로 돌아간다
ok 2730 - 온보딩(embedded)에서는 onClose를 줘도 취소가 상태 화면으로 돌아간다
  ---
  duration_ms: 1.1563
  ...
# Subtest: 대기 눈은 길쭉하고 발화 눈은 거의 원이다 — 검증22가 쓰는 임계 그대로
ok 2731 - 대기 눈은 길쭉하고 발화 눈은 거의 원이다 — 검증22가 쓰는 임계 그대로
  ---
  duration_ms: 3.6875
  ...
# Subtest: idle이 아닌 표정의 눈은 대기 기준선이 될 수 없다
ok 2732 - idle이 아닌 표정의 눈은 대기 기준선이 될 수 없다
  ---
  duration_ms: 2.2377
  ...
# Subtest: 카드미니는 board-format을 로드한 뒤 고정 kiumi 계약으로 렌더한다
ok 2733 - 카드미니는 board-format을 로드한 뒤 고정 kiumi 계약으로 렌더한다
  ---
  duration_ms: 1.8428
  ...
# Subtest: 주문 티켓 kiumi 문법은 기존 실행 가능한 주문 경로를 보존한다
ok 2734 - 주문 티켓 kiumi 문법은 기존 실행 가능한 주문 경로를 보존한다
  ---
  duration_ms: 0.5248
  ...
# Subtest: 카드미니 표면은 420px 고정이고 내부 스크롤이나 말줄임으로 내용을 숨기지 않는다
ok 2735 - 카드미니 표면은 420px 고정이고 내부 스크롤이나 말줄임으로 내용을 숨기지 않는다
  ---
  duration_ms: 0.5439
  ...
# Subtest: 카드미니는 내부 가로 구분선 없이 여백으로 정보 그룹을 나눈다
ok 2736 - 카드미니는 내부 가로 구분선 없이 여백으로 정보 그룹을 나눈다
  ---
  duration_ms: 1.5448
  ...
# Subtest: 백엔드가 먼저 push한 카드도 orb 기원 질의면 같은 오브 창으로 전달한다
ok 2737 - 백엔드가 먼저 push한 카드도 orb 기원 질의면 같은 오브 창으로 전달한다
  ---
  duration_ms: 0.6417
  ...
# Subtest: 오브는 main이 보낸 카드 개수를 모두 받을 때까지 canvas 구독을 유지한다
ok 2738 - 오브는 main이 보낸 카드 개수를 모두 받을 때까지 canvas 구독을 유지한다
  ---
  duration_ms: 0.4249
  ...
# Subtest: 오브 기원 REST·Selector 빠른 경로도 같은 카드 봉투를 오브에 전달한다
ok 2739 - 오브 기원 REST·Selector 빠른 경로도 같은 카드 봉투를 오브에 전달한다
  ---
  duration_ms: 0.6154
  ...
# Subtest: 질의 밖 캔버스 봉투는 검사 모드에서만, 질의 중에는 그리지 않는다
ok 2740 - 질의 밖 캔버스 봉투는 검사 모드에서만, 질의 중에는 그리지 않는다
  ---
  duration_ms: 0.3974
  ...
# Subtest: 검사 모드는 환경변수 하나로만 켜지고 제품 기본값은 꺼짐이다
ok 2741 - 검사 모드는 환경변수 하나로만 켜지고 제품 기본값은 꺼짐이다
  ---
  duration_ms: 1.3046
  ...
# Subtest: 승인된 카드미니 프레임은 360×420이다
ok 2742 - 승인된 카드미니 프레임은 360×420이다
  ---
  duration_ms: 4.3968
  ...
# Subtest: surface_contract의 고정 슬롯으로 Paper와 같은 표시 계획을 만든다
ok 2743 - surface_contract의 고정 슬롯으로 Paper와 같은 표시 계획을 만든다
  ---
  duration_ms: 27.0139
  ...
# Subtest: 선택 슬롯 값이 오지 않아도 Paper 예시값을 지어내지 않는다
ok 2744 - 선택 슬롯 값이 오지 않아도 Paper 예시값을 지어내지 않는다
  ---
  duration_ms: 0.4164
  ...
# Subtest: 보드 09 상한표는 보드에 적힌 숫자 그대로다
ok 2745 - 보드 09 상한표는 보드에 적힌 숫자 그대로다
  ---
  duration_ms: 0.4656
  ...
# Subtest: 규칙 1 — 값이 없는 필드는 행이 되지 않고 접힌 수에도 들지 않는다
ok 2746 - 규칙 1 — 값이 없는 필드는 행이 되지 않고 접힌 수에도 들지 않는다
  ---
  duration_ms: 0.4272
  ...
# Subtest: 규칙 1 — 0과 false는 값이다
ok 2747 - 규칙 1 — 0과 false는 값이다
  ---
  duration_ms: 0.7189
  ...
# Subtest: 사실은 5행까지 펴고 나머지는 개수만 밝힌다
ok 2748 - 사실은 5행까지 펴고 나머지는 개수만 밝힌다
  ---
  duration_ms: 0.4355
  ...
# Subtest: 규칙 2 — 아무것도 안 접혔으면 고지를 내지 않는다
ok 2749 - 규칙 2 — 아무것도 안 접혔으면 고지를 내지 않는다
  ---
  duration_ms: 0.1791
  ...
# Subtest: 복합은 스칼라와 표를 따로 접는다
ok 2750 - 복합은 스칼라와 표를 따로 접는다
  ---
  duration_ms: 0.6929
  ...
# Subtest: 이벤트·스트림은 2건까지이고 남은 건수를 전체와 함께 밝힌다
ok 2751 - 이벤트·스트림은 2건까지이고 남은 건수를 전체와 함께 밝힌다
  ---
  duration_ms: 0.5323
  ...
# Subtest: 이벤트 한 줄은 값 있는 3쌍까지만 잇는다
ok 2752 - 이벤트 한 줄은 값 있는 3쌍까지만 잇는다
  ---
  duration_ms: 0.3568
  ...
# Subtest: 본문은 첫 문단만, 줄머리 기호를 벗기고 한 줄로 잇는다
ok 2753 - 본문은 첫 문단만, 줄머리 기호를 벗기고 한 줄로 잇는다
  ---
  duration_ms: 1.0035
  ...
# Subtest: 본문이 상한을 넘으면 말줄임을 붙인다
ok 2754 - 본문이 상한을 넘으면 말줄임을 붙인다
  ---
  duration_ms: 0.668
  ...
# Subtest: 짧은 단일 문단은 자르지도 고지하지도 않는다
ok 2755 - 짧은 단일 문단은 자르지도 고지하지도 않는다
  ---
  duration_ms: 0.167
  ...
# Subtest: 빈 본문은 텍스트 없이 돌아온다 — 빈 카드를 그리지 않게
ok 2756 - 빈 본문은 텍스트 없이 돌아온다 — 빈 카드를 그리지 않게
  ---
  duration_ms: 0.2219
  ...
# Subtest: 스트림 시각은 day 정밀도에서 시:분을 지어내지 않는다
ok 2757 - 스트림 시각은 day 정밀도에서 시:분을 지어내지 않는다
  ---
  duration_ms: 1.5485
  ...
# Subtest: 스트림 출처는 source → url 호스트 순이고 둘 다 없으면 빈 문자열이다
ok 2758 - 스트림 출처는 source → url 호스트 순이고 둘 다 없으면 빈 문자열이다
  ---
  duration_ms: 0.3793
  ...
# Subtest: buildPrefill: 발화 이벤트에서 값·사유만 채운다 — 방향·수량은 사람 몫
ok 2759 - buildPrefill: 발화 이벤트에서 값·사유만 채운다 — 방향·수량은 사람 몫
  ---
  duration_ms: 1.4064
  ...
# Subtest: buildSelectorOrderPrefill: guarded 현금 주식 시장가 초안만 티켓 값으로 바꾼다
ok 2760 - buildSelectorOrderPrefill: guarded 현금 주식 시장가 초안만 티켓 값으로 바꾼다
  ---
  duration_ms: 1.2521
  ...
# Subtest: buildSelectorOrderPrefill: 실행 부작용 없이 unsupported·invalid 주문을 fail-closed 한다
ok 2761 - buildSelectorOrderPrefill: 실행 부작용 없이 unsupported·invalid 주문을 fail-closed 한다
  ---
  duration_ms: 0.2592
  ...
# Subtest: gateBlocker: 주문 API 비활성이면 정직한 사유를 준다
ok 2762 - gateBlocker: 주문 API 비활성이면 정직한 사유를 준다
  ---
  duration_ms: 0.2669
  ...
# Subtest: buildOrderPayload: kt10000/kt10001 실측 필드·시장가 고정
ok 2763 - buildOrderPayload: kt10000/kt10001 실측 필드·시장가 고정
  ---
  duration_ms: 1.1871
  ...
# Subtest: buildOrderPayload: 무효 입력 거부
ok 2764 - buildOrderPayload: 무효 입력 거부
  ---
  duration_ms: 0.4293
  ...
# Subtest: interpretExecuteStatus: 409=IN_DOUBT(재전송 금지) · 428=확인 필요
ok 2765 - interpretExecuteStatus: 409=IN_DOUBT(재전송 금지) · 428=확인 필요
  ---
  duration_ms: 0.2891
  ...
# Subtest: 상태기계: in_doubt·done은 종결 — 재실행 전이 불가
ok 2766 - 상태기계: in_doubt·done은 종결 — 재실행 전이 불가
  ---
  duration_ms: 0.3105
  ...
# Subtest: createTicket: 안전한 방향·수량 프리필만 review 상태에 반영한다
ok 2767 - createTicket: 안전한 방향·수량 프리필만 review 상태에 반영한다
  ---
  duration_ms: 0.5075
  ...
# Subtest: newIdempotencyKey: 호출마다 다르다
ok 2768 - newIdempotencyKey: 호출마다 다르다
  ---
  duration_ms: 0.6791
  ...
# Subtest: 총 주문 금액은 수량 × 관측값 추정이고 라벨에 추정을 남긴다
ok 2769 - 총 주문 금액은 수량 × 관측값 추정이고 라벨에 추정을 남긴다
  ---
  duration_ms: 0.5198
  ...
# Subtest: 관측값이 없으면 총액 행을 만들지 않는다 — 0원을 지어내지 않는다
ok 2770 - 관측값이 없으면 총액 행을 만들지 않는다 — 0원을 지어내지 않는다
  ---
  duration_ms: 0.1922
  ...
# Subtest: 수량이 0이면 총액 행이 없다
ok 2771 - 수량이 0이면 총액 행이 없다
  ---
  duration_ms: 0.1597
  ...
# Subtest: 가격 행은 시장가 고정을 세그먼트와 읽기값으로 드러낸다
ok 2772 - 가격 행은 시장가 고정을 세그먼트와 읽기값으로 드러낸다
  ---
  duration_ms: 0.1692
  ...
# Subtest: 실주문 본문은 여전히 trde_tp 3(시장가) 고정이다
ok 2773 - 실주문 본문은 여전히 trde_tp 3(시장가) 고정이다
  ---
  duration_ms: 0.1588
  ...
# Subtest: 통합 카드 계약이 붙은 키움 봉투는 CC 카드로 간다
ok 2774 - 통합 카드 계약이 붙은 키움 봉투는 CC 카드로 간다
  ---
  duration_ms: 1.8752
  ...
# Subtest: card_id 없이 presentation_contract만 있으면 semantic workspace로 간다
ok 2775 - card_id 없이 presentation_contract만 있으면 semantic workspace로 간다
  ---
  duration_ms: 1.9699
  ...
# Subtest: 계약 없는 키움 봉투는 레거시 범용 카드로 떨어지지 않고 차단된다
ok 2776 - 계약 없는 키움 봉투는 레거시 범용 카드로 떨어지지 않고 차단된다
  ---
  duration_ms: 0.2938
  ...
# Subtest: 차단 사유는 어떤 operation이 문제인지 드러낸다
ok 2777 - 차단 사유는 어떤 operation이 문제인지 드러낸다
  ---
  duration_ms: 0.4657
  ...
# Subtest: operation_ref가 없는 비 키움 봉투는 기존 범용 경로를 그대로 쓴다
ok 2778 - operation_ref가 없는 비 키움 봉투는 기존 범용 경로를 그대로 쓴다
  ---
  duration_ms: 0.2744
  ...
# Subtest: 공백뿐인 operation_ref는 키움 봉투로 보지 않는다
ok 2779 - 공백뿐인 operation_ref는 키움 봉투로 보지 않는다
  ---
  duration_ms: 0.1455
  ...
# Subtest: AITS 렌더러 봉투는 보드 표면이 가로채지 않는다
ok 2780 - AITS 렌더러 봉투는 보드 표면이 가로채지 않는다
  ---
  duration_ms: 0.3733
  ...
# Subtest: 차트 op 19종은 renderer_id 없이도 앱 primary로 남는다
ok 2781 - 차트 op 19종은 renderer_id 없이도 앱 primary로 남는다
  ---
  duration_ms: 0.2718
  ...
# Subtest: 차트 op 목록은 manifest의 AITS 렌더러 전집합과 정확히 같다
ok 2782 - 차트 op 목록은 manifest의 AITS 렌더러 전집합과 정확히 같다
  ---
  duration_ms: 9.8774
  ...
# Subtest: 차트가 아닌 ka10084·ka10085는 자기 Paper 보드로 간다
ok 2783 - 차트가 아닌 ka10084·ka10085는 자기 Paper 보드로 간다
  ---
  duration_ms: 0.4438
  ...
# Subtest: 차트 recipe를 빌려 쓴 시세 봉투는 보드로 간다
ok 2784 - 차트 recipe를 빌려 쓴 시세 봉투는 보드로 간다
  ---
  duration_ms: 0.2195
  ...
# Subtest: 렌더러 신호 없는 recipe는 보드 표면 판정을 막지 않는다
ok 2785 - 렌더러 신호 없는 recipe는 보드 표면 판정을 막지 않는다
  ---
  duration_ms: 0.1159
  ...
# Subtest: 주문 티켓 op는 보드가 마운트 지점을 갖출 때까지 앱 primary로 남는다
ok 2786 - 주문 티켓 op는 보드가 마운트 지점을 갖출 때까지 앱 primary로 남는다
  ---
  duration_ms: 0.0814
  ...
# Subtest: 호가 op는 자기 Paper 보드로 간다 — 사다리 자리가 없는 보드도 마찬가지다
ok 2787 - 호가 op는 자기 Paper 보드로 간다 — 사다리 자리가 없는 보드도 마찬가지다
  ---
  duration_ms: 0.2148
  ...
# Subtest: 주문 예외는 op 목록이지 카드 이름이 아니다
ok 2788 - 주문 예외는 op 목록이지 카드 이름이 아니다
  ---
  duration_ms: 0.1538
  ...
# Subtest: 주문 op 목록은 capability 배정 원장과 정확히 같다
ok 2789 - 주문 op 목록은 capability 배정 원장과 정확히 같다
  ---
  duration_ms: 0.8341
  ...
# Subtest: 그 외 recipe·계약 없는 봉투는 보드 표면 판정을 막지 않는다
ok 2790 - 그 외 recipe·계약 없는 봉투는 보드 표면 판정을 막지 않는다
  ---
  duration_ms: 0.1583
  ...
# Subtest: canvas_type chart는 recipe_id가 없어도 보드가 AITS를 가로채지 않는다
ok 2791 - canvas_type chart는 recipe_id가 없어도 보드가 AITS를 가로채지 않는다
  ---
  duration_ms: 0.1211
  ...
# Subtest: 보드가 그 앱 렌더러를 얹을 수 있으면 봉투는 보드로 간다
ok 2792 - 보드가 그 앱 렌더러를 얹을 수 있으면 봉투는 보드로 간다
  ---
  duration_ms: 0.9611
  ...
# Subtest: 보드가 얹을 줄 아는 종류와 봉투가 필요한 종류가 달라도 예외는 그대로다
ok 2793 - 보드가 얹을 줄 아는 종류와 봉투가 필요한 종류가 달라도 예외는 그대로다
  ---
  duration_ms: 0.2587
  ...
# Subtest: semantic-workspaces 검증기의 preserve 판정은 이 모듈이 든다
ok 2794 - semantic-workspaces 검증기의 preserve 판정은 이 모듈이 든다
  ---
  duration_ms: 1.0093
  ...
# Subtest: 실패 어휘는 §3.7 마운트 층 폐쇄집합에 surface_geometry 하나만 더한 얼어붙은 목록이다
ok 2795 - 실패 어휘는 §3.7 마운트 층 폐쇄집합에 surface_geometry 하나만 더한 얼어붙은 목록이다
  ---
  duration_ms: 1.7254
  ...
# Subtest: 보드는 카드 순서대로 청크가 되고 색인에 없는 보드는 즉시 실패한다
ok 2796 - 보드는 카드 순서대로 청크가 되고 색인에 없는 보드는 즉시 실패한다
  ---
  duration_ms: 1.3332
  ...
# Subtest: 다중집합 차이는 added(DOM에만)·removed(slots에만)·count_changed로 갈린다
ok 2797 - 다중집합 차이는 added(DOM에만)·removed(slots에만)·count_changed로 갈린다
  ---
  duration_ms: 0.669
  ...
# Subtest: dom_text 쌍 배열은 다중집합 객체로 되돌아간다
ok 2798 - dom_text 쌍 배열은 다중집합 객체로 되돌아간다
  ---
  duration_ms: 0.4737
  ...
# Subtest: 다 맞은 폭은 실패를 하나도 내지 않는다 — 병기 줄이 같은 글자를 겹쳐 그려도 그렇다
ok 2799 - 다 맞은 폭은 실패를 하나도 내지 않는다 — 병기 줄이 같은 글자를 겹쳐 그려도 그렇다
  ---
  duration_ms: 0.3805
  ...
# Subtest: 가로로 넘친 폭은 overflow_x로, 그 밖의 기하 위반은 surface_geometry로 갈린다
ok 2800 - 가로로 넘친 폭은 overflow_x로, 그 밖의 기하 위반은 surface_geometry로 갈린다
  ---
  duration_ms: 0.4517
  ...
# Subtest: 슬롯이 화면에 못 닿거나 상태 보드가 DOM에 안 찍히면 각각 제 코드로 남는다
ok 2801 - 슬롯이 화면에 못 닿거나 상태 보드가 DOM에 안 찍히면 각각 제 코드로 남는다
  ---
  duration_ms: 0.3748
  ...
# Subtest: DOM 텍스트가 slots.json과 다르면 어느 글자가 왜 다른지까지 남는다
ok 2802 - DOM 텍스트가 slots.json과 다르면 어느 글자가 왜 다른지까지 남는다
  ---
  duration_ms: 0.2491
  ...
# Subtest: 통과한 보드는 잰 값을, 실패한 보드는 실패 목록만 남긴다
ok 2803 - 통과한 보드는 잰 값을, 실패한 보드는 실패 목록만 남긴다
  ---
  duration_ms: 0.4848
  ...
# Subtest: CLI는 빨간 보드를 코드와 함께 줄로 적고 exit 1을 돌려준다
ok 2804 - CLI는 빨간 보드를 코드와 함께 줄로 적고 exit 1을 돌려준다
  ---
  duration_ms: 1.0559
  ...
# Subtest: 샤드 실행은 CLI 첫 줄에 그렇다고 적는다
ok 2805 - 샤드 실행은 CLI 첫 줄에 그렇다고 적는다
  ---
  duration_ms: 0.5347
  ...
# Subtest: 두 층은 같은 보드 항목 하나에 layer로 섞여 담긴다 — §6.4가 읽는 배열은 boards[] 하나다
ok 2806 - 두 층은 같은 보드 항목 하나에 layer로 섞여 담긴다 — §6.4가 읽는 배열은 boards[] 하나다
  ---
  duration_ms: 2.9908
  ...
# Subtest: 정적 게이트를 다시 돌려도 마운트 판정은 안 지워진다 — 파일이 실행 순서에 안 흔들린다
ok 2807 - 정적 게이트를 다시 돌려도 마운트 판정은 안 지워진다 — 파일이 실행 순서에 안 흔들린다
  ---
  duration_ms: 0.6022
  ...
# Subtest: 층은 자기 실패만 갈아 끼운다 — 재실행이 같은 실패를 두 번 적지 않는다
ok 2808 - 층은 자기 실패만 갈아 끼운다 — 재실행이 같은 실패를 두 번 적지 않는다
  ---
  duration_ms: 0.388
  ...
# Subtest: 보드 명부의 주인은 정적 층이다 — 색인에서 빠진 보드는 리포트에서도 빠진다
ok 2809 - 보드 명부의 주인은 정적 층이다 — 색인에서 빠진 보드는 리포트에서도 빠진다
  ---
  duration_ms: 0.4497
  ...
# Subtest: 샤드 실행은 잰 보드만 갈아 끼우고 무엇을 쟀는지 적는다 — 94장의 근거는 그대로 남는다
ok 2810 - 샤드 실행은 잰 보드만 갈아 끼우고 무엇을 쟀는지 적는다 — 94장의 근거는 그대로 남는다
  ---
  duration_ms: 1.8057
  ...
# Subtest: 안 돈 층의 칸은 0이 아니라 null이다 — 「안 쟀다」와 「재서 안 빨갛다」는 다른 말이다
ok 2811 - 안 돈 층의 칸은 0이 아니라 null이다 — 「안 쟀다」와 「재서 안 빨갛다」는 다른 말이다
  ---
  duration_ms: 0.4611
  ...
# Subtest: 스키마가 다른 옛 파일은 껍데기로 갈아탄다 — 남의 형상을 이어받지 않는다
ok 2812 - 스키마가 다른 옛 파일은 껍데기로 갈아탄다 — 남의 형상을 이어받지 않는다
  ---
  duration_ms: 0.3735
  ...
# Subtest: parseTreeRecords drops geometry and keeps depth, kind, node id and text
ok 2813 - parseTreeRecords drops geometry and keeps depth, kind, node id and text
  ---
  duration_ms: 37.368
  ...
# Subtest: parseTreeRecords folds a text that the ledger extractor spread over several lines
ok 2814 - parseTreeRecords folds a text that the ledger extractor spread over several lines
  ---
  duration_ms: 0.8507
  ...
# Subtest: parseTreeRecords does not let a trailing newline leak into the last record
ok 2815 - parseTreeRecords does not let a trailing newline leak into the last record
  ---
  duration_ms: 0.5568
  ...
# Subtest: subtreeAt re-roots the ledger tree at the node the template tree starts from
ok 2816 - subtreeAt re-roots the ledger tree at the node the template tree starts from
  ---
  duration_ms: 1.2862
  ...
# Subtest: nameMatches tolerates the ellipsis truncation but not a real rename
ok 2817 - nameMatches tolerates the ellipsis truncation but not a real rename
  ---
  duration_ms: 0.5481
  ...
# Subtest: diffTreeRecords reports a recreated Paper node instead of passing it
ok 2818 - diffTreeRecords reports a recreated Paper node instead of passing it
  ---
  duration_ms: 0.7352
  ...
# Subtest: diffTreeRecords reports text that Paper changed under an unchanged node
ok 2819 - diffTreeRecords reports text that Paper changed under an unchanged node
  ---
  duration_ms: 0.4305
  ...
# Subtest: diffTreeRecords reports a node the other side does not have at all
ok 2820 - diffTreeRecords reports a node the other side does not have at all
  ---
  duration_ms: 0.5893
  ...
# Subtest: diffTreeRecords ignores geometry — a fit-content collapse to 0×0 is not drift
ok 2821 - diffTreeRecords ignores geometry — a fit-content collapse to 0×0 is not drift
  ---
  duration_ms: 0.8299
  ...
# Subtest: diffTextMultiset splits drift into added, removed and count_changed
ok 2822 - diffTextMultiset splits drift into added, removed and count_changed
  ---
  duration_ms: 0.9733
  ...
# Subtest: diffTextMultiset stays exact — one extra occurrence is drift, not noise
ok 2823 - diffTextMultiset stays exact — one extra occurrence is drift, not noise
  ---
  duration_ms: 0.7966
  ...
# Subtest: narrowMultisetToCardRoot drops only the text that sits outside the card root
ok 2824 - narrowMultisetToCardRoot drops only the text that sits outside the card root
  ---
  duration_ms: 0.5893
  ...
# Subtest: narrowMultisetToCardRoot is the identity when every text sits under the card root
ok 2825 - narrowMultisetToCardRoot is the identity when every text sits under the card root
  ---
  duration_ms: 0.8477
  ...
# Subtest: the card root narrowing changes exactly one board of the 96
ok 2826 - the card root narrowing changes exactly one board of the 96
  ---
  duration_ms: 1200.4089
  ...
# Subtest: the static gate runs all 96 card templates and names every red board
ok 2827 - the static gate runs all 96 card templates and names every red board
  ---
  duration_ms: 697.141
  ...
# Subtest: the state link closure over the 96 index stays shut
ok 2828 - the state link closure over the 96 index stays shut
  ---
  duration_ms: 585.4106
  ...
# Subtest: a drifting board reports which slot and which ledger node the text came from
ok 2829 - a drifting board reports which slot and which ledger node the text came from
  ---
  duration_ms: 327.1086
  ...
# Subtest: the CLI exits nonzero when a board is red and zero only when nothing is
ok 2830 - the CLI exits nonzero when a board is red and zero only when nothing is
  ---
  duration_ms: 0.6077
  ...
# Subtest: a broken precondition fails the gate even when no board is red
ok 2831 - a broken precondition fails the gate even when no board is red
  ---
  duration_ms: 0.2016
  ...
# Subtest: 통과한 보드는 작업이 되지 않는다
ok 2832 - 통과한 보드는 작업이 되지 않는다
  ---
  duration_ms: 40.5496
  ...
# Subtest: 한 보드의 실패 여럿은 작업 하나로 합쳐지고 코드는 무게 순으로 적힌다
ok 2833 - 한 보드의 실패 여럿은 작업 하나로 합쳐지고 코드는 무게 순으로 적힌다
  ---
  duration_ms: 1.5817
  ...
# Subtest: 키는 PAPER-<페이지>-<보드>이고 제목은 역할 이름을 앞에 붙인다
ok 2834 - 키는 PAPER-<페이지>-<보드>이고 제목은 역할 이름을 앞에 붙인다
  ---
  duration_ms: 2.0398
  ...
# Subtest: 원장에 없는 보드도 흘리지 않고 페이지 미상으로 작업이 된다
ok 2835 - 원장에 없는 보드도 흘리지 않고 페이지 미상으로 작업이 된다
  ---
  duration_ms: 1.544
  ...
# Subtest: route_missing 은 라우트표·원장·페이지 코드 지도를 files에 담는다
ok 2836 - route_missing 은 라우트표·원장·페이지 코드 지도를 files에 담는다
  ---
  duration_ms: 1.9657
  ...
# Subtest: 카드미니 실패는 대장 보드(ledger_board)의 템플릿을 files에 담는다
ok 2837 - 카드미니 실패는 대장 보드(ledger_board)의 템플릿을 files에 담는다
  ---
  duration_ms: 0.8802
  ...
# Subtest: files 는 저장소에 실재하는 경로만 남긴다
ok 2838 - files 는 저장소에 실재하는 경로만 남긴다
  ---
  duration_ms: 4.8465
  ...
# Subtest: files 는 같은 경로를 두 번 적지 않는다
ok 2839 - files 는 같은 경로를 두 번 적지 않는다
  ---
  duration_ms: 1.0081
  ...
# Subtest: 무게가 큰 실패 코드가 보드 수 많은 페이지보다 앞선다
ok 2840 - 무게가 큰 실패 코드가 보드 수 많은 페이지보다 앞선다
  ---
  duration_ms: 4.4316
  ...
# Subtest: 같은 무게에서는 보드가 많은 페이지가 먼저 온다
ok 2841 - 같은 무게에서는 보드가 많은 페이지가 먼저 온다
  ---
  duration_ms: 2.7119
  ...
# Subtest: 같은 페이지 안에서는 보드명 선두 번호가 작은 쪽이 먼저 온다
ok 2842 - 같은 페이지 안에서는 보드명 선두 번호가 작은 쪽이 먼저 온다
  ---
  duration_ms: 1.4199
  ...
# Subtest: 무게가 같으면 카드 게이트도 화면 게이트와 나란히 줄 선다
ok 2843 - 무게가 같으면 카드 게이트도 화면 게이트와 나란히 줄 선다
  ---
  duration_ms: 1.8058
  ...
# Subtest: --limit 은 정렬 뒤 앞에서 자른다
ok 2844 - --limit 은 정렬 뒤 앞에서 자른다
  ---
  duration_ms: 1.7917
  ...
# Subtest: spec 은 실패마다 한 줄을 적고 마지막에 판정 명령을 적는다
ok 2845 - spec 은 실패마다 한 줄을 적고 마지막에 판정 명령을 적는다
  ---
  duration_ms: 2.188
  ...
# Subtest: spec 은 실패의 증거를 한 줄 요약으로 남긴다
ok 2846 - spec 은 실패의 증거를 한 줄 요약으로 남긴다
  ---
  duration_ms: 0.9504
  ...
# Subtest: 카드 보드의 판정 명령은 보드 좁히기 환경변수를 쓴다
ok 2847 - 카드 보드의 판정 명령은 보드 좁히기 환경변수를 쓴다
  ---
  duration_ms: 0.7459
  ...
# Subtest: gates 는 unit 과 그 보드를 판정한 게이트를 담는다
ok 2848 - gates 는 unit 과 그 보드를 판정한 게이트를 담는다
  ---
  duration_ms: 2.5306
  ...
# Subtest: 작업마다 크기가 붙는다
ok 2849 - 작업마다 크기가 붙는다
  ---
  duration_ms: 1.1488
  ...
# Subtest: parseArgs 는 --report 를 여러 번 받는다
ok 2850 - parseArgs 는 --report 를 여러 번 받는다
  ---
  duration_ms: 0.4414
  ...
# Subtest: parseArgs 는 값 없는 플래그를 오류로 거절한다
ok 2851 - parseArgs 는 값 없는 플래그를 오류로 거절한다
  ---
  duration_ms: 0.1789
  ...
# Subtest: parseArgs 는 --limit 이 정수가 아니면 거절한다
ok 2852 - parseArgs 는 --limit 이 정수가 아니면 거절한다
  ---
  duration_ms: 0.3064
  ...
# Subtest: parseArgs 는 오타난 인자를 조용히 무시하지 않는다
ok 2853 - parseArgs 는 오타난 인자를 조용히 무시하지 않는다
  ---
  duration_ms: 0.1735
  ...
# Subtest: parseArgs 는 --report 가 하나도 없으면 거절한다
ok 2854 - parseArgs 는 --report 가 하나도 없으면 거절한다
  ---
  duration_ms: 0.1698
  ...
# Subtest: paper ledger manifest satisfies all six invariants
ok 2855 - paper ledger manifest satisfies all six invariants
  ---
  duration_ms: 557.6894
  ...
# Subtest: every role in the manifest comes from the closed vocabulary
ok 2856 - every role in the manifest comes from the closed vocabulary
  ---
  duration_ms: 1.6967
  ...
# Subtest: I1 catches a board count that drifts away from 444
ok 2857 - I1 catches a board count that drifts away from 444
  ---
  duration_ms: 465.0841
  ...
# Subtest: I2 catches a page whose declared count no longer matches its boards
ok 2858 - I2 catches a page whose declared count no longer matches its boards
  ---
  duration_ms: 425.9561
  ...
# Subtest: I3 catches card_template drifting from card-surface-templates/index.json
ok 2859 - I3 catches card_template drifting from card-surface-templates/index.json
  ---
  duration_ms: 329.7392
  ...
# Subtest: I4 refuses a retired board that carries no reason
ok 2860 - I4 refuses a retired board that carries no reason
  ---
  duration_ms: 282.1965
  ...
# Subtest: I5 catches a manifest row whose ledger file does not exist
ok 2861 - I5 catches a manifest row whose ledger file does not exist
  ---
  duration_ms: 291.531
  ...
# Subtest: an unknown role is rejected instead of silently passing
ok 2862 - an unknown role is rejected instead of silently passing
  ---
  duration_ms: 284.874
  ...
# Subtest: the 8-1 graph boards stay on page 8-1 and remain implementation targets
ok 2863 - the 8-1 graph boards stay on page 8-1 and remain implementation targets
  ---
  duration_ms: 1.4609
  ...
# Subtest: I6 accepts both newline conventions the extractor actually used
ok 2864 - I6 accepts both newline conventions the extractor actually used
  ---
  duration_ms: 8.5313
  ...
# Subtest: I6 catches a tree summary whose hash no longer reproduces from the file
ok 2865 - I6 catches a tree summary whose hash no longer reproduces from the file
  ---
  duration_ms: 5.3249
  ...
# Subtest: I6 refuses a tree summary stored with CRLF line endings
ok 2866 - I6 refuses a tree summary stored with CRLF line endings
  ---
  duration_ms: 9.6544
  ...
# Subtest: I5 catches a ledger file that no manifest row claims
ok 2867 - I5 catches a ledger file that no manifest row claims
  ---
  duration_ms: 5.9652
  ...
# Subtest: the CLI reports failures on stderr semantics and exits nonzero
ok 2868 - the CLI reports failures on stderr semantics and exits nonzero
  ---
  duration_ms: 0.4967
  ...
# Subtest: paperMiniRows takes Body cells and reads the first text as the label
ok 2869 - paperMiniRows takes Body cells and reads the first text as the label
  ---
  duration_ms: 5.7247
  ...
# Subtest: paperMiniRows skips the table header — 미니 카드에는 표 머리글 개념이 없다
ok 2870 - paperMiniRows skips the table header — 미니 카드에는 표 머리글 개념이 없다
  ---
  duration_ms: 0.632
  ...
# Subtest: paperMiniRows keeps a single-text cell as a value with no label
ok 2871 - paperMiniRows keeps a single-text cell as a value with no label
  ---
  duration_ms: 2.4515
  ...
# Subtest: paperMiniRows returns nothing when the board has no Body frame
ok 2872 - paperMiniRows returns nothing when the board has no Body frame
  ---
  duration_ms: 0.51
  ...
# Subtest: classifyValue calls an exact ledger value backed
ok 2873 - classifyValue calls an exact ledger value backed
  ---
  duration_ms: 0.6067
  ...
# Subtest: classifyValue calls a containment pair a form deviation — 같은 데이터의 표기 차
ok 2874 - classifyValue calls a containment pair a form deviation — 같은 데이터의 표기 차
  ---
  duration_ms: 0.2046
  ...
# Subtest: classifyValue calls a value backed by the same board slot ledger_stale
ok 2875 - classifyValue calls a value backed by the same board slot ledger_stale
  ---
  duration_ms: 0.3429
  ...
# Subtest: classifyValue calls a value that only another board carries paper_cross_board
ok 2876 - classifyValue calls a value that only another board carries paper_cross_board
  ---
  duration_ms: 0.2837
  ...
# Subtest: classifyValue calls a value no board carries unbacked
ok 2877 - classifyValue calls a value no board carries unbacked
  ---
  duration_ms: 0.4223
  ...
# Subtest: classifyValue never calls a one-character value cross-board — 한 글자는 어디에나 있다
ok 2878 - classifyValue never calls a one-character value cross-board — 한 글자는 어디에나 있다
  ---
  duration_ms: 0.5997
  ...
# Subtest: compareMiniCard reports the divergent rows and the ledger elements Paper never draws
ok 2879 - compareMiniCard reports the divergent rows and the ledger elements Paper never draws
  ---
  duration_ms: 0.8955
  ...
# Subtest: compareMiniCard calls a board matched only when nothing is left over on either side
ok 2880 - compareMiniCard calls a board matched only when nothing is left over on either side
  ---
  duration_ms: 0.272
  ...
# Subtest: parseNoteAnnotation reads the four labelled lines and keeps the fold count with its unit
ok 2881 - parseNoteAnnotation reads the four labelled lines and keeps the fold count with its unit
  ---
  duration_ms: 0.4309
  ...
# Subtest: compareMiniNote passes when the annotation says what the ledger says
ok 2882 - compareMiniNote passes when the annotation says what the ledger says
  ---
  duration_ms: 0.5238
  ...
# Subtest: compareMiniNote reports each field that drifted, fold count and unit included
ok 2883 - compareMiniNote reports each field that drifted, fold count and unit included
  ---
  duration_ms: 0.2609
  ...
# Subtest: templateGrammarOf reads the grammar out of the board name
ok 2884 - templateGrammarOf reads the grammar out of the board name
  ---
  duration_ms: 0.1814
  ...
# Subtest: templateGrammarOf resolves an exemplar board name through the ledger
ok 2885 - templateGrammarOf resolves an exemplar board name through the ledger
  ---
  duration_ms: 0.146
  ...
# Subtest: grammarCoverage names the grammars no template board draws
ok 2886 - grammarCoverage names the grammars no template board draws
  ---
  duration_ms: 0.6133
  ...
# Subtest: grammarCoverage is ok exactly when all ten grammars are drawn
ok 2887 - grammarCoverage is ok exactly when all ten grammars are drawn
  ---
  duration_ms: 0.2182
  ...
# Subtest: MINI_GRAMMARS matches build_kiumi_registry.py GRAMMARS and MINI_FAILURE_CODES is closed
ok 2888 - MINI_GRAMMARS matches build_kiumi_registry.py GRAMMARS and MINI_FAILURE_CODES is closed
  ---
  duration_ms: 0.405
  ...
# Subtest: templateEnvelopeSpec turns a template board into a fixed kiumi spec the runtime accepts
ok 2889 - templateEnvelopeSpec turns a template board into a fixed kiumi spec the runtime accepts
  ---
  duration_ms: 0.6985
  ...
# Subtest: templateEnvelopeSpec caps elements at the five the ledger never exceeds
ok 2890 - templateEnvelopeSpec caps elements at the five the ledger never exceeds
  ---
  duration_ms: 0.3652
  ...
# Subtest: mergeStaticLayer keeps the template layer a previous run wrote
ok 2891 - mergeStaticLayer keeps the template layer a previous run wrote
  ---
  duration_ms: 1.1235
  ...
# Subtest: mergeTemplateLayer keeps the board verdicts the static layer wrote
ok 2892 - mergeTemplateLayer keeps the board verdicts the static layer wrote
  ---
  duration_ms: 0.2817
  ...
# Subtest: the runtime grammar coverage wins over the static one — 이름이 덮는 것과 그려지는 것은 다르다
ok 2893 - the runtime grammar coverage wins over the static one — 이름이 덮는 것과 그려지는 것은 다르다
  ---
  duration_ms: 1.0594
  ...
# Subtest: a template rerun replaces its own gate failures and nothing else
ok 2894 - a template rerun replaces its own gate failures and nothing else
  ---
  duration_ms: 0.4578
  ...
# Subtest: a file written by an older schema is not trusted as a base
ok 2895 - a file written by an older schema is not trusted as a base
  ---
  duration_ms: 0.2543
  ...
# Subtest: compareBaseline puts the evidence counts next to what we measured
ok 2896 - compareBaseline puts the evidence counts next to what we measured
  ---
  duration_ms: 30.0003
  ...
# Subtest: compareBaseline records the delta instead of hiding it
ok 2897 - compareBaseline records the delta instead of hiding it
  ---
  duration_ms: 4.5464
  ...
# Subtest: formatCliReport passes only when no board diverged and no gate failure stands
ok 2898 - formatCliReport passes only when no board diverged and no gate failure stands
  ---
  duration_ms: 0.7894
  ...
# Subtest: formatCliReport fails on a divergent board and says the ledger stays untouched
ok 2899 - formatCliReport fails on a divergent board and says the ledger stays untouched
  ---
  duration_ms: 0.5889
  ...
# Subtest: formatCliReport fails on a gate failure even when every board is clean
ok 2900 - formatCliReport fails on a gate failure even when every board is clean
  ---
  duration_ms: 0.2702
  ...
# Subtest: the gate judges all 192 H-1 mini boards against the 96-row ledger
ok 2901 - the gate judges all 192 H-1 mini boards against the 96-row ledger
  ---
  duration_ms: 796.5045
  ...
# Subtest: every mini board finds its ledger row by name — 주석의 board_id 오기와 무관하다
ok 2902 - every mini board finds its ledger row by name — 주석의 board_id 오기와 무관하다
  ---
  duration_ms: 0.4301
  ...
# Subtest: the totals are the counted failures, not a separate tally
ok 2903 - the totals are the counted failures, not a separate tally
  ---
  duration_ms: 0.6365
  ...
# Subtest: the eleven template boards cover the ten grammars by name
ok 2904 - the eleven template boards cover the ten grammars by name
  ---
  duration_ms: 0.9854
  ...
# Subtest: the gate reports the divergence instead of touching the ledger
ok 2905 - the gate reports the divergence instead of touching the ledger
  ---
  duration_ms: 0.6345
  ...
# Subtest: E1 drops bare numbers, currency and change readings
ok 2906 - E1 drops bare numbers, currency and change readings
  ---
  duration_ms: 28.968
  ...
# Subtest: E1 keeps a label that merely contains digits inside a word
ok 2907 - E1 keeps a label that merely contains digits inside a word
  ---
  duration_ms: 0.5951
  ...
# Subtest: E2 drops clock times, dates and compact date stamps
ok 2908 - E2 drops clock times, dates and compact date stamps
  ---
  duration_ms: 0.296
  ...
# Subtest: E3 drops ticker codes, account numbers and version hashes
ok 2909 - E3 drops ticker codes, account numbers and version hashes
  ---
  duration_ms: 0.2116
  ...
# Subtest: E4 drops progress counters
ok 2910 - E4 drops progress counters
  ---
  duration_ms: 0.4562
  ...
# Subtest: E5 drops a composite data line carrying two or more numeric tokens
ok 2911 - E5 drops a composite data line carrying two or more numeric tokens
  ---
  duration_ms: 0.3384
  ...
# Subtest: E6 drops a text that some card slot binds as a data value
ok 2912 - E6 drops a text that some card slot binds as a data value
  ---
  duration_ms: 0.3057
  ...
# Subtest: E7 drops single-glyph marks, including the ones the design list missed
ok 2913 - E7 drops single-glyph marks, including the ones the design list missed
  ---
  duration_ms: 0.2579
  ...
# Subtest: E8 defers a label welded to a data token instead of dropping it
ok 2914 - E8 defers a label welded to a data token instead of dropping it
  ---
  duration_ms: 0.5412
  ...
# Subtest: E5 and E8 count clock times and dates as data tokens too
ok 2915 - E5 and E8 count clock times and dates as data tokens too
  ---
  duration_ms: 0.7163
  ...
# Subtest: E1~E7 are hard so the route table lint can reject them outright
ok 2916 - E1~E7 are hard so the route table lint can reject them outright
  ---
  duration_ms: 0.2845
  ...
# Subtest: a numeric token with an unlisted unit stays a full candidate
ok 2917 - a numeric token with an unlisted unit stays a full candidate
  ---
  duration_ms: 0.1488
  ...
# Subtest: promotedFrame recognises the label-bearing frame names
ok 2918 - promotedFrame recognises the label-bearing frame names
  ---
  duration_ms: 0.6951
  ...
# Subtest: boardPhrases keeps user-facing labels, dedupes them and counts repeats
ok 2919 - boardPhrases keeps user-facing labels, dedupes them and counts repeats
  ---
  duration_ms: 2.1054
  ...
# Subtest: boardPhrases ranks promoted frames first and keeps Paper order within a tier
ok 2920 - boardPhrases ranks promoted frames first and keeps Paper order within a tier
  ---
  duration_ms: 0.3545
  ...
# Subtest: boardPhrases parks E8 hits in deferred and counts the hard drops by rule
ok 2921 - boardPhrases parks E8 hits in deferred and counts the hard drops by rule
  ---
  duration_ms: 0.4916
  ...
# Subtest: the committed generated file is what the generator produces right now
ok 2922 - the committed generated file is what the generator produces right now
  ---
  duration_ms: 335.0253
  ...
# Subtest: the generated index covers every screen board the manifest declares
ok 2923 - the generated index covers every screen board the manifest declares
  ---
  duration_ms: 7.1608
  ...
# Subtest: no generated candidate breaks a hard rule
ok 2924 - no generated candidate breaks a hard rule
  ---
  duration_ms: 199.394
  ...
# Subtest: a table whose every reference is real passes
ok 2925 - a table whose every reference is real passes
  ---
  duration_ms: 26.4044
  ...
# Subtest: rule 1 rejects a DOM id the markup does not have
ok 2926 - rule 1 rejects a DOM id the markup does not have
  ---
  duration_ms: 1.2311
  ...
# Subtest: rule 1 reads the structure selectors too, not only root
ok 2927 - rule 1 reads the structure selectors too, not only root
  ---
  duration_ms: 1.0659
  ...
# Subtest: rule 2 rejects an IPC channel neither preload nor main registers
ok 2928 - rule 2 rejects an IPC channel neither preload nor main registers
  ---
  duration_ms: 0.3254
  ...
# Subtest: rule 3 rejects a board the manifest does not call a screen
ok 2929 - rule 3 rejects a board the manifest does not call a screen
  ---
  duration_ms: 0.2585
  ...
# Subtest: rule 3 rejects the same board twice
ok 2930 - rule 3 rejects the same board twice
  ---
  duration_ms: 0.2402
  ...
# Subtest: rule 4 rejects a phrase Paper never drew — the authoring typo
ok 2931 - rule 4 rejects a phrase Paper never drew — the authoring typo
  ---
  duration_ms: 0.2321
  ...
# Subtest: rule 5 rejects a data value even when Paper really draws it
ok 2932 - rule 5 rejects a data value even when Paper really draws it
  ---
  duration_ms: 0.3985
  ...
# Subtest: rule 6 rejects an eval escape hatch with no why
ok 2933 - rule 6 rejects an eval escape hatch with no why
  ---
  duration_ms: 0.5597
  ...
# Subtest: the shipped route table is fresh against the real app and ledger
ok 2934 - the shipped route table is fresh against the real app and ledger
  ---
  duration_ms: 294.1539
  ...
# Subtest: every route targets a distinct board the manifest calls a screen
ok 2935 - every route targets a distinct board the manifest calls a screen
  ---
  duration_ms: 1.7436
  ...
# Subtest: every route renders in a window the app actually has
ok 2936 - every route renders in a window the app actually has
  ---
  duration_ms: 0.4047
  ...
# Subtest: a route that lives in the boot window holds the sequence at one stage
ok 2937 - a route that lives in the boot window holds the sequence at one stage
  ---
  duration_ms: 2.8539
  ...
# Subtest: every reach step uses a declared verb and carries exactly its declared arguments
ok 2938 - every reach step uses a declared verb and carries exactly its declared arguments
  ---
  duration_ms: 3.0971
  ...
# Subtest: the only eval escape hatches are the onboarding ones, and each says why
ok 2939 - the only eval escape hatches are the onboarding ones, and each says why
  ---
  duration_ms: 0.6674
  ...
# Subtest: every mode step names a mode the shell can actually switch to
ok 2940 - every mode step names a mode the shell can actually switch to
  ---
  duration_ms: 0.3275
  ...
# Subtest: every DOM id literal in a route exists in shell.html or orb.html
ok 2941 - every DOM id literal in a route exists in shell.html or orb.html
  ---
  duration_ms: 2.1981
  ...
# Subtest: the data attributes the reach steps click are the ones the app writes
ok 2942 - the data attributes the reach steps click are the ones the app writes
  ---
  duration_ms: 3.7369
  ...
# Subtest: every phrase is a text Paper really draws on that board
ok 2943 - every phrase is a text Paper really draws on that board
  ---
  duration_ms: 62.8949
  ...
# Subtest: every phrase survived the generator, so none of them is a data value
ok 2944 - every phrase survived the generator, so none of them is a data value
  ---
  duration_ms: 1.5673
  ...
# Subtest: the only routes under three phrases are the ones Paper drew with two texts
ok 2945 - the only routes under three phrases are the ones Paper drew with two texts
  ---
  duration_ms: 1
  ...
# Subtest: the empty canvas draws one mode variant at a time
ok 2946 - the empty canvas draws one mode variant at a time
  ---
  duration_ms: 4.052
  ...
# Subtest: the history board names runs in a way the app never writes
ok 2947 - the history board names runs in a way the app never writes
  ---
  duration_ms: 4.1436
  ...
# Subtest: the entity board writes its annotations in a way the app never draws
ok 2948 - the entity board writes its annotations in a way the app never draws
  ---
  duration_ms: 1.3833
  ...
# Subtest: each route carries 3 to 7 phrases
ok 2949 - each route carries 3 to 7 phrases
  ---
  duration_ms: 0.3942
  ...
# Subtest: every structure check uses one of the three allowed shapes
ok 2950 - every structure check uses one of the three allowed shapes
  ---
  duration_ms: 0.4688
  ...
# Subtest: a route whose phrases and counts are all there has no failures
ok 2951 - a route whose phrases and counts are all there has no failures
  ---
  duration_ms: 7.1875
  ...
# Subtest: phrases split across elements still match — the join is whitespace-normalized
ok 2952 - phrases split across elements still match — the join is whitespace-normalized
  ---
  duration_ms: 0.2667
  ...
# Subtest: a missing phrase names exactly the phrases that are gone
ok 2953 - a missing phrase names exactly the phrases that are gone
  ---
  duration_ms: 0.4469
  ...
# Subtest: a reach step that threw is reported as reach_failed and nothing else
ok 2954 - a reach step that threw is reported as reach_failed and nothing else
  ---
  duration_ms: 0.3499
  ...
# Subtest: an invisible root is its own code — counting phrases under it would be a lie
ok 2955 - an invisible root is its own code — counting phrases under it would be a lie
  ---
  duration_ms: 0.238
  ...
# Subtest: a count that does not match names both numbers
ok 2956 - a count that does not match names both numbers
  ---
  duration_ms: 0.2874
  ...
# Subtest: an absent check expects zero and fails when the app draws it anyway
ok 2957 - an absent check expects zero and fails when the app draws it anyway
  ---
  duration_ms: 0.4069
  ...
# Subtest: an order check compares the sequence, not the count
ok 2958 - an order check compares the sequence, not the count
  ---
  duration_ms: 0.2606
  ...
# Subtest: a screen board with no route is a failure, not a skip
ok 2959 - a screen board with no route is a failure, not a skip
  ---
  duration_ms: 0.5365
  ...
# Subtest: every code this module emits is in the closed set §6.4 reads
ok 2960 - every code this module emits is in the closed set §6.4 reads
  ---
  duration_ms: 0.8881
  ...
# Subtest: contract sentences keep the prose and drop the table cells
ok 2961 - contract sentences keep the prose and drop the table cells
  ---
  duration_ms: 0.4504
  ...
# Subtest: a contract sentence the docs never copied is contract_undocumented
ok 2962 - a contract sentence the docs never copied is contract_undocumented
  ---
  duration_ms: 0.2642
  ...
# Subtest: a contract board the docs already carry passes
ok 2963 - a contract board the docs already carry passes
  ---
  duration_ms: 0.1052
  ...
# Subtest: a contract board with no sentence fails instead of passing on nothing
ok 2964 - a contract board with no sentence fails instead of passing on nothing
  ---
  duration_ms: 0.071
  ...
# Subtest: a board outside the lock may fail — that is the unimplemented backlog, not a regression
ok 2965 - a board outside the lock may fail — that is the unimplemented backlog, not a regression
  ---
  duration_ms: 0.2971
  ...
# Subtest: a locked board that breaks is exit 1
ok 2966 - a locked board that breaks is exit 1
  ---
  duration_ms: 0.1515
  ...
# Subtest: a newly passing board is a warning, not a failure
ok 2967 - a newly passing board is a warning, not a failure
  ---
  duration_ms: 0.1672
  ...
# Subtest: a full run that never saw a locked board is exit 1 — the lock silently vanished
ok 2968 - a full run that never saw a locked board is exit 1 — the lock silently vanished
  ---
  duration_ms: 0.156
  ...
# Subtest: a partial run does not call the boards it skipped missing
ok 2969 - a partial run does not call the boards it skipped missing
  ---
  duration_ms: 0.1377
  ...
# Subtest: bless grows the lock and keeps the shrink log untouched
ok 2970 - bless grows the lock and keeps the shrink log untouched
  ---
  duration_ms: 1.2449
  ...
# Subtest: bless refuses to shrink the lock on its own
ok 2971 - bless refuses to shrink the lock on its own
  ---
  duration_ms: 1.6248
  ...
# Subtest: shrinking without a reason is refused even with --allow-shrink
ok 2972 - shrinking without a reason is refused even with --allow-shrink
  ---
  duration_ms: 0.2015
  ...
# Subtest: a reasoned shrink is allowed and leaves the reason behind
ok 2973 - a reasoned shrink is allowed and leaves the reason behind
  ---
  duration_ms: 0.203
  ...
# Subtest: the CLI lists the boards that need work but not the 96 unwritten routes
ok 2974 - the CLI lists the boards that need work but not the 96 unwritten routes
  ---
  duration_ms: 0.4676
  ...
# Subtest: a run the ratchet let through does not get a green stamp while boards are red
ok 2975 - a run the ratchet let through does not get a green stamp while boards are red
  ---
  duration_ms: 0.215
  ...
# Subtest: the success marker appears only when nothing is red
ok 2976 - the success marker appears only when nothing is red
  ---
  duration_ms: 0.157
  ...
# Subtest: a regression prints why it blocks and drops the success marker
ok 2977 - a regression prints why it blocks and drops the success marker
  ---
  duration_ms: 0.1714
  ...
# Subtest: 허브는 설치됨·추천 두 구역과 검색을 Paper 03대로 렌더한다
ok 2978 - 허브는 설치됨·추천 두 구역과 검색을 Paper 03대로 렌더한다
  ---
  duration_ms: 8.0459
  ...
# Subtest: 설치됨 카드는 권한, 추천 카드는 설치 버튼을 쓴다
ok 2979 - 설치됨 카드는 권한, 추천 카드는 설치 버튼을 쓴다
  ---
  duration_ms: 1.0431
  ...
# Subtest: 검색은 설치·추천 카드의 이름/설명을 함께 필터링한다
ok 2980 - 검색은 설치·추천 카드의 이름/설명을 함께 필터링한다
  ---
  duration_ms: 1.3805
  ...
# Subtest: 빈 상태 문구는 검색 결과 없음과 아직 없음을 구분한다
ok 2981 - 빈 상태 문구는 검색 결과 없음과 아직 없음을 구분한다
  ---
  duration_ms: 0.8551
  ...
# Subtest: 권한 버튼은 의도 콜백을 알리고 Paper 01 기능 허용 화면을 연다
ok 2982 - 권한 버튼은 의도 콜백을 알리고 Paper 01 기능 허용 화면을 연다
  ---
  duration_ms: 2.1294
  ...
# Subtest: 기능 허용 화면 토글은 저장 전 초안이며 돌아가면 기존 허용 상태를 보존한다
ok 2983 - 기능 허용 화면 토글은 저장 전 초안이며 돌아가면 기존 허용 상태를 보존한다
  ---
  duration_ms: 2.6885
  ...
# Subtest: 선택 저장은 바뀐 것만 제안으로 만든다(켤 것·끌 것)
ok 2984 - 선택 저장은 바뀐 것만 제안으로 만든다(켤 것·끌 것)
  ---
  duration_ms: 1.3892
  ...
# Subtest: 바뀐 것이 없으면 저장은 제안을 만들지 않는다
ok 2985 - 바뀐 것이 없으면 저장은 제안을 만들지 않는다
  ---
  duration_ms: 1.0411
  ...
# Subtest: 권한 화면은 목록을 권한 초안이라 부르고 확정 지점을 밝힌다
ok 2986 - 권한 화면은 목록을 권한 초안이라 부르고 확정 지점을 밝힌다
  ---
  duration_ms: 1.9879
  ...
# Subtest: probe 실패는 기능 허용 화면에 이유와 다시 확인을 띄운다
ok 2987 - probe 실패는 기능 허용 화면에 이유와 다시 확인을 띄운다
  ---
  duration_ms: 2.1903
  ...
# Subtest: 추천 설치는 Paper 02 승인 시트를 열고 거부하면 아무 일도 하지 않는다
ok 2988 - 추천 설치는 Paper 02 승인 시트를 열고 거부하면 아무 일도 하지 않는다
  ---
  duration_ms: 1.7012
  ...
# Subtest: 설치 시트의 승인은 제안을 만들 뿐 목록을 건드리지 않는다
ok 2989 - 설치 시트의 승인은 제안을 만들 뿐 목록을 건드리지 않는다
  ---
  duration_ms: 15.26
  ...
# Subtest: 제안 경로가 연결되지 않은 호스트에서도 설치 시트는 아무것도 설치하지 않는다
ok 2990 - 제안 경로가 연결되지 않은 호스트에서도 설치 시트는 아무것도 설치하지 않는다
  ---
  duration_ms: 3.5883
  ...
# Subtest: 관리 버튼은 콜백 후 Paper 04 관리 화면으로 전환한다
ok 2991 - 관리 버튼은 콜백 후 Paper 04 관리 화면으로 전환한다
  ---
  duration_ms: 1.7027
  ...
# Subtest: 관리 화면은 플러그인·기능·마켓플레이스 집계와 토글 상태를 표시한다
ok 2992 - 관리 화면은 플러그인·기능·마켓플레이스 집계와 토글 상태를 표시한다
  ---
  duration_ms: 0.4822
  ...
# Subtest: 플러그인 토글은 제안만 만들고 행은 승인 전까지 움직이지 않는다
ok 2993 - 플러그인 토글은 제안만 만들고 행은 승인 전까지 움직이지 않는다
  ---
  duration_ms: 0.7905
  ...
# Subtest: 마켓플레이스 토글은 호스트가 성공을 돌려준 뒤에 움직이고 실패는 같은 행에 붙는다
ok 2994 - 마켓플레이스 토글은 호스트가 성공을 돌려준 뒤에 움직이고 실패는 같은 행에 붙는다
  ---
  duration_ms: 4.3779
  ...
# Subtest: 관리 화면의 감사 로그는 시각·플러그인·기능·성공 여부만 보여준다
ok 2995 - 관리 화면의 감사 로그는 시각·플러그인·기능·성공 여부만 보여준다
  ---
  duration_ms: 4.3273
  ...
# Subtest: 감사 로그를 읽지 못하면 이유와 다시 확인을 남기고, 누르면 다시 읽는다
ok 2996 - 감사 로그를 읽지 못하면 이유와 다시 확인을 남기고, 누르면 다시 읽는다
  ---
  duration_ms: 14.2066
  ...
# Subtest: 감사 로그 조회는 한 번에 하나만 나가고 관리 뷰로 다시 들어오면 새로 읽는다
ok 2997 - 감사 로그 조회는 한 번에 하나만 나가고 관리 뷰로 다시 들어오면 새로 읽는다
  ---
  duration_ms: 33.2574
  ...
# Subtest: 관리 화면의 직접 등록은 허브와 같은 서버 추가 시트를 재사용한다
ok 2998 - 관리 화면의 직접 등록은 허브와 같은 서버 추가 시트를 재사용한다
  ---
  duration_ms: 1.612
  ...
# Subtest: 관리 행은 스위치·삭제 옆에 승인이 확정 지점임을 적는다
ok 2999 - 관리 행은 스위치·삭제 옆에 승인이 확정 지점임을 적는다
  ---
  duration_ms: 0.4212
  ...
# Subtest: 삭제는 제안 경로가 있을 때만 나오고 확인 시트가 제안을 만든다
ok 3000 - 삭제는 제안 경로가 있을 때만 나오고 확인 시트가 제안을 만든다
  ---
  duration_ms: 7.0768
  ...
# Subtest: 서버 직접 등록은 붙여넣은 스니펫을 그대로 제안으로 만든다
ok 3001 - 서버 직접 등록은 붙여넣은 스니펫을 그대로 제안으로 만든다
  ---
  duration_ms: 2.6998
  ...
# Subtest: 호출자가 전달한 목록과 집계값을 그대로 사용하며 원본 객체는 변경하지 않는다
ok 3002 - 호출자가 전달한 목록과 집계값을 그대로 사용하며 원본 객체는 변경하지 않는다
  ---
  duration_ms: 0.5202
  ...
# Subtest: 서버 추가 시트가 열려 있는 동안 목록 갱신이 와도 터지지 않는다
ok 3003 - 서버 추가 시트가 열려 있는 동안 목록 갱신이 와도 터지지 않는다
  ---
  duration_ms: 0.7512
  ...
# Subtest: 설치는 단일 모달이고 기능 허용은 배경을 막지 않는 단일 상세 화면이다
ok 3004 - 설치는 단일 모달이고 기능 허용은 배경을 막지 않는 단일 상세 화면이다
  ---
  duration_ms: 1.8639
  ...
# Subtest: 모델 제안은 출처 라벨 아테나 제안으로, GUI 제안은 내 요청으로 그린다
ok 3005 - 모델 제안은 출처 라벨 아테나 제안으로, GUI 제안은 내 요청으로 그린다
  ---
  duration_ms: 2.036
  ...
# Subtest: 승인 카드 구역은 앱 재시작 경계 문구를 한 번만 단다
ok 3006 - 승인 카드 구역은 앱 재시작 경계 문구를 한 번만 단다
  ---
  duration_ms: 0.5529
  ...
# Subtest: 카드는 제안 대기 → 처리됨 3상태를 가진다
ok 3007 - 카드는 제안 대기 → 처리됨 3상태를 가진다
  ---
  duration_ms: 2.9688
  ...
# Subtest: 거부는 카드를 잠그고 승인 경로를 부르지 않는다
ok 3008 - 거부는 카드를 잠그고 승인 경로를 부르지 않는다
  ---
  duration_ms: 1.4748
  ...
# Subtest: 처리된 카드는 제안 문구 대신 결과 문구를 쓴다
ok 3009 - 처리된 카드는 제안 문구 대신 결과 문구를 쓴다
  ---
  duration_ms: 2.2188
  ...
# Subtest: 실패한 카드는 사유 한 줄을 쓴다
ok 3010 - 실패한 카드는 사유 한 줄을 쓴다
  ---
  duration_ms: 2.7279
  ...
# Subtest: 판번호가 어긋난 카드는 만료됨이고 승인이 비활성이며 다시 제안받기를 준다
ok 3011 - 판번호가 어긋난 카드는 만료됨이고 승인이 비활성이며 다시 제안받기를 준다
  ---
  duration_ms: 1.0876
  ...
# Subtest: 승인 직전에 만료로 밝혀진 카드도 다시 제안받기를 준다
ok 3012 - 승인 직전에 만료로 밝혀진 카드도 다시 제안받기를 준다
  ---
  duration_ms: 14.7058
  ...
# Subtest: 판번호를 모르는 봉투는 만료로 몰지 않는다
ok 3013 - 판번호를 모르는 봉투는 만료로 몰지 않는다
  ---
  duration_ms: 0.5333
  ...
# Subtest: 사람이 치운 제안은 복원으로 되살아나지 않는다
ok 3014 - 사람이 치운 제안은 복원으로 되살아나지 않는다
  ---
  duration_ms: 0.4885
  ...
# Subtest: 같은 봉투를 그대로 다시 넣으면 처리된 카드가 그대로 남는다
ok 3015 - 같은 봉투를 그대로 다시 넣으면 처리된 카드가 그대로 남는다
  ---
  duration_ms: 2.1195
  ...
# Subtest: 실패한 카드는 같은 번호가 다시 등록되면 대기로 돌아간다
ok 3016 - 실패한 카드는 같은 번호가 다시 등록되면 대기로 돌아간다
  ---
  duration_ms: 10.9124
  ...
# Subtest: 승인 카드의 버튼은 전부 키보드로 닿는 실제 버튼이다
ok 3017 - 승인 카드의 버튼은 전부 키보드로 닿는 실제 버튼이다
  ---
  duration_ms: 0.5866
  ...
# Subtest: 이 모듈은 스스로 제안을 만들지 않는다 — 넣지 않으면 카드가 없다
ok 3018 - 이 모듈은 스스로 제안을 만들지 않는다 — 넣지 않으면 카드가 없다
  ---
  duration_ms: 0.2681
  ...
# Subtest: plugin-canvas.js는 window.athena를 한 번도 부르지 않는다
ok 3019 - plugin-canvas.js는 window.athena를 한 번도 부르지 않는다
  ---
  duration_ms: 1.1775
  ...
# Subtest: 모드를 나갔다 와도 저장 전 토글이 남는다
ok 3020 - 모드를 나갔다 와도 저장 전 토글이 남는다
  ---
  duration_ms: 1.3948
  ...
# Subtest: 초안과 실제가 갈리면 무엇이 달라졌는지 알리고 두 갈래를 준다
ok 3021 - 초안과 실제가 갈리면 무엇이 달라졌는지 알리고 두 갈래를 준다
  ---
  duration_ms: 1.1525
  ...
# Subtest: 목록 갱신이 도착해도 열려 있는 권한 초안은 살아남는다
ok 3022 - 목록 갱신이 도착해도 열려 있는 권한 초안은 살아남는다
  ---
  duration_ms: 1.4533
  ...
# Subtest: 제안 구역은 카드가 있을 때만 비영속 한 줄을 남긴다
ok 3023 - 제안 구역은 카드가 있을 때만 비영속 한 줄을 남긴다
  ---
  duration_ms: 0.3282
  ...
# Subtest: 설치 시트는 부제를 달지 않는다 — 묶음 승인이 가능해 개수를 말할 수 없다
ok 3024 - 설치 시트는 부제를 달지 않는다 — 묶음 승인이 가능해 개수를 말할 수 없다
  ---
  duration_ms: 0.4966
  ...
# Subtest: 카탈로그는 등록 가능한 스펙만 담는다
ok 3025 - 카탈로그는 등록 가능한 스펙만 담는다
  ---
  duration_ms: 1.6195
  ...
# Subtest: 도구의 정규화 이름이 MCP 64자 한계를 넘지 않는다
ok 3026 - 도구의 정규화 이름이 MCP 64자 한계를 넘지 않는다
  ---
  duration_ms: 0.246
  ...
# Subtest: 마켓플레이스는 카탈로그 항목이 가리키는 것만 있다
ok 3027 - 마켓플레이스는 카탈로그 항목이 가리키는 것만 있다
  ---
  duration_ms: 0.2998
  ...
# Subtest: 추천은 이미 등록된 별칭을 뺀다
ok 3028 - 추천은 이미 등록된 별칭을 뺀다
  ---
  duration_ms: 0.459
  ...
# Subtest: 꺼진 마켓플레이스의 항목은 추천에 나오지 않는다
ok 3029 - 꺼진 마켓플레이스의 항목은 추천에 나오지 않는다
  ---
  duration_ms: 3.2376
  ...
# Subtest: 추천 항목은 원본을 복사해 돌려준다
ok 3030 - 추천 항목은 원본을 복사해 돌려준다
  ---
  duration_ms: 0.4046
  ...
# Subtest: 표시 이름은 카탈로그에 있는 별칭에만 붙는다
ok 3031 - 표시 이름은 카탈로그에 있는 별칭에만 붙는다
  ---
  duration_ms: 0.4148
  ...
# Subtest: currentMode: 플러그인 모드 라벨을 그대로 돌려준다
ok 3032 - currentMode: 플러그인 모드 라벨을 그대로 돌려준다
  ---
  duration_ms: 2.0603
  ...
# Subtest: currentMode: 다른 모드 라벨도 그대로 돌려준다(플러그인으로 뭉뚱그리지 않는다)
ok 3033 - currentMode: 다른 모드 라벨도 그대로 돌려준다(플러그인으로 뭉뚱그리지 않는다)
  ---
  duration_ms: 0.2939
  ...
# Subtest: currentMode: 첫 페인트 전(라벨 없음)에는 undefined다 — 플러그인 모드가 아니다
ok 3034 - currentMode: 첫 페인트 전(라벨 없음)에는 undefined다 — 플러그인 모드가 아니다
  ---
  duration_ms: 0.344
  ...
# Subtest: currentMode: 캔버스 영역이 아직 없으면 undefined다
ok 3035 - currentMode: 캔버스 영역이 아직 없으면 undefined다
  ---
  duration_ms: 0.2459
  ...
# Subtest: currentMode: document 자체가 없는 환경(메인 프로세스·테스트)에서도 던지지 않는다
ok 3036 - currentMode: document 자체가 없는 환경(메인 프로세스·테스트)에서도 던지지 않는다
  ---
  duration_ms: 1.3878
  ...
# Subtest: shell.html이 두 순수 모듈을 canvas.js·chat.js보다 앞에서 싣는다
ok 3037 - shell.html이 두 순수 모듈을 canvas.js·chat.js보다 앞에서 싣는다
  ---
  duration_ms: 1.618
  ...
# Subtest: 렌더러는 플러그인 변이 채널을 직접 부르지 않는다 — 실행은 승인 하나뿐이다
ok 3038 - 렌더러는 플러그인 변이 채널을 직접 부르지 않는다 — 실행은 승인 하나뿐이다
  ---
  duration_ms: 3.251
  ...
# Subtest: preload는 변이 채널을 렌더러에 열지 않는다
ok 3039 - preload는 변이 채널을 렌더러에 열지 않는다
  ---
  duration_ms: 0.8429
  ...
# Subtest: settings-cards.js에는 플러그인 카드도 변이 채널도 없다
ok 3040 - settings-cards.js에는 플러그인 카드도 변이 채널도 없다
  ---
  duration_ms: 1.9836
  ...
# Subtest: GUI 진입 6종은 onPropose로 합류한다
ok 3041 - GUI 진입 6종은 onPropose로 합류한다
  ---
  duration_ms: 1.1128
  ...
# Subtest: 모델 제안 구독과 승인 결과 방출은 canvas.js의 모듈 스코프에 있다
ok 3042 - 모델 제안 구독과 승인 결과 방출은 canvas.js의 모듈 스코프에 있다
  ---
  duration_ms: 0.6107
  ...
# Subtest: 모드 재진입 복원은 setView 래퍼가 맡는다(sidebar.js는 건드리지 않는다)
ok 3043 - 모드 재진입 복원은 setView 래퍼가 맡는다(sidebar.js는 건드리지 않는다)
  ---
  duration_ms: 1.0199
  ...
# Subtest: chat.js의 athena:plugin-result 리스너는 모듈 스코프에서 _mountTurn을 부른다
ok 3044 - chat.js의 athena:plugin-result 리스너는 모듈 스코프에서 _mountTurn을 부른다
  ---
  duration_ms: 0.6158
  ...
# Subtest: chat.js의 턴 스코프 제안 턴은 모드 게이트를 먼저 지난다
ok 3045 - chat.js의 턴 스코프 제안 턴은 모드 게이트를 먼저 지난다
  ---
  duration_ms: 0.2866
  ...
# Subtest: chat.js의 폐기 알림 억제는 턴마다 초기화된다
ok 3046 - chat.js의 폐기 알림 억제는 턴마다 초기화된다
  ---
  duration_ms: 0.615
  ...
# Subtest: canvas.js는 승인·거부 응답 뒤에도 봉투를 목록에 남긴다
ok 3047 - canvas.js는 승인·거부 응답 뒤에도 봉투를 목록에 남긴다
  ---
  duration_ms: 0.7123
  ...
# Subtest: canvas.js는 같은 번호가 다시 등록되면 앞의 카드를 뺀다
ok 3048 - canvas.js는 같은 번호가 다시 등록되면 앞의 카드를 뺀다
  ---
  duration_ms: 0.2734
  ...
# Subtest: canvas.js는 마운트 첫머리에서 봉투를 검증한다
ok 3049 - canvas.js는 마운트 첫머리에서 봉투를 검증한다
  ---
  duration_ms: 0.174
  ...
# Subtest: canvas.js는 판번호가 움직일 때 남은 카드의 만료 판정을 갱신한다
ok 3050 - canvas.js는 판번호가 움직일 때 남은 카드의 만료 판정을 갱신한다
  ---
  duration_ms: 0.2384
  ...
# Subtest: chat.js는 옛 모드 밖 문구를 쓰지 않는다
ok 3051 - chat.js는 옛 모드 밖 문구를 쓰지 않는다
  ---
  duration_ms: 0.3257
  ...
# Subtest: 액션은 6종으로 고정한다
ok 3052 - 액션은 6종으로 고정한다
  ---
  duration_ms: 2.7781
  ...
# Subtest: 모델 입력과 GUI 입력이 같은 스키마의 제안을 낸다(출처 값만 다르다)
ok 3053 - 모델 입력과 GUI 입력이 같은 스키마의 제안을 낸다(출처 값만 다르다)
  ---
  duration_ms: 2.9324
  ...
# Subtest: buildProposal: revision을 안 넘기면 null을 싣는다(키는 항상 있다)
ok 3054 - buildProposal: revision을 안 넘기면 null을 싣는다(키는 항상 있다)
  ---
  duration_ms: 0.2305
  ...
# Subtest: buildProposal: proposal_id는 제안마다 다르다
ok 3055 - buildProposal: proposal_id는 제안마다 다르다
  ---
  duration_ms: 0.146
  ...
# Subtest: buildProposal: stage_snippet의 target은 넘겨도 null로 고정된다
ok 3056 - buildProposal: stage_snippet의 target은 넘겨도 null로 고정된다
  ---
  duration_ms: 0.2363
  ...
# Subtest: buildBatchProposal: 여러 동작을 한 제안에 담는다
ok 3057 - buildBatchProposal: 여러 동작을 한 제안에 담는다
  ---
  duration_ms: 0.8633
  ...
# Subtest: validateProposal: source가 없거나 값이 틀리면 거부한다(A9)
ok 3058 - validateProposal: source가 없거나 값이 틀리면 거부한다(A9)
  ---
  duration_ms: 0.2266
  ...
# Subtest: validateProposal: revision 키가 아예 없으면 거부한다
ok 3059 - validateProposal: revision 키가 아예 없으면 거부한다
  ---
  duration_ms: 0.3441
  ...
# Subtest: validateProposal: revision null은 허용한다
ok 3060 - validateProposal: revision null은 허용한다
  ---
  duration_ms: 0.4769
  ...
# Subtest: validateProposal: stage_snippet에 target이 있으면 거부한다
ok 3061 - validateProposal: stage_snippet에 target이 있으면 거부한다
  ---
  duration_ms: 0.5129
  ...
# Subtest: validateProposal: stage_snippet에 snippet 문자열이 없으면 거부한다
ok 3062 - validateProposal: stage_snippet에 snippet 문자열이 없으면 거부한다
  ---
  duration_ms: 0.2385
  ...
# Subtest: validateProposal: actions가 비면 거부한다
ok 3063 - validateProposal: actions가 비면 거부한다
  ---
  duration_ms: 0.1196
  ...
# Subtest: validateProposal: 허용 목록 밖 액션은 거부한다
ok 3064 - validateProposal: 허용 목록 밖 액션은 거부한다
  ---
  duration_ms: 0.1102
  ...
# Subtest: validateProposal: set_enabled는 enabled 불리언을 요구한다
ok 3065 - validateProposal: set_enabled는 enabled 불리언을 요구한다
  ---
  duration_ms: 0.1424
  ...
# Subtest: validateProposal: features는 문자열 배열이어야 한다
ok 3066 - validateProposal: features는 문자열 배열이어야 한다
  ---
  duration_ms: 0.16
  ...
# Subtest: isProposalStale: 어느 한쪽이라도 모르면 만료로 몰지 않는다
ok 3067 - isProposalStale: 어느 한쪽이라도 모르면 만료로 몰지 않는다
  ---
  duration_ms: 0.1563
  ...
# Subtest: isProposalStale: 값이 같으면 유효, 다르면 만료다
ok 3068 - isProposalStale: 값이 같으면 유효, 다르면 만료다
  ---
  duration_ms: 0.086
  ...
# Subtest: cardCopy: 출처 라벨이 모델과 GUI에서 다르다(A9)
ok 3069 - cardCopy: 출처 라벨이 모델과 GUI에서 다르다(A9)
  ---
  duration_ms: 0.6123
  ...
# Subtest: cardCopy: 근거 줄은 모델이면 모델 문장, GUI면 누른 버튼 고정 문구다
ok 3070 - cardCopy: 근거 줄은 모델이면 모델 문장, GUI면 누른 버튼 고정 문구다
  ---
  duration_ms: 0.1441
  ...
# Subtest: cardCopy: GUI 근거 줄은 동작마다 다르다
ok 3071 - cardCopy: GUI 근거 줄은 동작마다 다르다
  ---
  duration_ms: 0.2818
  ...
# Subtest: cardCopy: 카드 제목은 별칭이 아니라 사람이 읽는 이름을 쓴다
ok 3072 - cardCopy: 카드 제목은 별칭이 아니라 사람이 읽는 이름을 쓴다
  ---
  duration_ms: 0.3521
  ...
# Subtest: cardCopy: 카탈로그에 없는 별칭은 이름을 지어내지 않고 그대로 쓴다
ok 3073 - cardCopy: 카탈로그에 없는 별칭은 이름을 지어내지 않고 그대로 쓴다
  ---
  duration_ms: 0.1055
  ...
# Subtest: cardCopy: 본문 줄은 제안에 실린 값만 쓴다
ok 3074 - cardCopy: 본문 줄은 제안에 실린 값만 쓴다
  ---
  duration_ms: 0.1225
  ...
# Subtest: cardCopy: install 카드 본문에 제공·용도·실행 명령·설치 위치가 실린다
ok 3075 - cardCopy: install 카드 본문에 제공·용도·실행 명령·설치 위치가 실린다
  ---
  duration_ms: 0.2068
  ...
# Subtest: cardCopy: 카탈로그에 없는 id면 그 줄을 지어내지 않는다
ok 3076 - cardCopy: 카탈로그에 없는 id면 그 줄을 지어내지 않는다
  ---
  duration_ms: 0.1696
  ...
# Subtest: cardCopy: stage_snippet은 스니펫의 command·args로 실행 명령을 만든다
ok 3077 - cardCopy: stage_snippet은 스니펫의 command·args로 실행 명령을 만든다
  ---
  duration_ms: 0.207
  ...
# Subtest: cardCopy: 모델 제안과 GUI 제안이 같은 4필드를 낸다
ok 3078 - cardCopy: 모델 제안과 GUI 제안이 같은 4필드를 낸다
  ---
  duration_ms: 0.2984
  ...
# Subtest: resultTurnCopy: 성공은 3줄이고 기능 수가 실제 값으로 들어간다
ok 3079 - resultTurnCopy: 성공은 3줄이고 기능 수가 실제 값으로 들어간다
  ---
  duration_ms: 0.2299
  ...
# Subtest: resultTurnCopy: 거부는 한 줄이다
ok 3080 - resultTurnCopy: 거부는 한 줄이다
  ---
  duration_ms: 0.0988
  ...
# Subtest: resultTurnCopy: 실패는 사유 한 줄이고, 실행이 돌았을 때만 다시 시도가 붙는다
ok 3081 - resultTurnCopy: 실패는 사유 한 줄이고, 실행이 돌았을 때만 다시 시도가 붙는다
  ---
  duration_ms: 0.1935
  ...
# Subtest: resultTurnCopy: 게이트 거부에 연결 실패를 씌우지 않고 칩도 없다
ok 3082 - resultTurnCopy: 게이트 거부에 연결 실패를 씌우지 않고 칩도 없다
  ---
  duration_ms: 0.1486
  ...
# Subtest: resultTurnCopy: 만료는 한 줄이고 칩이 없다 — 실패로 그리지 않는다
ok 3083 - resultTurnCopy: 만료는 한 줄이고 칩이 없다 — 실패로 그리지 않는다
  ---
  duration_ms: 0.1024
  ...
# Subtest: resultTurnCopy: 승인 결과 4종이 모두 문장을 낸다(빈 줄 없음)
ok 3084 - resultTurnCopy: 승인 결과 4종이 모두 문장을 낸다(빈 줄 없음)
  ---
  duration_ms: 0.1769
  ...
# Subtest: resultTurnCopy: 재시작은 런타임이 켜졌을 때만 반영됐다고 말한다
ok 3085 - resultTurnCopy: 재시작은 런타임이 켜졌을 때만 반영됐다고 말한다
  ---
  duration_ms: 0.1114
  ...
# Subtest: resultTurnModel: 기능 수는 서버 수가 아니라 도구 수의 합이다
ok 3086 - resultTurnModel: 기능 수는 서버 수가 아니라 도구 수의 합이다
  ---
  duration_ms: 0.315
  ...
# Subtest: resultTurnModel: 성공에만 재시작 줄이 붙고 런타임을 따른다
ok 3087 - resultTurnModel: 성공에만 재시작 줄이 붙고 런타임을 따른다
  ---
  duration_ms: 0.1742
  ...
# Subtest: resultTurnModel: 실패에만 다시 시도 칩이 있고 detail은 읽지 않는다
ok 3088 - resultTurnModel: 실패에만 다시 시도 칩이 있고 detail은 읽지 않는다
  ---
  duration_ms: 0.1283
  ...
# Subtest: outOfModeCopy: 폐기 사실과 맞는 한 줄만 낸다
ok 3089 - outOfModeCopy: 폐기 사실과 맞는 한 줄만 낸다
  ---
  duration_ms: 0.0641
  ...
# Subtest: createOutOfModeNotifier: 한 턴에 한 번만 알리고 턴이 바뀌면 다시 알린다
ok 3090 - createOutOfModeNotifier: 한 턴에 한 번만 알리고 턴이 바뀌면 다시 알린다
  ---
  duration_ms: 0.2382
  ...
# Subtest: createOutOfModeNotifier: 스니펫은 내용으로 구분한다
ok 3091 - createOutOfModeNotifier: 스니펫은 내용으로 구분한다
  ---
  duration_ms: 0.1749
  ...
# Subtest: 계약: 백엔드가 기록한 제안 픽스처를 앱 검증기가 그대로 통과시킨다
ok 3092 - 계약: 백엔드가 기록한 제안 픽스처를 앱 검증기가 그대로 통과시킨다
  ---
  duration_ms: 3.2792
  ...
# Subtest: 키우미 메뉴 설명에 Paper 보드 번호가 없다
ok 3093 - 키우미 메뉴 설명에 Paper 보드 번호가 없다
  ---
  duration_ms: 4.6868
  ...
# Subtest: 내부 컴포넌트 이름(팝오버)이 키우미 메뉴 설명에 없다
ok 3094 - 내부 컴포넌트 이름(팝오버)이 키우미 메뉴 설명에 없다
  ---
  duration_ms: 1.8681
  ...
# Subtest: 모델 설정 설명은 Paper 문구다
ok 3095 - 모델 설정 설명은 Paper 문구다
  ---
  duration_ms: 4.0077
  ...
# Subtest: 빈 상태 문구에 내부 필드명이 없다 — candles·records·--allowedTools가 사용자에게 안 보인다
ok 3096 - 빈 상태 문구에 내부 필드명이 없다 — candles·records·--allowedTools가 사용자에게 안 보인다
  ---
  duration_ms: 6.044
  ...
# Subtest: 빈·거부 상태 문구가 다음 행동을 말한다
ok 3097 - 빈·거부 상태 문구가 다음 행동을 말한다
  ---
  duration_ms: 4.2931
  ...
# Subtest: 이름의 기본값은 폴더 이름이다(36번 보드)
ok 3098 - 이름의 기본값은 폴더 이름이다(36번 보드)
  ---
  duration_ms: 1.914
  ...
# Subtest: 사람이 준 이름이 폴더 이름을 이긴다
ok 3099 - 사람이 준 이름이 폴더 이름을 이긴다
  ---
  duration_ms: 0.2533
  ...
# Subtest: 폴더 이름은 뒤쪽 구분자·슬래시에 흔들리지 않는다
ok 3100 - 폴더 이름은 뒤쪽 구분자·슬래시에 흔들리지 않는다
  ---
  duration_ms: 0.2134
  ...
# Subtest: 이미 점유된 폴더는 어느 프로젝트가 쓰는지와 함께 만들기를 잠근다
ok 3101 - 이미 점유된 폴더는 어느 프로젝트가 쓰는지와 함께 만들기를 잠근다
  ---
  duration_ms: 0.6677
  ...
# Subtest: 받침 있는 이름은 조사가 바뀐다 — 이름은 사람이 정하는 값이다
ok 3102 - 받침 있는 이름은 조사가 바뀐다 — 이름은 사람이 정하는 값이다
  ---
  duration_ms: 0.3116
  ...
# Subtest: 빈 폴더가 아닐 때는 안내만 하고 만들기를 막지 않는다
ok 3103 - 빈 폴더가 아닐 때는 안내만 하고 만들기를 막지 않는다
  ---
  duration_ms: 0.1842
  ...
# Subtest: 빈 폴더를 고르면 안내가 없다
ok 3104 - 빈 폴더를 고르면 안내가 없다
  ---
  duration_ms: 0.5928
  ...
# Subtest: 폴더를 못 읽었으면 파일이 있다고 말하지 않는다
ok 3105 - 폴더를 못 읽었으면 파일이 있다고 말하지 않는다
  ---
  duration_ms: 0.1954
  ...
# Subtest: 점유가 빈 폴더 안내보다 세다 — 만들기를 막는 쪽이 먼저다
ok 3106 - 점유가 빈 폴더 안내보다 세다 — 만들기를 막는 쪽이 먼저다
  ---
  duration_ms: 0.5133
  ...
# Subtest: 이름을 비우면 만들기가 잠긴다
ok 3107 - 이름을 비우면 만들기가 잠긴다
  ---
  duration_ms: 0.6378
  ...
# Subtest: 폴더가 없으면 만들기가 잠긴다 — 앱이 경로를 지어내지 않는다
ok 3108 - 폴더가 없으면 만들기가 잠긴다 — 앱이 경로를 지어내지 않는다
  ---
  duration_ms: 0.2713
  ...
# Subtest: basename/isPython: 경로에서 이름과 파이썬 여부를 읽는다
ok 3109 - basename/isPython: 경로에서 이름과 파이썬 여부를 읽는다
  ---
  duration_ms: 2.1799
  ...
# Subtest: filterEntries: 파일 이름으로 거르고, 걸린 것이 있는 폴더만 남긴다
ok 3110 - filterEntries: 파일 이름으로 거르고, 걸린 것이 있는 폴더만 남긴다
  ---
  duration_ms: 0.7673
  ...
# Subtest: 프로젝트가 없으면 고르기 줄과 안내만 그린다
ok 3111 - 프로젝트가 없으면 고르기 줄과 안내만 그린다
  ---
  duration_ms: 15.7038
  ...
# Subtest: 레지스트리 notice를 그대로 한 줄로 적는다(감추지 않는다)
ok 3112 - 레지스트리 notice를 그대로 한 줄로 적는다(감추지 않는다)
  ---
  duration_ms: 1.8522
  ...
# Subtest: 새 프로젝트: 이름을 넣으면 만들고 바로 그 프로젝트로 들어간다
ok 3113 - 새 프로젝트: 이름을 넣으면 만들고 바로 그 프로젝트로 들어간다
  ---
  duration_ms: 7.7845
  ...
# Subtest: 폴더 열기: 네이티브 대화상자 경로를 open으로 넘긴다 — 취소면 아무 일도 없다
ok 3114 - 폴더 열기: 네이티브 대화상자 경로를 open으로 넘긴다 — 취소면 아무 일도 없다
  ---
  duration_ms: 28.4761
  ...
# Subtest: suspend: 앞 세션의 tree 응답이 파일을 다시 활성화하지 않는다
ok 3115 - suspend: 앞 세션의 tree 응답이 파일을 다시 활성화하지 않는다
  ---
  duration_ms: 15.9973
  ...
# Subtest: suspend: 앞 세션의 file 응답이 파일을 다시 활성화하지 않는다
ok 3116 - suspend: 앞 세션의 file 응답이 파일을 다시 활성화하지 않는다
  ---
  duration_ms: 14.4351
  ...
# Subtest: 트리가 중첩 폴더와 파일을 그린다 — 폴더를 누르면 접힌다
ok 3117 - 트리가 중첩 폴더와 파일을 그린다 — 폴더를 누르면 접힌다
  ---
  duration_ms: 15.4338
  ...
# Subtest: .py는 강조되고 다른 파일은 흐리게 표시된다
ok 3118 - .py는 강조되고 다른 파일은 흐리게 표시된다
  ---
  duration_ms: 31.5805
  ...
# Subtest: 거르기 상자가 파일 이름으로 목록을 좁힌다
ok 3119 - 거르기 상자가 파일 이름으로 목록을 좁힌다
  ---
  duration_ms: 14.1496
  ...
# Subtest: .py를 누르면 탭이 열리고 deps로 본문을 읽어 편집기에 넣는다
ok 3120 - .py를 누르면 탭이 열리고 deps로 본문을 읽어 편집기에 넣는다
  ---
  duration_ms: 32.1918
  ...
# Subtest: .py가 아닌 파일은 한 줄로 거절한다 — 탭도 안 열린다(D3)
ok 3121 - .py가 아닌 파일은 한 줄로 거절한다 — 탭도 안 열린다(D3)
  ---
  duration_ms: 47.6639
  ...
# Subtest: 편집하면 탭에 더러움 점이 붙는다 — 편집기는 다시 만들지 않는다
ok 3122 - 편집하면 탭에 더러움 점이 붙는다 — 편집기는 다시 만들지 않는다
  ---
  duration_ms: 45.2842
  ...
# Subtest: 저장은 버퍼를 그대로 디스크로 보내고 더러움을 지운다
ok 3123 - 저장은 버퍼를 그대로 디스크로 보내고 더러움을 지운다
  ---
  duration_ms: 47.4328
  ...
# Subtest: Ctrl+S도 저장한다
ok 3124 - Ctrl+S도 저장한다
  ---
  duration_ms: 48.0118
  ...
# Subtest: 저장 실패는 감추지 않고 한 줄로 남긴다
ok 3125 - 저장 실패는 감추지 않고 한 줄로 남긴다
  ---
  duration_ms: 43.6668
  ...
# Subtest: 탭을 옮겨도 저장 안 한 버퍼가 살아 있다
ok 3126 - 탭을 옮겨도 저장 안 한 버퍼가 살아 있다
  ---
  duration_ms: 61.4996
  ...
# Subtest: adoptExternalWrite: 열린 버퍼를 디스크의 새 내용으로 맞춘다
ok 3127 - adoptExternalWrite: 열린 버퍼를 디스크의 새 내용으로 맞춘다
  ---
  duration_ms: 31.4302
  ...
# Subtest: adoptExternalWrite: 저장 안 한 편집은 덮지 않는다 — 사람이 친 것이 이긴다
ok 3128 - adoptExternalWrite: 저장 안 한 편집은 덮지 않는다 — 사람이 친 것이 이긴다
  ---
  duration_ms: 31.8827
  ...
# Subtest: 더러운 탭을 닫으면 인라인으로 되묻고, 버리면 그때 닫힌다(모달 없음)
ok 3129 - 더러운 탭을 닫으면 인라인으로 되묻고, 버리면 그때 닫힌다(모달 없음)
  ---
  duration_ms: 47.4469
  ...
# Subtest: 깨끗한 탭은 되묻지 않고 바로 닫힌다
ok 3130 - 깨끗한 탭은 되묻지 않고 바로 닫힌다
  ---
  duration_ms: 31.3327
  ...
# Subtest: 새 파일: .py가 아닌 이름은 거절한다(D3)
ok 3131 - 새 파일: .py가 아닌 이름은 거절한다(D3)
  ---
  duration_ms: 44.4901
  ...
# Subtest: 새 파일: .py 이름이면 만들고 바로 연다
ok 3132 - 새 파일: .py 이름이면 만들고 바로 연다
  ---
  duration_ms: 31.1002
  ...
# Subtest: 이름 바꾸기: .py 밖으로는 못 나간다(D3), .py면 탭 경로까지 따라간다
ok 3133 - 이름 바꾸기: .py 밖으로는 못 나간다(D3), .py면 탭 경로까지 따라간다
  ---
  duration_ms: 62.0956
  ...
# Subtest: 지우기: 인라인으로 되묻고, 지우면 탭도 함께 사라진다
ok 3134 - 지우기: 인라인으로 되묻고, 지우면 탭도 함께 사라진다
  ---
  duration_ms: 62.3728
  ...
# Subtest: openAt: 목록을 안 읽었어도 폴더를 고르고 그 파일을 연다
ok 3135 - openAt: 목록을 안 읽었어도 폴더를 고르고 그 파일을 연다
  ---
  duration_ms: 1.5115
  ...
# Subtest: openAt: 이미 그 폴더를 열어 뒀으면 폴더를 다시 고르지 않는다 — 열린 탭이 살아남는다
ok 3136 - openAt: 이미 그 폴더를 열어 뒀으면 폴더를 다시 고르지 않는다 — 열린 탭이 살아남는다
  ---
  duration_ms: 59.4252
  ...
# Subtest: openAt: 처음 읽은 목록에 없던 폴더(이 세션에서 만든 프로젝트)는 목록을 다시 읽어 연다
ok 3137 - openAt: 처음 읽은 목록에 없던 폴더(이 세션에서 만든 프로젝트)는 목록을 다시 읽어 연다
  ---
  duration_ms: 48.7397
  ...
# Subtest: closeAll: 열린 파일을 전부 닫고 폴더 선택은 남긴다
ok 3138 - closeAll: 열린 파일을 전부 닫고 폴더 선택은 남긴다
  ---
  duration_ms: 13.9999
  ...
# Subtest: openAt: 모르는 폴더·없는 파일은 false를 돌려주고 이유를 적는다
ok 3139 - openAt: 모르는 폴더·없는 파일은 false를 돌려주고 이유를 적는다
  ---
  duration_ms: 1.8584
  ...
# Subtest: openAt: .py가 아니면 열지 않는다(D3 — 화면이 막는 것은 설명이고 백엔드가 보장이다)
ok 3140 - openAt: .py가 아니면 열지 않는다(D3 — 화면이 막는 것은 설명이고 백엔드가 보장이다)
  ---
  duration_ms: 0.7256
  ...
# Subtest: buildRoutineFiredEventCard: 발화만 event 카드가 된다 — 만료·복원실패는 null
ok 3141 - buildRoutineFiredEventCard: 발화만 event 카드가 된다 — 만료·복원실패는 null
  ---
  duration_ms: 2.31
  ...
# Subtest: buildAuthTokenStatusCard: ready — configured·ready 참, 만료시각 유도
ok 3142 - buildAuthTokenStatusCard: ready — configured·ready 참, 만료시각 유도
  ---
  duration_ms: 1.6509
  ...
# Subtest: buildAuthTokenStatusCard: needed — configured·ready 거짓, 만료시각 없음(지어내지 않는다)
ok 3143 - buildAuthTokenStatusCard: needed — configured·ready 거짓, 만료시각 없음(지어내지 않는다)
  ---
  duration_ms: 0.2292
  ...
# Subtest: buildAuthTokenStatusCard: expired/refreshing — configured 참(한 번은 발급됐다는 증거)
ok 3144 - buildAuthTokenStatusCard: expired/refreshing — configured 참(한 번은 발급됐다는 증거)
  ---
  duration_ms: 0.1822
  ...
# Subtest: buildAuthTokenStatusCard: payload 없으면 needed로 물러선다
ok 3145 - buildAuthTokenStatusCard: payload 없으면 needed로 물러선다
  ---
  duration_ms: 0.1549
  ...
# Subtest: buildOrderActionCard: done — 실측 kt10000/kt10001 응답 필드만 영수증에 싣는다
ok 3146 - buildOrderActionCard: done — 실측 kt10000/kt10001 응답 필드만 영수증에 싣는다
  ---
  duration_ms: 0.3684
  ...
# Subtest: buildOrderActionCard: in_doubt/failed — 없는 영수증을 지어내지 않는다(빈 객체)
ok 3147 - buildOrderActionCard: in_doubt/failed — 없는 영수증을 지어내지 않는다(빈 객체)
  ---
  duration_ms: 1.4721
  ...
# Subtest: buildOrderActionCard: needs_confirm은 failed로 접는다 — chat.js 상태줄과 같은 3분기
ok 3148 - buildOrderActionCard: needs_confirm은 failed로 접는다 — chat.js 상태줄과 같은 3분기
  ---
  duration_ms: 0.3197
  ...
# Subtest: buildOrderActionCard: 매도(kt10001) 캡션
ok 3149 - buildOrderActionCard: 매도(kt10001) 캡션
  ---
  duration_ms: 0.5193
  ...
# Subtest: 모델 카드 리드는 그 카드가 그리는 공급자를 하나도 빠뜨리지 않는다
ok 3150 - 모델 카드 리드는 그 카드가 그리는 공급자를 하나도 빠뜨리지 않는다
  ---
  duration_ms: 1.4626
  ...
# Subtest: 계정 카드를 그리는 공급자 섹션은 모두 출처 문구를 넘긴다
ok 3151 - 계정 카드를 그리는 공급자 섹션은 모두 출처 문구를 넘긴다
  ---
  duration_ms: 0.5662
  ...
# Subtest: 작성창 툴바는 활성 계정의 공급자 값을 말한다
ok 3152 - 작성창 툴바는 활성 계정의 공급자 값을 말한다
  ---
  duration_ms: 0.7207
  ...
# Subtest: 팝오버 여는 길에 CLI 목록 왕복을 기다리지 않는다
ok 3153 - 팝오버 여는 길에 CLI 목록 왕복을 기다리지 않는다
  ---
  duration_ms: 1.5556
  ...
# Subtest: 모델 팝오버의 Grok 칩은 연결 전에는 눌리지 않는다
ok 3154 - 모델 팝오버의 Grok 칩은 연결 전에는 눌리지 않는다
  ---
  duration_ms: 2.437
  ...
# Subtest: openPanel: 등록 후 size·isOpen이 반영된다
ok 3155 - openPanel: 등록 후 size·isOpen이 반영된다
  ---
  duration_ms: 1.3037
  ...
# Subtest: openPanel: panelId·symbol·onTick 중 하나라도 없으면 던진다
ok 3156 - openPanel: panelId·symbol·onTick 중 하나라도 없으면 던진다
  ---
  duration_ms: 0.6692
  ...
# Subtest: applyRealtimeTick: 종목이 일치하는 열린 패널마다 onTick을 부른다
ok 3157 - applyRealtimeTick: 종목이 일치하는 열린 패널마다 onTick을 부른다
  ---
  duration_ms: 1.0667
  ...
# Subtest: applyRealtimeTick: 같은 종목을 보는 패널이 여럿이면 전부 받는다
ok 3158 - applyRealtimeTick: 같은 종목을 보는 패널이 여럿이면 전부 받는다
  ---
  duration_ms: 0.2795
  ...
# Subtest: applyRealtimeTick: 종목 불일치는 조용히 버린다(카드를 새로 안 만든다)
ok 3159 - applyRealtimeTick: 종목 불일치는 조용히 버린다(카드를 새로 안 만든다)
  ---
  duration_ms: 0.2468
  ...
# Subtest: applyRealtimeTick: symbol 없는 tick·빈 레지스트리는 0을 돌려준다
ok 3160 - applyRealtimeTick: symbol 없는 tick·빈 레지스트리는 0을 돌려준다
  ---
  duration_ms: 0.1417
  ...
# Subtest: closePanel: 소멸 후에는 같은 종목 틱이 와도 조용히 버린다
ok 3161 - closePanel: 소멸 후에는 같은 종목 틱이 와도 조용히 버린다
  ---
  duration_ms: 1.1197
  ...
# Subtest: closePanel: 없는 panelId는 false — 없는 걸 지웠다고 하지 않는다
ok 3162 - closePanel: 없는 panelId는 false — 없는 걸 지웠다고 하지 않는다
  ---
  duration_ms: 0.2021
  ...
# Subtest: closePanel: 같은 종목의 다른 패널은 계속 틱을 받는다
ok 3163 - closePanel: 같은 종목의 다른 패널은 계속 틱을 받는다
  ---
  duration_ms: 0.5243
  ...
# Subtest: axis catalog stays in lockstep with the backend presentation overrides
ok 3164 - axis catalog stays in lockstep with the backend presentation overrides
  ---
  duration_ms: 2.8137
  ...
# Subtest: every axis carries a Korean label and a chat question, with no duplicates
ok 3165 - every axis carries a Korean label and a chat question, with no duplicates
  ---
  duration_ms: 0.4386
  ...
# Subtest: axesForEnvelope marks the active axis and refuses non-ranking envelopes
ok 3166 - axesForEnvelope marks the active axis and refuses non-ranking envelopes
  ---
  duration_ms: 0.2763
  ...
# Subtest: axis strip renders one disabled active chip and clickable siblings
ok 3167 - axis strip renders one disabled active chip and clickable siblings
  ---
  duration_ms: 0.9176
  ...
# Subtest: production canvas never mounts raw detail diagnostics without the explicit developer flag
ok 3168 - production canvas never mounts raw detail diagnostics without the explicit developer flag
  ---
  duration_ms: 4.8043
  ...
# Subtest: board surface cards draw no integrated card chrome over the Paper board
ok 3169 - board surface cards draw no integrated card chrome over the Paper board
  ---
  duration_ms: 3.604
  ...
# Subtest: task-canvas is routed through semantic presentation and cannot use free JSON fallback
ok 3170 - task-canvas is routed through semantic presentation and cannot use free JSON fallback
  ---
  duration_ms: 3.9043
  ...
# Subtest: generic task-canvas primary DOM is destroyed before semantic-only replacement
ok 3171 - generic task-canvas primary DOM is destroyed before semantic-only replacement
  ---
  duration_ms: 2.5559
  ...
# Subtest: task-canvas uses a sanitized lifecycle event while legacy event records remain available
ok 3172 - task-canvas uses a sanitized lifecycle event while legacy event records remain available
  ---
  duration_ms: 3.5001
  ...
# Subtest: semantic product DOM emits no raw concept, unit, or realtime merge-key attributes
ok 3173 - semantic product DOM emits no raw concept, unit, or realtime merge-key attributes
  ---
  duration_ms: 0.9867
  ...
# Subtest: AITS chart keeps its TR identity in internal state and never stamps it into product DOM
ok 3174 - AITS chart keeps its TR identity in internal state and never stamps it into product DOM
  ---
  duration_ms: 3.3549
  ...
# Subtest: integrated task metadata stays in JS state instead of technical product DOM attributes
ok 3175 - integrated task metadata stays in JS state instead of technical product DOM attributes
  ---
  duration_ms: 0.7496
  ...
# Subtest: semantic workspace module has no raw response traversal surface
ok 3176 - semantic workspace module has no raw response traversal surface
  ---
  duration_ms: 1.185
  ...
# Subtest: chart and orderbook product copy excludes transport and TR implementation terms
ok 3177 - chart and orderbook product copy excludes transport and TR implementation terms
  ---
  duration_ms: 2.8176
  ...
# Subtest: 현재 Paper 50: BrowserWindow 최소 폭은 330px이다
ok 3178 - 현재 Paper 50: BrowserWindow 최소 폭은 330px이다
  ---
  duration_ms: 1.4019
  ...
# Subtest: 현재 Paper 50: 700–1279px은 이력이 있을 때 하단 대화 트레이를 연다
ok 3179 - 현재 Paper 50: 700–1279px은 이력이 있을 때 하단 대화 트레이를 연다
  ---
  duration_ms: 0.897
  ...
# Subtest: 현재 Paper 50: 빈 대화의 첨부 칩은 반응형 경계에서 실제 작성 스택 높이를 확보한다
ok 3180 - 현재 Paper 50: 빈 대화의 첨부 칩은 반응형 경계에서 실제 작성 스택 높이를 확보한다
  ---
  duration_ms: 0.8134
  ...
# Subtest: 현재 Paper 50: 실화면 검증은 실제 viewport 경계·필수 팝오버 항목·실패 복구를 단언한다
ok 3181 - 현재 Paper 50: 실화면 검증은 실제 viewport 경계·필수 팝오버 항목·실패 복구를 단언한다
  ---
  duration_ms: 0.5785
  ...
# Subtest: 검증22: 숨겨진 오브만 비활성 표시해 paint 후 검사하고 원래 visibility로 복구한다
ok 3182 - 검증22: 숨겨진 오브만 비활성 표시해 paint 후 검사하고 원래 visibility로 복구한다
  ---
  duration_ms: 0.5354
  ...
# Subtest: 현재 Paper 50: 대화 이력은 이름 있는 키보드 스크롤 영역이다
ok 3183 - 현재 Paper 50: 대화 이력은 이름 있는 키보드 스크롤 영역이다
  ---
  duration_ms: 0.3183
  ...
# Subtest: 현재 Paper 50: 첨부 칩 제거 버튼과 파일명은 키보드·전체 경로 계약을 유지한다
ok 3184 - 현재 Paper 50: 첨부 칩 제거 버튼과 파일명은 키보드·전체 경로 계약을 유지한다
  ---
  duration_ms: 0.3333
  ...
# Subtest: 현재 Paper 50: 330–699px은 44px 아이콘 레일과 단일 중앙 열이다
ok 3185 - 현재 Paper 50: 330–699px은 44px 아이콘 레일과 단일 중앙 열이다
  ---
  duration_ms: 0.4424
  ...
# Subtest: correlation key requires complete dataset/item/ordinal identity
ok 3186 - correlation key requires complete dataset/item/ordinal identity
  ---
  duration_ms: 1.5816
  ...
# Subtest: 같은 receipt ID의 최종 결과는 로딩 문구를 교체하고 다른 요청은 건드리지 않는다
ok 3187 - 같은 receipt ID의 최종 결과는 로딩 문구를 교체하고 다른 요청은 건드리지 않는다
  ---
  duration_ms: 1.229
  ...
# Subtest: paint ack waits for visible nonzero rect and then two additional RAFs
ok 3188 - paint ack waits for visible nonzero rect and then two additional RAFs
  ---
  duration_ms: 0.8871
  ...
# Subtest: paint ack does not accept a hidden document
ok 3189 - paint ack does not accept a hidden document
  ---
  duration_ms: 1.8854
  ...
# Subtest: paint ack rejects on wall-clock timeout when RAF never fires
ok 3190 - paint ack rejects on wall-clock timeout when RAF never fires
  ---
  duration_ms: 5.9127
  ...
# Subtest: 첫 ack가 pending이면 결론을 미루고 계측만 확정한다
ok 3191 - 첫 ack가 pending이면 결론을 미루고 계측만 확정한다
  ---
  duration_ms: 1.6335
  ...
# Subtest: 마운트 결과 ack가 첫 ack의 시각을 유지한 채 최종 상태를 확정한다
ok 3192 - 마운트 결과 ack가 첫 ack의 시각을 유지한 채 최종 상태를 확정한다
  ---
  duration_ms: 0.3718
  ...
# Subtest: 마운트 실패 ack는 낙관값 없이 error로 정착한다
ok 3193 - 마운트 실패 ack는 낙관값 없이 error로 정착한다
  ---
  duration_ms: 0.2213
  ...
# Subtest: 한도를 넘긴 pending은 data가 아니라 timeout으로 집계된다
ok 3194 - 한도를 넘긴 pending은 data가 아니라 timeout으로 집계된다
  ---
  duration_ms: 0.9786
  ...
# Subtest: 동일 correlation의 늦은 최종 ack는 30초 한도 안에서 pending을 data로 확정한다
ok 3195 - 동일 correlation의 늦은 최종 ack는 30초 한도 안에서 pending을 data로 확정한다
  ---
  duration_ms: 1.0207
  ...
# Subtest: pending이 아닌 카드는 첫 ack에서 곧바로 정착한다
ok 3196 - pending이 아닌 카드는 첫 ack에서 곧바로 정착한다
  ---
  duration_ms: 0.5618
  ...
# Subtest: 표시되지 않은 카드는 pending 여부와 무관하게 거절한다
ok 3197 - 표시되지 않은 카드는 pending 여부와 무관하게 거절한다
  ---
  duration_ms: 0.4076
  ...
# Subtest: pending 대기는 main의 paint waiter 배선에 실제로 걸려 있다
ok 3198 - pending 대기는 main의 paint waiter 배선에 실제로 걸려 있다
  ---
  duration_ms: 4.603
  ...
# Subtest: main은 로딩 receipt를 같은 ID의 최종 결과로 교체하고 ack revision을 검증한다
ok 3199 - main은 로딩 receipt를 같은 ID의 최종 결과로 교체하고 ack revision을 검증한다
  ---
  duration_ms: 3.632
  ...
# Subtest: chat.js의 제어 결과 구독은 모듈 스코프의 addEventListener 하나다
ok 3200 - chat.js의 제어 결과 구독은 모듈 스코프의 addEventListener 하나다
  ---
  duration_ms: 1.8399
  ...
# Subtest: 제어 결과 턴은 이벤트가 와야만 그린다 — 부팅 계약(emptyHistory)을 깨지 않는다
ok 3201 - 제어 결과 턴은 이벤트가 와야만 그린다 — 부팅 계약(emptyHistory)을 깨지 않는다
  ---
  duration_ms: 0.7661
  ...
# Subtest: canvas.js가 그 채널의 유일한 발신자다 — 캔버스 클릭이 채팅으로 오는 길
ok 3202 - canvas.js가 그 채널의 유일한 발신자다 — 캔버스 클릭이 채팅으로 오는 길
  ---
  duration_ms: 0.4266
  ...
# Subtest: shell.html이 순수 모델을 watch-nodes 뒤에 싣는다 — 로드 순서가 계약이다
ok 3203 - shell.html이 순수 모델을 watch-nodes 뒤에 싣는다 — 로드 순서가 계약이다
  ---
  duration_ms: 0.2127
  ...
# Subtest: 다시 부를 손잡이가 채널을 함께 탄다 — 「다시 시도」가 막다른 길이 되지 않는다
ok 3204 - 다시 부를 손잡이가 채널을 함께 탄다 — 「다시 시도」가 막다른 길이 되지 않는다
  ---
  duration_ms: 0.586
  ...
# Subtest: 성공 결과 턴은 배지 · 리드 · 사실행 세 조각이다 — 설명문이 없다
ok 3205 - 성공 결과 턴은 배지 · 리드 · 사실행 세 조각이다 — 설명문이 없다
  ---
  duration_ms: 2.8914
  ...
# Subtest: 실패 결과 턴에만 다시 시도 칩이 붙는다
ok 3206 - 실패 결과 턴에만 다시 시도 칩이 붙는다
  ---
  duration_ms: 1.1205
  ...
# Subtest: 보류·뷰 이동은 서버 상태 불변 — 빈 변경이 정상이다
ok 3207 - 보류·뷰 이동은 서버 상태 불변 — 빈 변경이 정상이다
  ---
  duration_ms: 0.4254
  ...
# Subtest: 실패 문구에 백엔드 코드 번호가 들어가지 않는다
ok 3208 - 실패 문구에 백엔드 코드 번호가 들어가지 않는다
  ---
  duration_ms: 1.0141
  ...
# Subtest: 단위는 한국어다 — 초 · 건 · 원
ok 3209 - 단위는 한국어다 — 초 · 건 · 원
  ---
  duration_ms: 0.4403
  ...
# Subtest: 모르는 kind는 실패로 읽는다 — 조용히 성공으로 그리지 않는다
ok 3210 - 모르는 kind는 실패로 읽는다 — 조용히 성공으로 그리지 않는다
  ---
  duration_ms: 0.2105
  ...
# Subtest: 제안 봉투는 main.js가 한 번 쏘고 chat.js가 한 번 받는다
ok 3211 - 제안 봉투는 main.js가 한 번 쏘고 chat.js가 한 번 받는다
  ---
  duration_ms: 1.6163
  ...
# Subtest: 제안 턴은 이벤트가 와야만 그린다 — 부팅 계약(emptyHistory)을 깨지 않는다
ok 3212 - 제안 턴은 이벤트가 와야만 그린다 — 부팅 계약(emptyHistory)을 깨지 않는다
  ---
  duration_ms: 0.3438
  ...
# Subtest: 칩이 부르는 게이트는 main.js에 실재한다
ok 3213 - 칩이 부르는 게이트는 main.js에 실재한다
  ---
  duration_ms: 0.3808
  ...
# Subtest: D 뷰 이동은 캔버스 뷰 전환을 실제로 부른다 — 채팅에서 에이전트 뷰로 가는 길
ok 3214 - D 뷰 이동은 캔버스 뷰 전환을 실제로 부른다 — 채팅에서 에이전트 뷰로 가는 길
  ---
  duration_ms: 0.3477
  ...
# Subtest: 결과 턴은 기존 채널을 그대로 탄다 — 마운트 지점을 늘리지 않는다
ok 3215 - 결과 턴은 기존 채널을 그대로 탄다 — 마운트 지점을 늘리지 않는다
  ---
  duration_ms: 0.231
  ...
# Subtest: shell.html이 순수 모델을 결과 턴 모델 뒤에 싣는다 — 로드 순서가 계약이다
ok 3216 - shell.html이 순수 모델을 결과 턴 모델 뒤에 싣는다 — 로드 순서가 계약이다
  ---
  duration_ms: 1.3547
  ...
# Subtest: A 작업 설정 — 리드는 대상과 바뀌는 칸이다
ok 3217 - A 작업 설정 — 리드는 대상과 바뀌는 칸이다
  ---
  duration_ms: 3.0864
  ...
# Subtest: A — 대상 루틴이 없으면 제안 자체가 없다(눌러도 아무 일 없는 칩을 만들지 않는다)
ok 3218 - A — 대상 루틴이 없으면 제안 자체가 없다(눌러도 아무 일 없는 칩을 만들지 않는다)
  ---
  duration_ms: 0.2041
  ...
# Subtest: A — 바뀌는 칸이 없으면 그릴 것이 없다
ok 3219 - A — 바뀌는 칸이 없으면 그릴 것이 없다
  ---
  duration_ms: 0.2438
  ...
# Subtest: B 알람 — 읽지 않은 수는 알람 센터가 세어 넘긴 실값이다
ok 3220 - B 알람 — 읽지 않은 수는 알람 센터가 세어 넘긴 실값이다
  ---
  duration_ms: 1.0054
  ...
# Subtest: B — 읽을 알람이 0건이면 빈 상태만 남고 칩이 없다
ok 3221 - B — 읽을 알람이 0건이면 빈 상태만 남고 칩이 없다
  ---
  duration_ms: 0.2299
  ...
# Subtest: C 제안 채택 — 대상은 제안값에서 오고 칩은 루틴으로·보류다
ok 3222 - C 제안 채택 — 대상은 제안값에서 오고 칩은 루틴으로·보류다
  ---
  duration_ms: 0.2705
  ...
# Subtest: D 뷰 이동 — 칩이 없고 상태 행 두 마디가 선다
ok 3223 - D 뷰 이동 — 칩이 없고 상태 행 두 마디가 선다
  ---
  duration_ms: 0.3616
  ...
# Subtest: D — 모르는 마디는 빠지고, 둘 다 모르면 그릴 것이 없다
ok 3224 - D — 모르는 마디는 빠지고, 둘 다 모르면 그릴 것이 없다
  ---
  duration_ms: 0.174
  ...
# Subtest: E 지금 실행 — 놓친 시각은 예약 행의 next_fire_at에서 온다
ok 3225 - E 지금 실행 — 놓친 시각은 예약 행의 next_fire_at에서 온다
  ---
  duration_ms: 1.9022
  ...
# Subtest: Paper가 제안 턴으로 그리지 않은 제어는 턴이 되지 않는다
ok 3226 - Paper가 제안 턴으로 그리지 않은 제어는 턴이 되지 않는다
  ---
  duration_ms: 0.5861
  ...
# Subtest: 반영 리드는 결과 턴이 쓸 한 줄이다(4330-1 성공 열)
ok 3227 - 반영 리드는 결과 턴이 쓸 한 줄이다(4330-1 성공 열)
  ---
  duration_ms: 0.3627
  ...
# Subtest: 읽음·실행 게이트가 끝난 뒤의 결과 리드도 상태 표기 하나다
ok 3228 - 읽음·실행 게이트가 끝난 뒤의 결과 리드도 상태 표기 하나다
  ---
  duration_ms: 0.2044
  ...
# Subtest: 대상 이름은 모델에 따로 실린다 — 초안 게이트가 리드를 다시 자르지 않게
ok 3229 - 대상 이름은 모델에 따로 실린다 — 초안 게이트가 리드를 다시 자르지 않게
  ---
  duration_ms: 0.3336
  ...
# Subtest: describeMode: 4분기 문구(Step 6 — code-watch 코드 알람 추가)
ok 3230 - describeMode: 4분기 문구(Step 6 — code-watch 코드 알람 추가)
  ---
  duration_ms: 2.335
  ...
# Subtest: buildTurnModel(fired): 발화 배지·상대시간·방식·소스 라벨·시점 고지
ok 3231 - buildTurnModel(fired): 발화 배지·상대시간·방식·소스 라벨·시점 고지
  ---
  duration_ms: 1.3495
  ...
# Subtest: buildTurnModel(fired): 보드 37 구조 분해 — 종목·본문·고지·감시 조건 1행
ok 3232 - buildTurnModel(fired): 보드 37 구조 분해 — 종목·본문·고지·감시 조건 1행
  ---
  duration_ms: 0.9055
  ...
# Subtest: buildTurnModel(fired): note 없으면 조건 라벨은 routine_id로 강등
ok 3233 - buildTurnModel(fired): note 없으면 조건 라벨은 routine_id로 강등
  ---
  duration_ms: 0.3516
  ...
# Subtest: buildTurnModel: 만료·복원실패·미지 타입
ok 3234 - buildTurnModel: 만료·복원실패·미지 타입
  ---
  duration_ms: 0.3947
  ...
# Subtest: buildTurnModel(restore-failed): reason만 와도 사실과 다른 기본 문구로 떨어지지 않는다
ok 3235 - buildTurnModel(restore-failed): reason만 와도 사실과 다른 기본 문구로 떨어지지 않는다
  ---
  duration_ms: 0.34
  ...
# Subtest: buildTurnModel(restore-failed): note가 있으면 note를 쓴다
ok 3236 - buildTurnModel(restore-failed): note가 있으면 note를 쓴다
  ---
  duration_ms: 0.3458
  ...
# Subtest: 복원 실패·만료·미지 세 문장이 모두 존댓말이다
ok 3237 - 복원 실패·만료·미지 세 문장이 모두 존댓말이다
  ---
  duration_ms: 0.5644
  ...
# Subtest: 복원 실패 문장에 사람이 할 다음 행동이 들어간다
ok 3238 - 복원 실패 문장에 사람이 할 다음 행동이 들어간다
  ---
  duration_ms: 0.5075
  ...
# Subtest: buildToast(fired): 방식이 제목에 들어간다
ok 3239 - buildToast(fired): 방식이 제목에 들어간다
  ---
  duration_ms: 0.6317
  ...
# Subtest: relativeText: 방금·분·시간
ok 3240 - relativeText: 방금·분·시간
  ---
  duration_ms: 0.2587
  ...
# Subtest: badgeText: 잘못된 시각은 발화로 강등
ok 3241 - badgeText: 잘못된 시각은 발화로 강등
  ---
  duration_ms: 0.138
  ...
# Subtest: exceedRatio: 경계·0·비수치·부호 — 급변 판정(board-31⑤)
ok 3242 - exceedRatio: 경계·0·비수치·부호 — 급변 판정(board-31⑤)
  ---
  duration_ms: 0.1753
  ...
# Subtest: full source data is flattened without dropping arrays or empty containers
ok 3243 - full source data is flattened without dropping arrays or empty containers
  ---
  duration_ms: 2.794
  ...
# Subtest: field contract preserves duplicate path occurrences by explicit id and ordinal
ok 3244 - field contract preserves duplicate path occurrences by explicit id and ordinal
  ---
  duration_ms: 1.0078
  ...
# Subtest: canonical backend wrapper resolves contract paths against lossless raw response
ok 3245 - canonical backend wrapper resolves contract paths against lossless raw response
  ---
  duration_ms: 0.3766
  ...
# Subtest: wildcard contract covers every concrete array row without duplicate fallback rows
ok 3246 - wildcard contract covers every concrete array row without duplicate fallback rows
  ---
  duration_ms: 2.1808
  ...
# Subtest: coverage canonicalization does not alter concrete display paths
ok 3247 - coverage canonicalization does not alter concrete display paths
  ---
  duration_ms: 0.5834
  ...
# Subtest: numeric alias bracket paths are covered by wildcard dot-form contracts once
ok 3248 - numeric alias bracket paths are covered by wildcard dot-form contracts once
  ---
  duration_ms: 0.3029
  ...
# Subtest: digit-prefixed alphanumeric aliases match dot-form contracts without fallback duplicates
ok 3249 - digit-prefixed alphanumeric aliases match dot-form contracts without fallback duplicates
  ---
  duration_ms: 0.3807
  ...
# Subtest: official opaque 924 fields retain raw alias and honest missing-name label
ok 3250 - official opaque 924 fields retain raw alias and honest missing-name label
  ---
  duration_ms: 0.2432
  ...
# Subtest: 951 uses its official 예수금 label rather than opaque fallback
ok 3251 - 951 uses its official 예수금 label rather than opaque fallback
  ---
  duration_ms: 0.6282
  ...
# Subtest: json path resolver supports dot, indexed/wildcard arrays, and quoted numeric aliases
ok 3252 - json path resolver supports dot, indexed/wildcard arrays, and quoted numeric aliases
  ---
  duration_ms: 0.5232
  ...
# Subtest: accepted realtime tick visibly updates active section and matching raw detail alias
ok 3253 - accepted realtime tick visibly updates active section and matching raw detail alias
  ---
  duration_ms: 2.0919
  ...
# Subtest: wire fixture sentinels never reach product detail text
ok 3254 - wire fixture sentinels never reach product detail text
  ---
  duration_ms: 0.2583
  ...
# Subtest: table and realtime semantics remain keyboard and screen-reader accessible
ok 3255 - table and realtime semantics remain keyboard and screen-reader accessible
  ---
  duration_ms: 28.0174
  ...
# Subtest: responsive CSS preserves touch targets, focus, overflow, and reduced motion
ok 3256 - responsive CSS preserves touch targets, focus, overflow, and reduced motion
  ---
  duration_ms: 2.9082
  ...
# Subtest: semantic workspace light-surface text colors satisfy WCAG AA contrast
ok 3257 - semantic workspace light-surface text colors satisfy WCAG AA contrast
  ---
  duration_ms: 2.2117
  ...
# Subtest: semantic status uses a transparent continuous-ledger row without a left rail
ok 3258 - semantic status uses a transparent continuous-ledger row without a left rail
  ---
  duration_ms: 0.6973
  ...
# Subtest: semantic default status text satisfies WCAG AA on the transparent light surface
ok 3259 - semantic default status text satisfies WCAG AA on the transparent light surface
  ---
  duration_ms: 0.3497
  ...
# Subtest: semantic status dot inherits the readable status text color
ok 3260 - semantic status dot inherits the readable status text color
  ---
  duration_ms: 0.3
  ...
# Subtest: semantic partial and unavailable status text satisfies WCAG AA on the transparent light surface
ok 3261 - semantic partial and unavailable status text satisfies WCAG AA on the transparent light surface
  ---
  duration_ms: 0.474
  ...
# Subtest: semantic workspace no longer inherits dark-surface text tokens
ok 3262 - semantic workspace no longer inherits dark-surface text tokens
  ---
  duration_ms: 0.2406
  ...
# Subtest: light integrated-card tabs and realtime error chrome satisfy WCAG AA contrast
ok 3263 - light integrated-card tabs and realtime error chrome satisfy WCAG AA contrast
  ---
  duration_ms: 0.4244
  ...
# Subtest: Task Canvas renders the loading state as accessible product copy
ok 3264 - Task Canvas renders the loading state as accessible product copy
  ---
  duration_ms: 9.779
  ...
# Subtest: Task Canvas renders the empty state as accessible product copy
ok 3265 - Task Canvas renders the empty state as accessible product copy
  ---
  duration_ms: 0.9413
  ...
# Subtest: Task Canvas renders the partial state as accessible product copy
ok 3266 - Task Canvas renders the partial state as accessible product copy
  ---
  duration_ms: 2.8956
  ...
# Subtest: Task Canvas renders the error state as accessible product copy
ok 3267 - Task Canvas renders the error state as accessible product copy
  ---
  duration_ms: 0.3688
  ...
# Subtest: Task Canvas renders the stale state as accessible product copy
ok 3268 - Task Canvas renders the stale state as accessible product copy
  ---
  duration_ms: 1.3044
  ...
# Subtest: Task Canvas renders the reconnecting state as accessible product copy
ok 3269 - Task Canvas renders the reconnecting state as accessible product copy
  ---
  duration_ms: 0.5585
  ...
# Subtest: task-canvas requires a named presentation contract
ok 3270 - task-canvas requires a named presentation contract
  ---
  duration_ms: 2.519
  ...
# Subtest: fundamentals taxonomy never falls through as a bare product title or section label
ok 3271 - fundamentals taxonomy never falls through as a bare product title or section label
  ---
  duration_ms: 2.6918
  ...
# Subtest: task-canvas keeps only specialized CardKinds, AITS chart, and guarded workflow primaries
ok 3272 - task-canvas keeps only specialized CardKinds, AITS chart, and guarded workflow primaries
  ---
  duration_ms: 0.4914
  ...
# Subtest: non-task legacy generic renderers remain allowed
ok 3273 - non-task legacy generic renderers remain allowed
  ---
  duration_ms: 0.1952
  ...
# Subtest: additive view recipe and flat public presentation entries become named sections
ok 3274 - additive view recipe and flat public presentation entries become named sections
  ---
  duration_ms: 2.2841
  ...
# Subtest: metadata-only optional sections are omitted instead of fake missing-value metrics
ok 3275 - metadata-only optional sections are omitted instead of fake missing-value metrics
  ---
  duration_ms: 0.397
  ...
# Subtest: unresolved, transport, internal, opaque, and raw-looking labels never become visible fields
ok 3276 - unresolved, transport, internal, opaque, and raw-looking labels never become visible fields
  ---
  duration_ms: 0.4831
  ...
# Subtest: same concept, entity, time, and unit is displayed once
ok 3277 - same concept, entity, time, and unit is displayed once
  ---
  duration_ms: 20.273
  ...
# Subtest: semantic values keep units and distinguish missing values from zero
ok 3278 - semantic values keep units and distinguish missing values from zero
  ---
  duration_ms: 0.7347
  ...
# Subtest: backend display metadata formats only explicitly typed product values and realtime values
ok 3279 - backend display metadata formats only explicitly typed product values and realtime values
  ---
  duration_ms: 7.5598
  ...
# Subtest: renderer shows named section, partial status, label, unit, and as-of without raw fields
ok 3280 - renderer shows named section, partial status, label, unit, and as-of without raw fields
  ---
  duration_ms: 1.4862
  ...
# Subtest: production 0B FID 10 binding updates the production snapshot observation
ok 3281 - production 0B FID 10 binding updates the production snapshot observation
  ---
  duration_ms: 4751.6394
  ...
# Subtest: semantic_updates selects a repeated observation by opaque binding and row index
ok 3282 - semantic_updates selects a repeated observation by opaque binding and row index
  ---
  duration_ms: 0.8508
  ...
# Subtest: realtime updates require a binding in the current workspace and exact optional observation identity
ok 3283 - realtime updates require a binding in the current workspace and exact optional observation identity
  ---
  duration_ms: 0.6415
  ...
# Subtest: realtime DOM work is indexed, frame-coalesced, announced once, and transient
ok 3284 - realtime DOM work is indexed, frame-coalesced, announced once, and transient
  ---
  duration_ms: 0.583
  ...
# Subtest: new view upsert disposes the previous view callbacks before replacing state
ok 3285 - new view upsert disposes the previous view callbacks before replacing state
  ---
  duration_ms: 0.5696
  ...
# Subtest: realtime dispose and upsert cancel stale work while reduced motion skips highlight
ok 3286 - realtime dispose and upsert cancel stale work while reduced motion skips highlight
  ---
  duration_ms: 0.4827
  ...
# Subtest: explicit empty realtime bindings delete the current workspace binding table
ok 3287 - explicit empty realtime bindings delete the current workspace binding table
  ---
  duration_ms: 0.526
  ...
# Subtest: the first typed envelope requires both generations, an explicit policy, and a full binding array
ok 3288 - the first typed envelope requires both generations, an explicit policy, and a full binding array
  ---
  duration_ms: 0.544
  ...
# Subtest: workspace and view generations discard stale or unscoped follow-ups without mutating visible state
ok 3289 - workspace and view generations discard stale or unscoped follow-ups without mutating visible state
  ---
  duration_ms: 0.8151
  ...
# Subtest: equal or incomplete typed generations cannot mutate visible DOM or the authoritative binding table
ok 3290 - equal or incomplete typed generations cannot mutate visible DOM or the authoritative binding table
  ---
  duration_ms: 1.016
  ...
# Subtest: a stale empty lifecycle envelope cannot clear the current semantic workspace
ok 3291 - a stale empty lifecycle envelope cannot clear the current semantic workspace
  ---
  duration_ms: 0.3205
  ...
# Subtest: replace clears prior sections, enrich preserves them, and a new view instance is isolated
ok 3292 - replace clears prior sections, enrich preserves them, and a new view instance is isolated
  ---
  duration_ms: 0.4636
  ...
# Subtest: same view instance progressively keeps prior successful sections
ok 3293 - same view instance progressively keeps prior successful sections
  ---
  duration_ms: 0.2671
  ...
# Subtest: public semantic columns and rows preserve every array row as a table
ok 3294 - public semantic columns and rows preserve every array row as a table
  ---
  duration_ms: 0.5071
  ...
# Subtest: observations-only compatibility path keeps array indexes as separate semantic rows
ok 3295 - observations-only compatibility path keeps array indexes as separate semantic rows
  ---
  duration_ms: 0.309
  ...
# Subtest: wire-looking observation identity is never stamped into product DOM
ok 3296 - wire-looking observation identity is never stamped into product DOM
  ---
  duration_ms: 0.2446
  ...
# Subtest: free source JSON is not inspected when the presentation contract has no sections
ok 3297 - free source JSON is not inspected when the presentation contract has no sections
  ---
  duration_ms: 0.0935
  ...
# Subtest: display tiers sort answer to detail and scalar detail stays in a named section disclosure
ok 3298 - display tiers sort answer to detail and scalar detail stays in a named section disclosure
  ---
  duration_ms: 0.441
  ...
# Subtest: display slot families render as ranked compound rows without numbered raw labels
ok 3299 - display slot families render as ranked compound rows without numbered raw labels
  ---
  duration_ms: 0.897
  ...
# Subtest: detail:ka30012:underlying_basket groups each actual slot with distinct labeled subfields
ok 3300 - detail:ka30012:underlying_basket groups each actual slot with distinct labeled subfields
  ---
  duration_ms: 1.3102
  ...
# Subtest: detail:ka10002:sell_brokers keeps broker name code and volume together per source slot
ok 3301 - detail:ka10002:sell_brokers keeps broker name code and volume together per source slot
  ---
  duration_ms: 0.4224
  ...
# Subtest: slotted table columns use normalized family labels with ordinal context
ok 3302 - slotted table columns use normalized family labels with ordinal context
  ---
  duration_ms: 0.3132
  ...
# Subtest: wide semantic tables keep eight main columns and every remaining cell in row-specific keyboard detail
ok 3303 - wide semantic tables keep eight main columns and every remaining cell in row-specific keyboard detail
  ---
  duration_ms: 0.5394
  ...
# Subtest: an all-state presentation collapses section placeholders into one atomic workspace state
ok 3304 - an all-state presentation collapses section placeholders into one atomic workspace state
  ---
  duration_ms: 0.1971
  ...
# Subtest: successful partial data omits contradictory empty required sections
ok 3305 - successful partial data omits contradictory empty required sections
  ---
  duration_ms: 0.1596
  ...
# Subtest: rows dedupe only when an opaque row or observation identity proves they are the same projection
ok 3306 - rows dedupe only when an opaque row or observation identity proves they are the same projection
  ---
  duration_ms: 0.1106
  ...
# Subtest: workflow sections render only when safe workflow fields are actually supplied
ok 3307 - workflow sections render only when safe workflow fields are actually supplied
  ---
  duration_ms: 0.1009
  ...
# Subtest: technical section ids are replaced with Korean product section names
ok 3308 - technical section ids are replaced with Korean product section names
  ---
  duration_ms: 0.1237
  ...
# Subtest: error and empty sections never render synthetic fields or generic tables
ok 3309 - error and empty sections never render synthetic fields or generic tables
  ---
  duration_ms: 0.7019
  ...
# Subtest: specialized orderbook primary suppresses the duplicate depth-ladder metric population
ok 3310 - specialized orderbook primary suppresses the duplicate depth-ladder metric population
  ---
  duration_ms: 0.8176
  ...
# Subtest: shell loads semantic workspace before the canvas runtime
ok 3311 - shell loads semantic workspace before the canvas runtime
  ---
  duration_ms: 0.5217
  ...
# Subtest: 세션이 없어도 모드 다섯 행이 count 0으로 나온다
ok 3312 - 세션이 없어도 모드 다섯 행이 count 0으로 나온다
  ---
  duration_ms: 3.0138
  ...
# Subtest: 모드별 개수가 맞고, 모르는 mode는 chat으로 센다
ok 3313 - 모드별 개수가 맞고, 모르는 mode는 chat으로 센다
  ---
  duration_ms: 1.4551
  ...
# Subtest: archived는 기본으로 빠지고 includeArchived로만 들어온다
ok 3314 - archived는 기본으로 빠지고 includeArchived로만 들어온다
  ---
  duration_ms: 0.6397
  ...
# Subtest: 프로젝트는 pinned 먼저, 그 다음 최신, 같으면 label 사전순
ok 3315 - 프로젝트는 pinned 먼저, 그 다음 최신, 같으면 label 사전순
  ---
  duration_ms: 19.0537
  ...
# Subtest: 프로젝트 안에서는 running이 먼저, 나머지는 최신순
ok 3316 - 프로젝트 안에서는 running이 먼저, 나머지는 최신순
  ---
  duration_ms: 0.5104
  ...
# Subtest: projects에 없는 projectId는 자동 프로젝트가 되어 담긴다
ok 3317 - projects에 없는 projectId는 자동 프로젝트가 되어 담긴다
  ---
  duration_ms: 0.3793
  ...
# Subtest: recent는 모드 무관 최신순이고 recentLimit을 지킨다
ok 3318 - recent는 모드 무관 최신순이고 recentLimit을 지킨다
  ---
  duration_ms: 0.5567
  ...
# Subtest: active 플래그가 세션과 모드 양쪽에 붙는다
ok 3319 - active 플래그가 세션과 모드 양쪽에 붙는다
  ---
  duration_ms: 0.336
  ...
# Subtest: summarizeRunState는 running > waiting > failed > done > null 순이다
ok 3320 - summarizeRunState는 running > waiting > failed > done > null 순이다
  ---
  duration_ms: 0.4761
  ...
# Subtest: 입력이 null이어도 던지지 않고 빈 뷰를 돌려준다
ok 3321 - 입력이 null이어도 던지지 않고 빈 뷰를 돌려준다
  ---
  duration_ms: 0.6804
  ...
# Subtest: 입력 배열을 정렬로 변형하지 않는다
ok 3322 - 입력 배열을 정렬로 변형하지 않는다
  ---
  duration_ms: 0.4053
  ...
# Subtest: 폼 칸은 값이 있는 것만 봉인한다 — 빈 칸을 세면 복원 카운트가 부풀려진다
ok 3323 - 폼 칸은 값이 있는 것만 봉인한다 — 빈 칸을 세면 복원 카운트가 부풀려진다
  ---
  duration_ms: 3.2792
  ...
# Subtest: 봉인 — 값이 없는 조각은 null이고 로그는 꼬리만 남는다
ok 3324 - 봉인 — 값이 없는 조각은 null이고 로그는 꼬리만 남는다
  ---
  duration_ms: 0.8672
  ...
# Subtest: 전부 돌아오면 안내 문장을 만들지 않는다(Rule 1 — 조용한 복원)
ok 3325 - 전부 돌아오면 안내 문장을 만들지 않는다(Rule 1 — 조용한 복원)
  ---
  duration_ms: 0.5028
  ...
# Subtest: 봉인되지 않은 항목은 판정에 끼지 않는다 — 없던 것을 못 찾았다고 말하지 않는다
ok 3326 - 봉인되지 않은 항목은 판정에 끼지 않는다 — 없던 것을 못 찾았다고 말하지 않는다
  ---
  duration_ms: 0.2439
  ...
# Subtest: 결과만 못 찾으면 이름을 대고 나머지는 그대로라고 말한다(Rule 3)
ok 3327 - 결과만 못 찾으면 이름을 대고 나머지는 그대로라고 말한다(Rule 3)
  ---
  duration_ms: 0.5208
  ...
# Subtest: 폼이 덜 돌아오면 그 항목이 실패고 카운트가 남는다
ok 3328 - 폼이 덜 돌아오면 그 항목이 실패고 카운트가 남는다
  ---
  duration_ms: 1.9688
  ...
# Subtest: 봉인하지 않은 칸이 돌아왔다고 보고돼도 세지 않는다
ok 3329 - 봉인하지 않은 칸이 돌아왔다고 보고돼도 세지 않는다
  ---
  duration_ms: 0.2965
  ...
# Subtest: 조사는 받침으로 갈린다
ok 3330 - 조사는 받침으로 갈린다
  ---
  duration_ms: 0.1598
  ...
# Subtest: createSnapshot — 모드마다 workspace.kind가 따라온다
ok 3331 - createSnapshot — 모드마다 workspace.kind가 따라온다
  ---
  duration_ms: 2.8112
  ...
# Subtest: createSnapshot — 주입한 now가 두 시각에 그대로 쓰이고 기본값이 채워진다
ok 3332 - createSnapshot — 주입한 now가 두 시각에 그대로 쓰이고 기본값이 채워진다
  ---
  duration_ms: 1.3094
  ...
# Subtest: normalizeSnapshot — null·문자열·배열도 던지지 않고 유효 레코드가 된다
ok 3333 - normalizeSnapshot — null·문자열·배열도 던지지 않고 유효 레코드가 된다
  ---
  duration_ms: 2.4472
  ...
# Subtest: normalizeSnapshot — 부분 객체는 채우고 모르는 키·잘못된 원소는 버린다
ok 3334 - normalizeSnapshot — 부분 객체는 채우고 모르는 키·잘못된 원소는 버린다
  ---
  duration_ms: 1.3048
  ...
# Subtest: normalizeMessage·normalizeCard — 기본값과 형 강제
ok 3335 - normalizeMessage·normalizeCard — 기본값과 형 강제
  ---
  duration_ms: 0.3337
  ...
# Subtest: appendMessage — currentId를 옮기고 parentId를 잇는다(원본 불변)
ok 3336 - appendMessage — currentId를 옮기고 parentId를 잇는다(원본 불변)
  ---
  duration_ms: 1.0346
  ...
# Subtest: messagePath — 분기 트리에서 currentId 경로만 돌려준다
ok 3337 - messagePath — 분기 트리에서 currentId 경로만 돌려준다
  ---
  duration_ms: 0.7703
  ...
# Subtest: messagePath — 순환 parentId에서 멈춘다
ok 3338 - messagePath — 순환 parentId에서 멈춘다
  ---
  duration_ms: 0.5013
  ...
# Subtest: updateMessage — 부분 갱신, 없는 id는 무변경
ok 3339 - updateMessage — 부분 갱신, 없는 id는 무변경
  ---
  duration_ms: 0.7962
  ...
# Subtest: putCard·removeCard — 교체·추가와 seq 재부여
ok 3340 - putCard·removeCard — 교체·추가와 seq 재부여
  ---
  duration_ms: 0.9822
  ...
# Subtest: mergeWorkspace — undefined는 무시하고 kind는 mode로 강제
ok 3341 - mergeWorkspace — undefined는 무시하고 kind는 mode로 강제
  ---
  duration_ms: 0.6119
  ...
# Subtest: mergeViewport — 알려진 영역만 깊이 2로 병합
ok 3342 - mergeViewport — 알려진 영역만 깊이 2로 병합
  ---
  duration_ms: 0.3303
  ...
# Subtest: attachJob·updateJobSeen — id로 교체하고 lastSeen만 갱신
ok 3343 - attachJob·updateJobSeen — id로 교체하고 lastSeen만 갱신
  ---
  duration_ms: 0.6203
  ...
# Subtest: bumpRevision — revision과 updatedAt만 오른다
ok 3344 - bumpRevision — revision과 updatedAt만 오른다
  ---
  duration_ms: 0.219
  ...
# Subtest: titleFrom — 40자 절단·공백 정리·빈 값
ok 3345 - titleFrom — 40자 절단·공백 정리·빈 값
  ---
  duration_ms: 0.118
  ...
# Subtest: viewToMode·modeToView — summary와 chat을 잇는다
ok 3346 - viewToMode·modeToView — summary와 chat을 잇는다
  ---
  duration_ms: 0.1533
  ...
# Subtest: 모드가 등록한 핸들러가 kind로 복원을 받고, 없는 kind는 false다
ok 3347 - 모드가 등록한 핸들러가 kind로 복원을 받고, 없는 kind는 false다
  ---
  duration_ms: 2.5333
  ...
# Subtest: 보고는 조각(patch)만 보내고, 객체가 아니면 보내지 않는다
ok 3348 - 보고는 조각(patch)만 보내고, 객체가 아니면 보내지 않는다
  ---
  duration_ms: 0.4495
  ...
# Subtest: 비동기 핸들러의 실패도 경고로 남고 조용한 거부가 되지 않는다
ok 3349 - 비동기 핸들러의 실패도 경고로 남고 조용한 거부가 되지 않는다
  ---
  duration_ms: 5.3375
  ...
# Subtest: 핸들러가 던져도 복원은 죽지 않고 경고로 남는다; 등록 해제는 자기 것만 푼다
ok 3350 - 핸들러가 던져도 복원은 죽지 않고 경고로 남는다; 등록 해제는 자기 것만 푼다
  ---
  duration_ms: 0.744
  ...
# Subtest: flush()는 지연 보고를 들고 있는 모드만 흘리고, 던져도 나머지를 흘린다
ok 3351 - flush()는 지연 보고를 들고 있는 모드만 흘리고, 던져도 나머지를 흘린다
  ---
  duration_ms: 0.5585
  ...
# Subtest: clear()는 앞 세션의 것을 들고 있는 모드만 거두고, 던져도 나머지를 거둔다
ok 3352 - clear()는 앞 세션의 것을 들고 있는 모드만 거두고, 던져도 나머지를 거둔다
  ---
  duration_ms: 0.3529
  ...
# Subtest: accountSubline: 출처 · 추가 시각 · 비활성이면 전환 안내 순으로 잇는다
ok 3353 - accountSubline: 출처 · 추가 시각 · 비활성이면 전환 안내 순으로 잇는다
  ---
  duration_ms: 3.0311
  ...
# Subtest: accountSubline: addedAt이 없거나 깨졌으면 날짜 조각을 뺀다
ok 3354 - accountSubline: addedAt이 없거나 깨졌으면 날짜 조각을 뺀다
  ---
  duration_ms: 0.2461
  ...
# Subtest: 저장소가 비어 있으면 기본값(전부 켜짐)
ok 3355 - 저장소가 비어 있으면 기본값(전부 켜짐)
  ---
  duration_ms: 0.972
  ...
# Subtest: 저장소가 아예 없어도 터지지 않는다
ok 3356 - 저장소가 아예 없어도 터지지 않는다
  ---
  duration_ms: 0.1648
  ...
# Subtest: 저장한 값이 돌아온다 — 건드리지 않은 키는 유지된다
ok 3357 - 저장한 값이 돌아온다 — 건드리지 않은 키는 유지된다
  ---
  duration_ms: 0.4435
  ...
# Subtest: 깨진 JSON은 기본값으로 물러선다 — 지우지 않는다
ok 3358 - 깨진 JSON은 기본값으로 물러선다 — 지우지 않는다
  ---
  duration_ms: 1.0249
  ...
# Subtest: 불리언이 아닌 값은 기본값으로 대체된다
ok 3359 - 불리언이 아닌 값은 기본값으로 대체된다
  ---
  duration_ms: 0.2027
  ...
# Subtest: 저장이 실패해도 이번 세션 값은 돌려준다
ok 3360 - 저장이 실패해도 이번 세션 값은 돌려준다
  ---
  duration_ms: 0.3148
  ...
# Subtest: exposeToModel이 그래프 탭 배지의 켜짐/꺼짐을 정한다
ok 3361 - exposeToModel이 그래프 탭 배지의 켜짐/꺼짐을 정한다
  ---
  duration_ms: 0.5947
  ...
# Subtest: 보유잔고 조회 주기 기본값은 60분
ok 3362 - 보유잔고 조회 주기 기본값은 60분
  ---
  duration_ms: 0.6611
  ...
# Subtest: 조회 주기를 30분·120분으로 바꿔 저장하고 되읽는다
ok 3363 - 조회 주기를 30분·120분으로 바꿔 저장하고 되읽는다
  ---
  duration_ms: 0.3582
  ...
# Subtest: 허용되지 않은 조회 주기 값은 기본값(60분)으로 물러선다
ok 3364 - 허용되지 않은 조회 주기 값은 기본값(60분)으로 물러선다
  ---
  duration_ms: 0.1559
  ...
# Subtest: collectChat 변경은 main 성공 응답 뒤에만 로컬 상태를 저장한다
ok 3365 - collectChat 변경은 main 성공 응답 뒤에만 로컬 상태를 저장한다
  ---
  duration_ms: 0.439
  ...
# Subtest: collectChat이 아닌 패치(collectFills 등)는 main에 미러링하지 않는다
ok 3366 - collectChat이 아닌 패치(collectFills 등)는 main에 미러링하지 않는다
  ---
  duration_ms: 0.1552
  ...
# Subtest: collectChat 재활성화 실패는 로컬 상태를 OFF로 복원하고 사람이 읽을 오류를 낸다
ok 3367 - collectChat 재활성화 실패는 로컬 상태를 OFF로 복원하고 사람이 읽을 오류를 낸다
  ---
  duration_ms: 0.9304
  ...
# Subtest: collectChat 비활성화 purge 실패는 메인의 정제 오류를 그대로 던지고 로컬을 OFF로 남긴다
ok 3368 - collectChat 비활성화 purge 실패는 메인의 정제 오류를 그대로 던지고 로컬을 OFF로 남긴다
  ---
  duration_ms: 0.4763
  ...
# Subtest: exposeToModel 패치는 전용 채널로 main에 미러링된다
ok 3369 - exposeToModel 패치는 전용 채널로 main에 미러링된다
  ---
  duration_ms: 0.3272
  ...
# Subtest: 성향·이력 카드는 백엔드가 준 값만 행으로 만든다 — 없는 값은 행이 없다
ok 3370 - 성향·이력 카드는 백엔드가 준 값만 행으로 만든다 — 없는 값은 행이 없다
  ---
  duration_ms: 0.3531
  ...
# Subtest: 학습된 관심 대상이 오면 Paper 라벨 그대로 한 행이 된다 — 중복은 접는다
ok 3371 - 학습된 관심 대상이 오면 Paper 라벨 그대로 한 행이 된다 — 중복은 접는다
  ---
  duration_ms: 0.1768
  ...
# Subtest: 노출 설정이 오면 Paper 32 「성향 반영」 행이 사실대로 선다
ok 3372 - 노출 설정이 오면 Paper 32 「성향 반영」 행이 사실대로 선다
  ---
  duration_ms: 0.146
  ...
# Subtest: 보관 건수가 오면 「보관 중」 행이 선다 — 용량·보존 기간은 출처가 없어 안 그린다
ok 3373 - 보관 건수가 오면 「보관 중」 행이 선다 — 용량·보존 기간은 출처가 없어 안 그린다
  ---
  duration_ms: 0.1342
  ...
# Subtest: 건수를 못 읽으면 「보관 중」 행 자체가 없다 — 0건이라고 말하지 않는다
ok 3374 - 건수를 못 읽으면 「보관 중」 행 자체가 없다 — 0건이라고 말하지 않는다
  ---
  duration_ms: 0.1495
  ...
# Subtest: 열리지 않는 것 제목은 토큰 색을 쓴다 — 다크 잔재 하드코딩이 없다
ok 3375 - 열리지 않는 것 제목은 토큰 색을 쓴다 — 다크 잔재 하드코딩이 없다
  ---
  duration_ms: 2.2214
  ...
# Subtest: settings-cards.css 어디에도 \#F2F4F8 하드코딩이 없다
ok 3376 - settings-cards.css 어디에도 \#F2F4F8 하드코딩이 없다
  ---
  duration_ms: 0.8311
  ...
# Subtest: 확인 중에는 입력 셋이 잠기고 버튼 라벨이 확인 중…이다
ok 3377 - 확인 중에는 입력 셋이 잠기고 버튼 라벨이 확인 중…이다
  ---
  duration_ms: 0.331
  ...
# Subtest: 등록 시트는 검증 IPC 대기 중 Paper의 상태 줄과 설명 줄을 별도로 표시한다
ok 3378 - 등록 시트는 검증 IPC 대기 중 Paper의 상태 줄과 설명 줄을 별도로 표시한다
  ---
  duration_ms: 4.3768
  ...
# Subtest: 확인 중 시트를 취소하면 실제 입력을 비우고 시트를 닫는다
ok 3379 - 확인 중 시트를 취소하면 실제 입력을 비우고 시트를 닫는다
  ---
  duration_ms: 0.8043
  ...
# Subtest: 등록 시트의 저장 완료는 실제 입력을 비우고 시트를 닫는다
ok 3380 - 등록 시트의 저장 완료는 실제 입력을 비우고 시트를 닫는다
  ---
  duration_ms: 0.9011
  ...
# Subtest: 인증 실패는 입력을 비우지 않는다 — 다시 검증이 가능하다
ok 3381 - 인증 실패는 입력을 비우지 않는다 — 다시 검증이 가능하다
  ---
  duration_ms: 0.0888
  ...
# Subtest: 실패 코드가 auth면 SECRET KEY에 오류 테두리가 붙는다
ok 3382 - 실패 코드가 auth면 SECRET KEY에 오류 테두리가 붙는다
  ---
  duration_ms: 0.0787
  ...
# Subtest: 검증 성공은 시트를 닫지 않고 확인 완료 상태로 간다
ok 3383 - 검증 성공은 시트를 닫지 않고 확인 완료 상태로 간다
  ---
  duration_ms: 0.0957
  ...
# Subtest: 계좌 저장을 눌러야 시트가 닫히고 그때 입력을 비운다
ok 3384 - 계좌 저장을 눌러야 시트가 닫히고 그때 입력을 비운다
  ---
  duration_ms: 0.0666
  ...
# Subtest: 취소는 어느 상태에서든 시트를 닫고 값을 비운다
ok 3385 - 취소는 어느 상태에서든 시트를 닫고 값을 비운다
  ---
  duration_ms: 0.078
  ...
# Subtest: 저장 실패는 시트를 닫지 않고 다시 검증으로 되돌린다 — 값은 남는다
ok 3386 - 저장 실패는 시트를 닫지 않고 다시 검증으로 되돌린다 — 값은 남는다
  ---
  duration_ms: 0.0629
  ...
# Subtest: 여는 상태 문구에 내부용어가 없다
ok 3387 - 여는 상태 문구에 내부용어가 없다
  ---
  duration_ms: 0.0534
  ...
# Subtest: 검증은 verifyOnly로, 저장은 그 없이 같은 채널을 부른다
ok 3388 - 검증은 verifyOnly로, 저장은 그 없이 같은 채널을 부른다
  ---
  duration_ms: 1.2168
  ...
# Subtest: 입력을 비우는 곳은 applyState 하나뿐이다 — 닫히는 길은 전부 거기를 지난다
ok 3389 - 입력을 비우는 곳은 applyState 하나뿐이다 — 닫히는 길은 전부 거기를 지난다
  ---
  duration_ms: 1.3454
  ...
# Subtest: 설정 토글 행의 수동 하단 설명과 무의미한 창 배치 행이 없다
ok 3390 - 설정 토글 행의 수동 하단 설명과 무의미한 창 배치 행이 없다
  ---
  duration_ms: 2.365
  ...
# Subtest: 설명문이 사라진 토글과 배율 컨트롤은 접근 가능한 이름을 가진다
ok 3391 - 설명문이 사라진 토글과 배율 컨트롤은 접근 가능한 이름을 가진다
  ---
  duration_ms: 0.4702
  ...
# Subtest: UI 배율은 설정 버튼만 쓰고 shell 렌더러 단축키를 되살리지 않는다
ok 3392 - UI 배율은 설정 버튼만 쓰고 shell 렌더러 단축키를 되살리지 않는다
  ---
  duration_ms: 0.2859
  ...
# Subtest: 보유잔고 조회 주기는 토글 옆 기능 그룹이며 컨트롤 이름이 있다
ok 3393 - 보유잔고 조회 주기는 토글 옆 기능 그룹이며 컨트롤 이름이 있다
  ---
  duration_ms: 0.2114
  ...
# Subtest: 설정 4번째 카드는 Paper 32 성향·이력이다 — 수집 토글은 그래프 패널이 소유한다
ok 3394 - 설정 4번째 카드는 Paper 32 성향·이력이다 — 수집 토글은 그래프 패널이 소유한다
  ---
  duration_ms: 0.6547
  ...
# Subtest: 전체 삭제 성공 뒤에는 카드가 성향·이력 구역을 다시 읽는다
ok 3395 - 전체 삭제 성공 뒤에는 카드가 성향·이력 구역을 다시 읽는다
  ---
  duration_ms: 0.4041
  ...
# Subtest: 보관 건수·내보내기·전체 삭제가 같은 저장소를 본다
ok 3396 - 보관 건수·내보내기·전체 삭제가 같은 저장소를 본다
  ---
  duration_ms: 0.4928
  ...
# Subtest: 이력 내보내기는 상한을 명시하고 담은 양을 카드가 말한다
ok 3397 - 이력 내보내기는 상한을 명시하고 담은 양을 카드가 말한다
  ---
  duration_ms: 1.4708
  ...
# Subtest: 성향·이력 카드는 보드의 목업 수치를 하드코딩하지 않는다
ok 3398 - 성향·이력 카드는 보드의 목업 수치를 하드코딩하지 않는다
  ---
  duration_ms: 0.6262
  ...
# Subtest: \#settingsGrid만 전체 높이를 채우고 카드 본문만 세로 스크롤한다
ok 3399 - \#settingsGrid만 전체 높이를 채우고 카드 본문만 세로 스크롤한다
  ---
  duration_ms: 3.0242
  ...
# Subtest: 설정 4번째 네비 라벨은 Paper 13 성향・이력이다
ok 3400 - 설정 4번째 네비 라벨은 Paper 13 성향・이력이다
  ---
  duration_ms: 1.3842
  ...
# Subtest: 설정을 열면 셸이 온보딩과 다른 전용 클래스로 숨는다
ok 3401 - 설정을 열면 셸이 온보딩과 다른 전용 클래스로 숨는다
  ---
  duration_ms: 3.924
  ...
# Subtest: 설정 nav는 Paper AJ-0의 흰 패널과 어두운 선택 틴트다 — 다크 잔재가 아니다
ok 3402 - 설정 nav는 Paper AJ-0의 흰 패널과 어두운 선택 틴트다 — 다크 잔재가 아니다
  ---
  duration_ms: 1.1652
  ...
# Subtest: 모드 클릭은 목록을 거르지 않는다 — renderList에 현재 모드 필터가 없다
ok 3403 - 모드 클릭은 목록을 거르지 않는다 — renderList에 현재 모드 필터가 없다
  ---
  duration_ms: 1.4757
  ...
# Subtest: 대화 행마다 모드 아이콘 슬롯이 제목 앞에 선다
ok 3404 - 대화 행마다 모드 아이콘 슬롯이 제목 앞에 선다
  ---
  duration_ms: 0.3712
  ...
# Subtest: 복원은 조용하다 — 채팅에 복원 배너가 없다
ok 3405 - 복원은 조용하다 — 채팅에 복원 배너가 없다
  ---
  duration_ms: 1.006
  ...
# Subtest: 프로젝트 설명 카드는 버튼 밖에 살고, 프로젝트 수정은 진짜 버튼이다
ok 3406 - 프로젝트 설명 카드는 버튼 밖에 살고, 프로젝트 수정은 진짜 버튼이다
  ---
  duration_ms: 0.3526
  ...
# Subtest: 계정 메뉴의 「계좌 전환」은 설정이 아니라 계좌 전환 화면(Paper 1M3-0)을 연다
ok 3407 - 계정 메뉴의 「계좌 전환」은 설정이 아니라 계좌 전환 화면(Paper 1M3-0)을 연다
  ---
  duration_ms: 0.3808
  ...
# Subtest: 계좌 전환 화면은 embedded가 아니고 온보딩 3 / 3 호출자는 그대로 embedded다
ok 3408 - 계좌 전환 화면은 embedded가 아니고 온보딩 3 / 3 호출자는 그대로 embedded다
  ---
  duration_ms: 0.7094
  ...
# Subtest: 검색 빈 결과판은 Paper 34의 세 조각을 그린다 — 안내문과 새 대화 문이 있다
ok 3409 - 검색 빈 결과판은 Paper 34의 세 조각을 그린다 — 안내문과 새 대화 문이 있다
  ---
  duration_ms: 0.4149
  ...
# Subtest: 새 대화 요청 전에 앞 세션의 지연 작업공간을 흘린다
ok 3410 - 새 대화 요청 전에 앞 세션의 지연 작업공간을 흘린다
  ---
  duration_ms: 3.021
  ...
# Subtest: 처음에는 아무 항목도 건드리지 않는다(정적 마크업의 기본 active를 덮어쓰지 않는다)
ok 3411 - 처음에는 아무 항목도 건드리지 않는다(정적 마크업의 기본 active를 덮어쓰지 않는다)
  ---
  duration_ms: 2.4466
  ...
# Subtest: 항목을 클릭하면 그 항목만 active가 되고 onSelect가 그 키로 불린다
ok 3412 - 항목을 클릭하면 그 항목만 active가 되고 onSelect가 그 키로 불린다
  ---
  duration_ms: 2.0208
  ...
# Subtest: 다른 항목을 클릭하면 이전 active가 꺼지고 새 항목만 켜진다
ok 3413 - 다른 항목을 클릭하면 이전 active가 꺼지고 새 항목만 켜진다
  ---
  duration_ms: 0.4692
  ...
# Subtest: setActive()를 직접 불러도 클릭과 같은 결과를 낸다(외부에서 상태를 맞출 때)
ok 3414 - setActive()를 직접 불러도 클릭과 같은 결과를 낸다(외부에서 상태를 맞출 때)
  ---
  duration_ms: 0.2595
  ...
# Subtest: items가 비어 있어도 터지지 않는다
ok 3415 - items가 비어 있어도 터지지 않는다
  ---
  duration_ms: 0.4735
  ...
# Subtest: deps 자체가 없어도 터지지 않는다
ok 3416 - deps 자체가 없어도 터지지 않는다
  ---
  duration_ms: 0.2342
  ...
# Subtest: onSelect가 없어도 클릭이 터지지 않는다(콜백 미주입 방어)
ok 3417 - onSelect가 없어도 클릭이 터지지 않는다(콜백 미주입 방어)
  ---
  duration_ms: 0.3236
  ...
# Subtest: addEventListener가 없는 항목(비-DOM 값)이 섞여도 나머지는 정상 배선된다
ok 3418 - addEventListener가 없는 항목(비-DOM 값)이 섞여도 나머지는 정상 배선된다
  ---
  duration_ms: 0.2582
  ...
# Subtest: 배지: 2개 미확인 → "2" 표시, 1개 읽음 처리 후 → "1" 표시
ok 3419 - 배지: 2개 미확인 → "2" 표시, 1개 읽음 처리 후 → "1" 표시
  ---
  duration_ms: 0.5422
  ...
# Subtest: 배지: 0이면 숨긴다(없는 미확인을 있다고 표시하지 않는다)
ok 3420 - 배지: 0이면 숨긴다(없는 미확인을 있다고 표시하지 않는다)
  ---
  duration_ms: 0.4908
  ...
# Subtest: 배지: 음수·NaN·미지정은 0으로 취급한다
ok 3421 - 배지: 음수·NaN·미지정은 0으로 취급한다
  ---
  duration_ms: 0.2529
  ...
# Subtest: 배지: 소수는 내림한다
ok 3422 - 배지: 소수는 내림한다
  ---
  duration_ms: 0.1624
  ...
# Subtest: 배지: badge 엘리먼트가 주입되지 않아도 터지지 않는다
ok 3423 - 배지: badge 엘리먼트가 주입되지 않아도 터지지 않는다
  ---
  duration_ms: 0.1375
  ...
# Subtest: 카운트: 양수면 숫자를 표시한다
ok 3424 - 카운트: 양수면 숫자를 표시한다
  ---
  duration_ms: 0.2633
  ...
# Subtest: 카운트: 0이거나 빠진 키는 그 자리를 숨긴다(없는 이력을 있다고 그리지 않는다)
ok 3425 - 카운트: 0이거나 빠진 키는 그 자리를 숨긴다(없는 이력을 있다고 그리지 않는다)
  ---
  duration_ms: 0.1642
  ...
# Subtest: 카운트: 음수·NaN·비-숫자는 0으로 취급하고 소수는 내림한다
ok 3426 - 카운트: 음수·NaN·비-숫자는 0으로 취급하고 소수는 내림한다
  ---
  duration_ms: 0.1696
  ...
# Subtest: 카운트: 모르는 키는 무시한다(그릴 자리가 없다)
ok 3427 - 카운트: 모르는 키는 무시한다(그릴 자리가 없다)
  ---
  duration_ms: 0.1445
  ...
# Subtest: 카운트: counts 맵이 없거나 인자가 없어도 터지지 않는다
ok 3428 - 카운트: counts 맵이 없거나 인자가 없어도 터지지 않는다
  ---
  duration_ms: 0.152
  ...
# Subtest: 실행중: true면 has-running 클래스와 aria-busy를 켜고, false면 끈다
ok 3429 - 실행중: true면 has-running 클래스와 aria-busy를 켜고, false면 끈다
  ---
  duration_ms: 0.2686
  ...
# Subtest: 실행중: 두 번 켜도 클래스가 겹쳐 붙지 않는다
ok 3430 - 실행중: 두 번 켜도 클래스가 겹쳐 붙지 않는다
  ---
  duration_ms: 0.2165
  ...
# Subtest: 실행중: 이미 active인 항목은 is-active를 잃지 않는다
ok 3431 - 실행중: 이미 active인 항목은 is-active를 잃지 않는다
  ---
  duration_ms: 0.1463
  ...
# Subtest: 실행중: 모르는 키는 무시하고, 인자가 없으면 전부 끈다
ok 3432 - 실행중: 모르는 키는 무시하고, 인자가 없으면 전부 끈다
  ---
  duration_ms: 0.2556
  ...
# Subtest: 실행중: 비-DOM 값이 섞여도 나머지는 정상 처리된다
ok 3433 - 실행중: 비-DOM 값이 섞여도 나머지는 정상 처리된다
  ---
  duration_ms: 0.1758
  ...
# Subtest: 기존 setActive는 그대로다: setCounts/setRunning을 배선해도 active 전환이 불변
ok 3434 - 기존 setActive는 그대로다: setCounts/setRunning을 배선해도 active 전환이 불변
  ---
  duration_ms: 0.1503
  ...
# Subtest: 실행중: 다른 모드를 눌러도(setActive) 도는 스피너 클래스는 살아남는다
ok 3435 - 실행중: 다른 모드를 눌러도(setActive) 도는 스피너 클래스는 살아남는다
  ---
  duration_ms: 0.144
  ...
# Subtest: ⋯ 는 셋뿐이다 — 편집·작업 트리·보관은 없다(37번 보드)
ok 3436 - ⋯ 는 셋뿐이다 — 편집·작업 트리·보관은 없다(37번 보드)
  ---
  duration_ms: 2.2757
  ...
# Subtest: 이미 고정된 프로젝트는 해제로 뒤집힌다
ok 3437 - 이미 고정된 프로젝트는 해제로 뒤집힌다
  ---
  duration_ms: 0.1755
  ...
# Subtest: 폴더가 없으면 탐색기 열기가 이유와 함께 잠긴다
ok 3438 - 폴더가 없으면 탐색기 열기가 이유와 함께 잠긴다
  ---
  duration_ms: 0.1346
  ...
# Subtest: 기본 프로젝트는 제거가 이유와 함께 잠긴다
ok 3439 - 기본 프로젝트는 제거가 이유와 함께 잠긴다
  ---
  duration_ms: 0.1407
  ...
# Subtest: project가 비어도 셋을 그대로 낸다 — 렌더가 멈추지 않는다
ok 3440 - project가 비어도 셋을 그대로 낸다 — 렌더가 멈추지 않는다
  ---
  duration_ms: 0.1918
  ...
# Subtest: 모드 선택은 다섯이고 순서와 view 매핑이 고정이다
ok 3441 - 모드 선택은 다섯이고 순서와 view 매핑이 고정이다
  ---
  duration_ms: 0.2624
  ...
# Subtest: modeChoices는 매번 새 객체를 준다 — 호출자가 원본을 못 바꾼다
ok 3442 - modeChoices는 매번 새 객체를 준다 — 호출자가 원본을 못 바꾼다
  ---
  duration_ms: 1.0302
  ...
# Subtest: 이름이 정확히 같을 때만 영구 삭제가 열린다
ok 3443 - 이름이 정확히 같을 때만 영구 삭제가 열린다
  ---
  duration_ms: 0.3421
  ...
# Subtest: 열리지 않을 때는 무엇을 쳐야 하는지 한 줄로 말한다
ok 3444 - 열리지 않을 때는 무엇을 쳐야 하는지 한 줄로 말한다
  ---
  duration_ms: 0.4739
  ...
# Subtest: label이 없는 레코드는 어떤 입력으로도 열리지 않는다
ok 3445 - label이 없는 레코드는 어떤 입력으로도 열리지 않는다
  ---
  duration_ms: 0.5118
  ...
# Subtest: 그룹 머리는 Paper 문구와 건수 형식을 지킨다
ok 3446 - 그룹 머리는 Paper 문구와 건수 형식을 지킨다
  ---
  duration_ms: 1.8649
  ...
# Subtest: 결과가 없는 그룹은 만들지 않는다 — 0건을 지어내지 않는다
ok 3447 - 결과가 없는 그룹은 만들지 않는다 — 0건을 지어내지 않는다
  ---
  duration_ms: 1.6077
  ...
# Subtest: 총 건수는 모든 그룹 행 수의 합이다
ok 3448 - 총 건수는 모든 그룹 행 수의 합이다
  ---
  duration_ms: 0.3026
  ...
# Subtest: 상대시각은 오늘 HH:MM · 어제 · 이 대화 세 형태를 쓴다
ok 3449 - 상대시각은 오늘 HH:MM · 어제 · 이 대화 세 형태를 쓴다
  ---
  duration_ms: 0.4544
  ...
# Subtest: 키보드 안내 문구는 Paper 원문 고정이다
ok 3450 - 키보드 안내 문구는 Paper 원문 고정이다
  ---
  duration_ms: 0.1858
  ...
# Subtest: 검색은 대소문자를 가리지 않고 행에 대화 id를 남긴다
ok 3451 - 검색은 대소문자를 가리지 않고 행에 대화 id를 남긴다
  ---
  duration_ms: 0.199
  ...
# Subtest: 조건(a) — 캔버스 결과 도착은 즉시, 다른 신호 없이도 방출한다
ok 3452 - 조건(a) — 캔버스 결과 도착은 즉시, 다른 신호 없이도 방출한다
  ---
  duration_ms: 1.9398
  ...
# Subtest: 방출은 정확히 한 번만 — 캔버스 결과가 여러 장 와도 onRelease는 한 번
ok 3453 - 방출은 정확히 한 번만 — 캔버스 결과가 여러 장 와도 onRelease는 한 번
  ---
  duration_ms: 0.2254
  ...
# Subtest: 조건(b) — 전부 종결되면 조용해짐 유예가 걸리고, 유예 시간이 다 돼야 방출한다
ok 3454 - 조건(b) — 전부 종결되면 조용해짐 유예가 걸리고, 유예 시간이 다 돼야 방출한다
  ---
  duration_ms: 0.7087
  ...
# Subtest: 회귀 — 단계 사이 침묵을 종결로 오판해 너무 일찍 풀리지 않는다(하나라도 진행 중이면 유예를 취소한다)
ok 3455 - 회귀 — 단계 사이 침묵을 종결로 오판해 너무 일찍 풀리지 않는다(하나라도 진행 중이면 유예를 취소한다)
  ---
  duration_ms: 0.4465
  ...
# Subtest: render_canvas가 한 번이라도 보이면 (b)는 절대 방출하지 않는다 — (a)만 기다린다
ok 3456 - render_canvas가 한 번이라도 보이면 (b)는 절대 방출하지 않는다 — (a)만 기다린다
  ---
  duration_ms: 0.4677
  ...
# Subtest: 조건(c) — 첫 조각 이후 유예 시간 안에 툴 활동이 전혀 없으면 방출한다
ok 3457 - 조건(c) — 첫 조각 이후 유예 시간 안에 툴 활동이 전혀 없으면 방출한다
  ---
  duration_ms: 0.3805
  ...
# Subtest: 조건(c) — 유예 타이머는 첫 조각에서만 켠다(두 번째 조각은 새 타이머를 안 만든다)
ok 3458 - 조건(c) — 유예 타이머는 첫 조각에서만 켠다(두 번째 조각은 새 타이머를 안 만든다)
  ---
  duration_ms: 0.2016
  ...
# Subtest: 조건(c)는 유예 시간 안에 툴 활동이 시작되면 적용되지 않는다(그 활동을 계속 기다린다)
ok 3459 - 조건(c)는 유예 시간 안에 툴 활동이 시작되면 적용되지 않는다(그 활동을 계속 기다린다)
  ---
  duration_ms: 0.3098
  ...
# Subtest: dispose() — 방출 전에 부르면 (c)/(b) 유예 타이머를 전부 지운다(누수 방지, 방출은 안 한다)
ok 3460 - dispose() — 방출 전에 부르면 (c)/(b) 유예 타이머를 전부 지운다(누수 방지, 방출은 안 한다)
  ---
  duration_ms: 0.609
  ...
# Subtest: onRelease 콜백이 없으면 생성 시점에 거부한다(조용히 no-op하지 않는다)
ok 3461 - onRelease 콜백이 없으면 생성 시점에 거부한다(조용히 no-op하지 않는다)
  ---
  duration_ms: 0.8138
  ...
# Subtest: onToolStep — id 없는 이벤트는 무시한다(그리지 않는다는 chat.js의 기존 관례와 같다)
ok 3462 - onToolStep — id 없는 이벤트는 무시한다(그리지 않는다는 chat.js의 기존 관례와 같다)
  ---
  duration_ms: 0.5209
  ...
# Subtest: 방출된 뒤에는 어떤 이벤트도 재방출을 안 일으킨다
ok 3463 - 방출된 뒤에는 어떤 이벤트도 재방출을 안 일으킨다
  ---
  duration_ms: 0.2793
  ...
# Subtest: 시작 단계 — done:false, timeText 빈 문자열
ok 3464 - 시작 단계 — done:false, timeText 빈 문자열
  ---
  duration_ms: 2.8692
  ...
# Subtest: 완료 단계 — 초 단위 소요시간 문자열
ok 3465 - 완료 단계 — 초 단위 소요시간 문자열
  ---
  duration_ms: 0.2172
  ...
# Subtest: 완료인데 elapsedMs가 숫자가 아니면 — 대시 하나
ok 3466 - 완료인데 elapsedMs가 숫자가 아니면 — 대시 하나
  ---
  duration_ms: 0.1383
  ...
# Subtest: 라벨 없는 이벤트 — 기본 라벨 "처리 중"
ok 3467 - 라벨 없는 이벤트 — 기본 라벨 "처리 중"
  ---
  duration_ms: 0.136
  ...
# Subtest: id 없는 이벤트 — null(그리지 않는다)
ok 3468 - id 없는 이벤트 — null(그리지 않는다)
  ---
  duration_ms: 0.2476
  ...
# Subtest: 같은 id 재호출 — 진행 중에서 완료로 갱신된다
ok 3469 - 같은 id 재호출 — 진행 중에서 완료로 갱신된다
  ---
  duration_ms: 0.9302
  ...
# Subtest: 실패 완료 — label에 "실패"가 붙고 error:true
ok 3470 - 실패 완료 — label에 "실패"가 붙고 error:true
  ---
  duration_ms: 0.3346
  ...
# Subtest: error 필드 없는 이벤트 — error:false 기본값(옵셔널 필드)
ok 3471 - error 필드 없는 이벤트 — error:false 기본값(옵셔널 필드)
  ---
  duration_ms: 0.2343
  ...
# Subtest: 같은 id 재호출 — 진행 중에서 실패로 갱신된다
ok 3472 - 같은 id 재호출 — 진행 중에서 실패로 갱신된다
  ---
  duration_ms: 0.5463
  ...
# Subtest: retrying — 서버 연결 대기는 실패로 쓰지 않는다
ok 3473 - retrying — 서버 연결 대기는 실패로 쓰지 않는다
  ---
  duration_ms: 0.6833
  ...
# Subtest: retrying — 진짜 실패는 여전히 실패다(대기가 실패를 덮지 않는다)
ok 3474 - retrying — 진짜 실패는 여전히 실패다(대기가 실패를 덮지 않는다)
  ---
  duration_ms: 0.3213
  ...
# Subtest: 부제(Paper 보드 10) — 보낸 것만 그대로 실리고, 안 보내면 빈 문자열이다
ok 3475 - 부제(Paper 보드 10) — 보낸 것만 그대로 실리고, 안 보내면 빈 문자열이다
  ---
  duration_ms: 0.1866
  ...
# Subtest: checkCardModel(통과): 보드 10 문구 — 배지·제목·노드 줄·오늘 고지
ok 3476 - checkCardModel(통과): 보드 10 문구 — 배지·제목·노드 줄·오늘 고지
  ---
  duration_ms: 2.5336
  ...
# Subtest: checkCardModel(통과): 칩 2개 — 승인·고치기 모두 누를 수 있다
ok 3477 - checkCardModel(통과): 칩 2개 — 승인·고치기 모두 누를 수 있다
  ---
  duration_ms: 0.281
  ...
# Subtest: checkCardModel(실패): 사유를 싣고 승인 칩은 내지 않는다
ok 3478 - checkCardModel(실패): 사유를 싣고 승인 칩은 내지 않는다
  ---
  duration_ms: 0.1945
  ...
# Subtest: checkCardModel(실패): reason이 비면 진단 제목으로 대체
ok 3479 - checkCardModel(실패): reason이 비면 진단 제목으로 대체
  ---
  duration_ms: 0.2195
  ...
# Subtest: checkCardModel: 0번·last_fire 없음이면 마지막 날짜 칸을 붙이지 않는다
ok 3480 - checkCardModel: 0번·last_fire 없음이면 마지막 날짜 칸을 붙이지 않는다
  ---
  duration_ms: 0.1366
  ...
# Subtest: checkCardModel: lookback_days 없으면 30일, last_fire 없으면 fires 마지막을 쓴다
ok 3481 - checkCardModel: lookback_days 없으면 30일, last_fire 없으면 fires 마지막을 쓴다
  ---
  duration_ms: 0.1312
  ...
# Subtest: shortDate: 2026-08-26 → 8/26, 파싱 실패는 원문
ok 3482 - shortDate: 2026-08-26 → 8/26, 파싱 실패는 원문
  ---
  duration_ms: 1.2186
  ...
# Subtest: nodeSummary: 한국어 제목이 없으면 영어 함수명으로 대체
ok 3483 - nodeSummary: 한국어 제목이 없으면 영어 함수명으로 대체
  ---
  duration_ms: 0.2687
  ...
# Subtest: A-9 문자열 린트: 서술형 종결·내부 용어 없음
ok 3484 - A-9 문자열 린트: 서술형 종결·내부 용어 없음
  ---
  duration_ms: 1.1126
  ...
# Subtest: 고친 적 없으면 모델이 없다
ok 3485 - 고친 적 없으면 모델이 없다
  ---
  duration_ms: 1.4291
  ...
# Subtest: 재검사 머리는 센 구간과 걸린 시간을 말한다
ok 3486 - 재검사 머리는 센 구간과 걸린 시간을 말한다
  ---
  duration_ms: 0.9597
  ...
# Subtest: 센 값이 없으면 그 줄을 지어내지 않는다
ok 3487 - 센 값이 없으면 그 줄을 지어내지 않는다
  ---
  duration_ms: 0.9926
  ...
# Subtest: 점 띠는 센 구간만큼이고 마지막 칸이 마지막으로 센 날이다
ok 3488 - 점 띠는 센 구간만큼이고 마지막 칸이 마지막으로 센 날이다
  ---
  duration_ms: 1.4085
  ...
# Subtest: 띠는 검사 시각이 아니라 센 마지막 날로 창을 잡는다
ok 3489 - 띠는 검사 시각이 아니라 센 마지막 날로 창을 잡는다
  ---
  duration_ms: 0.4207
  ...
# Subtest: 고치기 전에만 울린 날이 회색이고 지금도 울리는 날은 표시다
ok 3490 - 고치기 전에만 울린 날이 회색이고 지금도 울리는 날은 표시다
  ---
  duration_ms: 0.3104
  ...
# Subtest: 회색 칸 수는 세어 본 값이다
ok 3491 - 회색 칸 수는 세어 본 값이다
  ---
  duration_ms: 0.422
  ...
# Subtest: 영수증은 바뀐 칸을 번호로 세고 마지막에 판정을 붙인다
ok 3492 - 영수증은 바뀐 칸을 번호로 세고 마지막에 판정을 붙인다
  ---
  duration_ms: 0.4308
  ...
# Subtest: 다시 검사가 안 통과하면 판정 줄도 센 값도 없다
ok 3493 - 다시 검사가 안 통과하면 판정 줄도 센 값도 없다
  ---
  duration_ms: 0.4373
  ...
# Subtest: 바뀐 칸이 없으면 판정 줄도 없다
ok 3494 - 바뀐 칸이 없으면 판정 줄도 없다
  ---
  duration_ms: 0.5657
  ...
# Subtest: 지난 고침이 없으면 그 문이 안 선다
ok 3495 - 지난 고침이 없으면 그 문이 안 선다
  ---
  duration_ms: 0.4896
  ...
# Subtest: 되돌릴 수 없다고 온 봉투는 문을 안 연다
ok 3496 - 되돌릴 수 없다고 온 봉투는 문을 안 연다
  ---
  duration_ms: 0.2108
  ...
# Subtest: 순환 띠 문구는 봉투와 무관하게 늘 같다
ok 3497 - 순환 띠 문구는 봉투와 무관하게 늘 같다
  ---
  duration_ms: 0.1624
  ...
# Subtest: 걸린 시간이 0.5초 미만이면 초를 말하지 않는다
ok 3498 - 걸린 시간이 0.5초 미만이면 초를 말하지 않는다
  ---
  duration_ms: 0.0959
  ...
# Subtest: 지난 고침 목록은 시각과 그때 센 울림만 말한다
ok 3499 - 지난 고침 목록은 시각과 그때 센 울림만 말한다
  ---
  duration_ms: 0.2716
  ...
# Subtest: formatValue: 큰 수는 자릿수를 끊고, 참/거짓은 한국어, 없는 값은 「—」다
ok 3500 - formatValue: 큰 수는 자릿수를 끊고, 참/거짓은 한국어, 없는 값은 「—」다
  ---
  duration_ms: 1.3102
  ...
# Subtest: watchSubLabel: 확인 주기를 모르면 1분으로 적는다(chat.js와 같은 규칙)
ok 3501 - watchSubLabel: 확인 주기를 모르면 1분으로 적는다(chat.js와 같은 규칙)
  ---
  duration_ms: 0.4227
  ...
# Subtest: versionLabel: 해시가 없으면 지어낸 버전 번호를 붙이지 않는다
ok 3502 - versionLabel: 해시가 없으면 지어낸 버전 번호를 붙이지 않는다
  ---
  duration_ms: 0.2475
  ...
# Subtest: nodeCards: 한국어 제목이 없으면 영어 함수명으로 대체한다(B-11의 앱 쪽 짝)
ok 3503 - nodeCards: 한국어 제목이 없으면 영어 함수명으로 대체한다(B-11의 앱 쪽 짝)
  ---
  duration_ms: 1.1658
  ...
# Subtest: checkSummary: 검사를 안 돌렸으면 0번이라고 단정하지 않는다
ok 3504 - checkSummary: 검사를 안 돌렸으면 0번이라고 단정하지 않는다
  ---
  duration_ms: 0.4678
  ...
# Subtest: dayLabel·clockLabel: 못 읽는 값은 지어내지 않고 빈 문자열로 남긴다
ok 3505 - dayLabel·clockLabel: 못 읽는 값은 지어내지 않고 빈 문자열로 남긴다
  ---
  duration_ms: 1.2467
  ...
# Subtest: cooldownLabel: 나누어떨어지는 가장 큰 한국어 단위로 적는다(보드 12 「쿨다운 1일」)
ok 3506 - cooldownLabel: 나누어떨어지는 가장 큰 한국어 단위로 적는다(보드 12 「쿨다운 1일」)
  ---
  duration_ms: 0.3831
  ...
# Subtest: 검사 카드와 도는 중 카드가 같은 진행 패널을 쓴다 — 문법이 둘로 갈리지 않는다
ok 3507 - 검사 카드와 도는 중 카드가 같은 진행 패널을 쓴다 — 문법이 둘로 갈리지 않는다
  ---
  duration_ms: 1.3689
  ...
# Subtest: 격리 실행 고지 문구는 순수 모델에만 산다 — chat.js가 따로 적지 않는다
ok 3508 - 격리 실행 고지 문구는 순수 모델에만 산다 — chat.js가 따로 적지 않는다
  ---
  duration_ms: 0.4618
  ...
# Subtest: shell.html이 진행 패널 모델을 싣는다
ok 3509 - shell.html이 진행 패널 모델을 싣는다
  ---
  duration_ms: 0.1941
  ...
# Subtest: 진행 5줄의 마크는 ✓ ◐ ○ 세 종류뿐이다
ok 3510 - 진행 5줄의 마크는 ✓ ◐ ○ 세 종류뿐이다
  ---
  duration_ms: 2.263
  ...
# Subtest: 격리 실행 고지는 상수라 백엔드 응답 없이도 나온다
ok 3511 - 격리 실행 고지는 상수라 백엔드 응답 없이도 나온다
  ---
  duration_ms: 0.3176
  ...
# Subtest: 입력 확인 줄은 실값이 없으면 그리지 않는다 — 지어내지 않는다
ok 3512 - 입력 확인 줄은 실값이 없으면 그리지 않는다 — 지어내지 않는다
  ---
  duration_ms: 0.4877
  ...
# Subtest: 걸린 시간은 한국어 단위로 적고 없으면 적지 않는다
ok 3513 - 걸린 시간은 한국어 단위로 적고 없으면 적지 않는다
  ---
  duration_ms: 0.233
  ...
# Subtest: 코드가 못 돌면 검사 1/3부터 아직으로 남는다 — 통과한 척하지 않는다
ok 3514 - 코드가 못 돌면 검사 1/3부터 아직으로 남는다 — 통과한 척하지 않는다
  ---
  duration_ms: 0.4928
  ...
# Subtest: 실패에 error가 없어도 검사 1/3은 아직이다 — 완성 일봉 없음·통로 막힘
ok 3515 - 실패에 error가 없어도 검사 1/3은 아직이다 — 완성 일봉 없음·통로 막힘
  ---
  duration_ms: 0.2476
  ...
# Subtest: LIFE-002: WCO geometry uses the native titlebar safe area and excludes OS controls
ok 3516 - LIFE-002: WCO geometry uses the native titlebar safe area and excludes OS controls
  ---
  duration_ms: 4.0955
  ...
# Subtest: LIFE-002: maximize glyph and accessible labels follow authoritative OS state
ok 3517 - LIFE-002: maximize glyph and accessible labels follow authoritative OS state
  ---
  duration_ms: 1.2394
  ...
# Subtest: LIFE-002: minimize and maximize buttons only request native window actions
ok 3518 - LIFE-002: minimize and maximize buttons only request native window actions
  ---
  duration_ms: 1.9982
  ...
# Subtest: LIFE-002: renderer no longer infers maximize from screen geometry
ok 3519 - LIFE-002: renderer no longer infers maximize from screen geometry
  ---
  duration_ms: 0.6655
  ...
# Subtest: LIFE-002: WCO leaves caption double-click to Windows and preserves the drag area
ok 3520 - LIFE-002: WCO leaves caption double-click to Windows and preserves the drag area
  ---
  duration_ms: 5.4469
  ...
1..3520
# tests 3520
# suites 0
# pass 3520
# fail 0
# cancelled 0
# skipped 0
# todo 0
# duration_ms 22341.7911
